-- --------------------------------------------------------
-- Host:                         127.0.0.1
-- Versión del servidor:         10.1.30-MariaDB - mariadb.org binary distribution
-- SO del servidor:              Win32
-- HeidiSQL Versión:             10.2.0.5693
-- --------------------------------------------------------

/*!40101 SET @OLD_CHARACTER_SET_CLIENT=@@CHARACTER_SET_CLIENT */;
/*!40101 SET NAMES utf8 */;
/*!40014 SET @OLD_FOREIGN_KEY_CHECKS=@@FOREIGN_KEY_CHECKS, FOREIGN_KEY_CHECKS=0 */;
/*!40101 SET @OLD_SQL_MODE=@@SQL_MODE, SQL_MODE='NO_AUTO_VALUE_ON_ZERO' */;

-- Volcando estructura para tabla pyaeve.contribuyente
CREATE TABLE IF NOT EXISTS `contribuyente` (
  `id` int(11) NOT NULL AUTO_INCREMENT,
  `regimen` varchar(50) NOT NULL DEFAULT 'ALL',
  `empresa_id` int(11) NOT NULL DEFAULT '0',
  `cliente` int(1) NOT NULL DEFAULT '0',
  `exportador` int(1) NOT NULL DEFAULT '0',
  `tipo_contribuyente` int(11) DEFAULT NULL,
  `desc` varchar(255) DEFAULT NULL,
  `ciudad` varchar(45) DEFAULT NULL,
  `direccion` varchar(45) DEFAULT NULL,
  `barrio` varchar(45) DEFAULT NULL,
  `cel` varchar(45) DEFAULT NULL,
  `email` varchar(45) DEFAULT NULL,
  `tipo_doc_id` varchar(45) DEFAULT NULL,
  `tipo_doc_id_codigo` varchar(225) DEFAULT NULL,
  `timbrado_codigo` varchar(255) DEFAULT NULL,
  `timbrado_inicio` date DEFAULT NULL,
  `timbrado_fin` date DEFAULT NULL,
  PRIMARY KEY (`id`)
) ENGINE=InnoDB AUTO_INCREMENT=2057 DEFAULT CHARSET=utf8;

-- Volcando datos para la tabla pyaeve.contribuyente: ~1.967 rows (aproximadamente)
/*!40000 ALTER TABLE `contribuyente` DISABLE KEYS */;
INSERT INTO `contribuyente` (`id`, `regimen`, `empresa_id`, `cliente`, `exportador`, `tipo_contribuyente`, `desc`, `ciudad`, `direccion`, `barrio`, `cel`, `email`, `tipo_doc_id`, `tipo_doc_id_codigo`, `timbrado_codigo`, `timbrado_inicio`, `timbrado_fin`) VALUES
	(1, 'IRE', 1, 0, 0, 2, 'MINISTERIO DEL INTERIOR', NULL, NULL, NULL, NULL, NULL, '2', '80001140-6', NULL, NULL, NULL),
	(2, 'IRE', 1, 0, 0, 2, 'MINISTERIO PUBLICO', NULL, NULL, NULL, NULL, NULL, '2', '80007821-7', NULL, NULL, NULL),
	(3, 'IRE', 1, 0, 0, 2, 'MINISTERIO DE LA MUJER', NULL, NULL, NULL, NULL, NULL, '2', '80009971-0', NULL, NULL, NULL),
	(4, 'IRE', 1, 0, 0, 2, 'MINISTERIO DE INTEGRACION', NULL, NULL, NULL, NULL, NULL, '2', '80006514-0', NULL, NULL, NULL),
	(5, 'IRE', 1, 0, 0, 2, 'MINISTERIO DE HACIENDA', NULL, NULL, NULL, NULL, NULL, '2', '80024627-6', NULL, NULL, NULL),
	(6, 'IRE', 1, 0, 0, 2, 'MINISTERIO DE EDUCACIÓN Y CIENCIAS', NULL, NULL, NULL, NULL, NULL, '2', '80005190-4', NULL, NULL, NULL),
	(7, 'IRE', 1, 0, 0, 2, 'MINISTERIO SIGLO XXI', NULL, NULL, NULL, NULL, NULL, '2', '80066610-0', NULL, NULL, NULL),
	(8, 'IRE', 1, 0, 0, 2, 'MINISTERIO BUENAS NUEVAS', NULL, NULL, NULL, NULL, NULL, '2', '80018531-5', NULL, NULL, NULL),
	(9, 'IRE', 1, 0, 0, 2, 'MINISTERIO DE AGRICULTURA Y GANADERIA', NULL, NULL, NULL, NULL, NULL, '2', '80000482-5', NULL, NULL, NULL),
	(10, 'IRE', 1, 0, 0, 2, 'MINISTERIO DE INDUSTRIA Y COMERCIO.', NULL, NULL, NULL, NULL, NULL, '2', '80009022-5', NULL, NULL, NULL),
	(11, 'IRE', 1, 0, 0, 2, 'MINISTERIO CASA DE ORACION', NULL, NULL, NULL, NULL, NULL, '2', '80040922-1', NULL, NULL, NULL),
	(12, 'IRE', 1, 0, 0, 2, 'MINISTERIO DE JUSTICIA Y TRABAJO', NULL, NULL, NULL, NULL, NULL, '2', '80001463-4', NULL, NULL, NULL),
	(13, 'IRE', 1, 0, 0, 2, 'IGLESIA MINISTERIO DE CRISTO', NULL, NULL, NULL, NULL, NULL, '2', '80076723-3', NULL, NULL, NULL),
	(14, 'IRE', 1, 0, 0, 2, 'MINISTERIO TIEMPOS DE CLAMOR', NULL, NULL, NULL, NULL, NULL, '2', '80102723-3', NULL, NULL, NULL),
	(15, 'IRE', 1, 0, 0, 2, 'MINISTERIO DE RELACIONES EXTERIORES', NULL, NULL, NULL, NULL, NULL, '2', '80001464-2', NULL, NULL, NULL),
	(16, 'IRE', 1, 0, 0, 2, 'MINISTERIO DE LA DEFENSA PUBLICA', NULL, NULL, NULL, NULL, NULL, '2', '80070094-5', NULL, NULL, NULL),
	(17, 'IRE', 1, 0, 0, 2, 'MINISTERIO ANTORCHAS DE FUEGO', NULL, NULL, NULL, NULL, NULL, '2', '80080114-8', NULL, NULL, NULL),
	(18, 'IRE', 1, 0, 0, 2, 'MINISTERIO VIDA Y VERDAD', NULL, NULL, NULL, NULL, NULL, '2', '80082254-4', NULL, NULL, NULL),
	(19, 'IRE', 1, 0, 0, 2, 'MINISTERIO DE DEFENSA NACIONAL', NULL, NULL, NULL, NULL, NULL, '2', '80006415-1', NULL, NULL, NULL),
	(20, 'IRE', 1, 0, 0, 2, 'MINISTERIO DE DESARROLLO SOCIAL', NULL, NULL, NULL, NULL, NULL, '2', '80015275-1', NULL, NULL, NULL),
	(21, 'IRE', 1, 0, 0, 2, 'MINISTERIO DE DEFENSA NACIONAL', NULL, NULL, NULL, NULL, NULL, '2', '80000906-1', NULL, NULL, NULL),
	(22, 'IRE', 1, 0, 0, 2, 'MINISTERIO FAMILIAR TESHUVA', NULL, NULL, NULL, NULL, NULL, '2', '80084966-3', NULL, NULL, NULL),
	(23, 'IRE', 1, 0, 0, 2, 'ORGANIZACION MINISTERIO ATALAYAS', NULL, NULL, NULL, NULL, NULL, '2', '80065937-6', NULL, NULL, NULL),
	(24, 'IRE', 1, 0, 0, 2, 'MINISTERIO MANANTIAL DE VIDA', NULL, NULL, NULL, NULL, NULL, '2', '80083777-0', NULL, NULL, NULL),
	(25, 'IRE', 1, 0, 0, 2, 'ASOCIACION MINISTERIO MARANATHA', NULL, NULL, NULL, NULL, NULL, '2', '80027179-3', NULL, NULL, NULL),
	(26, 'IRE', 1, 0, 0, 2, 'DIRECCION ADMINISTRATIVA - MINISTERIO DE HACIENDA', NULL, NULL, NULL, NULL, NULL, '2', '80005701-5', NULL, NULL, NULL),
	(27, 'IRE', 1, 0, 0, 2, 'SINDICATO DE TRABAJADORES DEL MINISTERIO DEL INTERIOR', NULL, NULL, NULL, NULL, NULL, '2', '80078901-6', NULL, NULL, NULL),
	(28, 'IRE', 1, 0, 0, 2, 'MINISTERIO EVANGELISTICO MARANATA DEL PARAGUAY', NULL, NULL, NULL, NULL, NULL, '2', '80093941-7', NULL, NULL, NULL),
	(29, 'IRE', 1, 0, 0, 2, 'MINISTERIO JESUCRISTO PAN DE VIDA', NULL, NULL, NULL, NULL, NULL, '2', '80108351-6', NULL, NULL, NULL),
	(30, 'IRE', 1, 0, 0, 2, 'FUNDACION DAMAS DEL MINISTERIO DE HACIENDA', NULL, NULL, NULL, NULL, NULL, '2', '80020642-8', NULL, NULL, NULL),
	(31, 'IRE', 1, 0, 0, 2, 'ASOCIACION IGLESIA UN MINISTERIO SANADOR', NULL, NULL, NULL, NULL, NULL, '2', '80029932-9', NULL, NULL, NULL),
	(32, 'IRE', 1, 0, 0, 2, 'ASOCIACION DE FUNCIONARIOS MINISTERIO DE HACIENDA', NULL, NULL, NULL, NULL, NULL, '2', '80050552-2', NULL, NULL, NULL),
	(33, 'IRE', 1, 0, 0, 2, 'MINISTERIO CASA DEL BANQUETE MCB', NULL, NULL, NULL, NULL, NULL, '2', '80106152-0', NULL, NULL, NULL),
	(34, 'IRE', 1, 0, 0, 2, 'MINISTERIO CRISTIANO JESUS EL SALVADOR', NULL, NULL, NULL, NULL, NULL, '2', '80047103-2', NULL, NULL, NULL),
	(35, 'IRE', 1, 0, 0, 2, 'ASOCIACION MINISTERIO APOSTOLICO REHOBOT', NULL, NULL, NULL, NULL, NULL, '2', '80106783-9', NULL, NULL, NULL),
	(36, 'IRE', 1, 0, 0, 2, 'MINISTERIO DE LA NIÑEZ Y LA ADOLESCENCIA (MINNA)', NULL, NULL, NULL, NULL, NULL, '2', '80025704-9', NULL, NULL, NULL),
	(37, 'IRE', 1, 0, 0, 2, 'IGLESIA MINISTERIO FAMILIAS DEL REY', NULL, NULL, NULL, NULL, NULL, '2', '80102664-4', NULL, NULL, NULL),
	(38, 'IRE', 1, 0, 0, 2, 'MINISTERIO DEL AMBIENTE Y DESARROLLO SOSTENIBLE', NULL, NULL, NULL, NULL, NULL, '2', '80022066-8', NULL, NULL, NULL),
	(39, 'IRE', 1, 0, 0, 2, 'SINDICATO DE ANESTESIOLOGOS DEL MINISTERIO DE SALUD', NULL, NULL, NULL, NULL, NULL, '2', '80068157-6', NULL, NULL, NULL),
	(40, 'IRE', 1, 0, 0, 2, 'MINISTERIO EVANGELISTICO LA BUENA SEMILLA', NULL, NULL, NULL, NULL, NULL, '2', '80085837-9', NULL, NULL, NULL),
	(41, 'IRE', 1, 0, 0, 2, 'MINISTERIO DE TECNOLOGÍAS DE LA INFORMACIÓN Y COMUNICACIÓN', NULL, NULL, NULL, NULL, NULL, '2', '80105217-3', NULL, NULL, NULL),
	(42, 'IRE', 1, 0, 0, 2, 'SINDICATO DE FUNCIONARIOS DEL MINISTERIO DEL INTERIOR', NULL, NULL, NULL, NULL, NULL, '2', '80036628-0', NULL, NULL, NULL),
	(43, 'IRE', 1, 0, 0, 2, 'CENTRO COMUNITARIO MINISTERIO CRISTIANO', NULL, NULL, NULL, NULL, NULL, '2', '80067998-9', NULL, NULL, NULL),
	(44, 'IRE', 1, 0, 0, 2, 'ASOCIACION DE FUNCIONARIOS DEL MINISTERIO DE HACIENDA', NULL, NULL, NULL, NULL, NULL, '2', '80010349-1', NULL, NULL, NULL),
	(45, 'IRE', 1, 0, 0, 2, 'ASAMBLEA DE DIOS MINISTERIO INTERNACIONAL', NULL, NULL, NULL, NULL, NULL, '2', '80079609-8', NULL, NULL, NULL),
	(46, 'IRE', 1, 0, 0, 2, 'MINISTERIO DE OBRAS PUBLICAS Y COMUNICACIONES', NULL, NULL, NULL, NULL, NULL, '2', '80004239-5', NULL, NULL, NULL),
	(47, 'IRE', 1, 0, 0, 2, 'ASOC.DE EMPLEADOS DEL MINISTERIO DE INDUSTRIA Y COMERCIO', NULL, NULL, NULL, NULL, NULL, '2', '80030720-8', NULL, NULL, NULL),
	(48, 'IRE', 1, 0, 0, 2, 'SINDICATO DE FUNCIONARIOS DEL MINISTERIO DE DEFENSA NACIONAL', NULL, NULL, NULL, NULL, NULL, '2', '80050450-0', NULL, NULL, NULL),
	(49, 'IRE', 1, 0, 0, 2, 'ASOCIACION MINISTERIO ALTO REFUGIO AMAR', NULL, NULL, NULL, NULL, NULL, '2', '80059130-5', NULL, NULL, NULL),
	(50, 'IRE', 1, 0, 0, 2, 'IGLESIA PENTECOSTAL MINISTERIO FUENTE DE RESTAURACION', NULL, NULL, NULL, NULL, NULL, '2', '80067890-7', NULL, NULL, NULL),
	(51, 'IRE', 1, 0, 0, 2, 'IGLESIA ASAMBLEA DE DIOS MINISTERIO POR LA VIDA', NULL, NULL, NULL, NULL, NULL, '2', '80080340-0', NULL, NULL, NULL),
	(52, 'IRE', 1, 0, 0, 2, 'SINDICATO DEL MINISTERIO PUBLICO DE LA RCA. DEL PARAGUAY', NULL, NULL, NULL, NULL, NULL, '2', '80084350-9', NULL, NULL, NULL),
	(53, 'IRE', 1, 0, 0, 2, 'MINISTERIO EVANGELICO PARA LAS NACIONES JESUS TE AMA', NULL, NULL, NULL, NULL, NULL, '2', '80029251-0', NULL, NULL, NULL),
	(54, 'IRE', 1, 0, 0, 2, 'MINISTERIO DE SALUD PUBLICA Y BIENESTAR SOCIAL', NULL, NULL, NULL, NULL, NULL, '2', '80000905-3', NULL, NULL, NULL),
	(55, 'IRE', 1, 0, 0, 2, 'SINDICATO DE TRABAJADORES DEL MINISTERIO DE HACIENDA (SITRAMH)', NULL, NULL, NULL, NULL, NULL, '2', '80064375-5', NULL, NULL, NULL),
	(56, 'IRE', 1, 0, 0, 2, 'ASAMBLEA DE DIOS MINISTERIO DE EVANGELISMO Y MISIONES', NULL, NULL, NULL, NULL, NULL, '2', '80077535-0', NULL, NULL, NULL),
	(57, 'IRE', 1, 0, 0, 2, 'MINISTERIO DEL TRABAJO, EMPLEO Y SEGURIDAD SOCIAL', NULL, NULL, NULL, NULL, NULL, '2', '80082365-6', NULL, NULL, NULL),
	(58, 'IRE', 1, 0, 0, 2, 'MINISTERIO EVANGELICO CRISTIANO DULCE REFUGIO', NULL, NULL, NULL, NULL, NULL, '2', '80095795-4', NULL, NULL, NULL),
	(59, 'IRE', 1, 0, 0, 2, 'ASOCIACION DE EMPLEADOS DEL MINISTERIO DE DEFENSA NACIONAL', NULL, NULL, NULL, NULL, NULL, '2', '80029126-3', NULL, NULL, NULL),
	(60, 'IRE', 1, 0, 0, 2, 'MINISTERIO MONTE SINAI EN LA REPUBLICA DEL PARAGUAY', NULL, NULL, NULL, NULL, NULL, '2', '80058146-6', NULL, NULL, NULL),
	(61, 'IRE', 1, 0, 0, 2, 'ASOC.DE FUNC.DEL MINISTERIO DE AGRICULTURA Y GANADERIA', NULL, NULL, NULL, NULL, NULL, '2', '80030278-8', NULL, NULL, NULL),
	(62, 'IRE', 1, 0, 0, 2, 'ASOCIACIÓN DE FUNCIONARIOS DEL MINISTERIO DE EDUCACION Y CULTURA', NULL, NULL, NULL, NULL, NULL, '2', '80081718-4', NULL, NULL, NULL),
	(63, 'IRE', 1, 0, 0, 2, 'MINISTERIO APOSTÓLICO PROFÉTICO FILADELFIA MAPF', NULL, NULL, NULL, NULL, NULL, '2', '80105988-7', NULL, NULL, NULL),
	(64, 'IRE', 1, 0, 0, 2, 'CAJA DE PRESTAMOS DE MINISTERIO DE DEFENSA NACIONAL', NULL, NULL, NULL, NULL, NULL, '2', '80032459-5', NULL, NULL, NULL),
	(65, 'IRE', 1, 0, 0, 2, 'CAJA MUTUAL DE FUNCIONARIOS DEL MINISTERIO PUBLICO', NULL, NULL, NULL, NULL, NULL, '2', '80046429-0', NULL, NULL, NULL),
	(66, 'IRE', 1, 0, 0, 2, 'MINISTERIO DE URBANISMO, VIVIENDA Y HABITAT (MUVH)', NULL, NULL, NULL, NULL, NULL, '2', '80061133-0', NULL, NULL, NULL),
	(67, 'IRE', 1, 0, 0, 2, 'FISCALIZACION GENERAL DE OBRAS MINISTERIO DE DEFENSA NAC.', NULL, NULL, NULL, NULL, NULL, '2', '80007000-3', NULL, NULL, NULL),
	(68, 'IRE', 1, 0, 0, 2, 'ASOCIACION MUTUAL DE FUNCIONARIOS DE MINISTERIO DE JUSTICIA Y TRABAJO', NULL, NULL, NULL, NULL, NULL, '2', '80046880-5', NULL, NULL, NULL),
	(69, 'IRE', 1, 0, 0, 2, 'SINDICATO DE FUNCIONARIOS Y EMPLEADOS DEL MINISTERIO DE RELACIONES EXTERIORES', NULL, NULL, NULL, NULL, NULL, '2', '80049820-8', NULL, NULL, NULL),
	(70, 'IRE', 1, 0, 0, 2, 'CENTRO FAMILIAR CRISTIANO - MINISTERIO DE RADIO Y TV', NULL, NULL, NULL, NULL, NULL, '2', '80051020-8', NULL, NULL, NULL),
	(71, 'IRE', 1, 0, 0, 2, 'MINISTERIO EVANGELISTICO PROFETICO JESUCRISTO UNICO MEDIADOR', NULL, NULL, NULL, NULL, NULL, '2', '80106280-2', NULL, NULL, NULL),
	(72, 'IRE', 1, 0, 0, 2, 'MINISTERIO INTERNACIONAL PIEDAD EN ACCION A LAS NACIONES ( MIPAN )', NULL, NULL, NULL, NULL, NULL, '2', '80062591-9', NULL, NULL, NULL),
	(73, 'IRE', 1, 0, 0, 2, 'MINISTERIO PORTAL DEL CIELO Y CASA DE DIOS PARA LAS NACIONES', NULL, NULL, NULL, NULL, NULL, '2', '80109241-8', NULL, NULL, NULL),
	(74, 'IRE', 1, 0, 0, 2, 'SIND.DE FUNC.PROF.DEL MINISTERIO DE HACIENDA (SIFUPROMH)', NULL, NULL, NULL, NULL, NULL, '2', '80029007-0', NULL, NULL, NULL),
	(75, 'IRE', 1, 0, 0, 2, 'ASOC.DE AGENTES FISCALES DEL MINISTERIO PUBLICO DEL PARAGUAY', NULL, NULL, NULL, NULL, NULL, '2', '80030047-5', NULL, NULL, NULL),
	(76, 'IRE', 1, 0, 0, 2, 'SINDICATO DE FUNCIONARIOS Y EMPLEADOS DEL MINISTERIO DE AGRICULTURA Y GANADERIA', NULL, NULL, NULL, NULL, NULL, '2', '80070767-2', NULL, NULL, NULL),
	(77, 'IRE', 1, 0, 0, 2, 'ASOC.DE FUNC.Y EMPLEADOS DEL MINISTERIO RELAC. EXTERIORES', NULL, NULL, NULL, NULL, NULL, '2', '80010318-1', NULL, NULL, NULL),
	(78, 'IRE', 1, 0, 0, 2, 'SINDICATO DE TRABAJADORES DE LA SALUD DEL MINISTERIO DE JUSTICIA (SITSAMIJ)', NULL, NULL, NULL, NULL, NULL, '2', '80092658-7', NULL, NULL, NULL),
	(79, 'IRE', 1, 0, 0, 2, 'PRIMER SIND.DE FUNC.DEL MINISTERIO DE HACIENDA (PRISIFUMIH)', NULL, NULL, NULL, NULL, NULL, '2', '80030639-2', NULL, NULL, NULL),
	(80, 'IRE', 1, 0, 0, 2, 'SINDICATO DE ASISTENTES FISCALES DEL MINISTERIO PÚBLICO DE LA REPÚBLICA DEL PARAGUAY', NULL, NULL, NULL, NULL, NULL, '2', '80106830-4', NULL, NULL, NULL),
	(81, 'IRE', 1, 0, 0, 2, 'SINDICATO DE FUNCIONARIOS DE LA DIRECCION DE COMERCIALIZACION DEL MINISTERIO DE AGRICULTURA Y GANADERIA', NULL, NULL, NULL, NULL, NULL, '2', '80068941-0', NULL, NULL, NULL),
	(82, 'IRE', 1, 0, 0, 2, 'ASOCIACION DE ASISTENTES FISCALES Y OTROS FUNCIONARIOS DEL MINISTERIO PUBLICO DEL PARAGUAY', NULL, NULL, NULL, NULL, NULL, '2', '80097151-5', NULL, NULL, NULL),
	(83, 'IRE', 1, 0, 0, 2, 'SINDICATO DE TRABAJADORES Y FUNCIONARIOS DEL MINISTERIO DE EDUCACIÓN Y CULTURA (SITRAFUMEC)', NULL, NULL, NULL, NULL, NULL, '2', '80052252-4', NULL, NULL, NULL),
	(84, 'IRE', 1, 0, 0, 2, 'IGLESIA EVAN.PENTECOSTAL MINISTERIO SOLO ES SEÑOR ES DIOS', NULL, NULL, NULL, NULL, NULL, '2', '80028687-1', NULL, NULL, NULL),
	(85, 'IRE', 1, 0, 0, 2, 'IGLESIA EVAG.MINISTERIO PENTECOSTAL JESUS CRISTO ES EL SEÑOR', NULL, NULL, NULL, NULL, NULL, '2', '80037669-2', NULL, NULL, NULL),
	(86, 'IRE', 1, 0, 0, 2, 'IGLESIA PENTECOSTAL ASAMBLEA DE DIOS MINISTERIO RESTAURACION ADRESTAURACION', NULL, NULL, NULL, NULL, NULL, '2', '80070929-2', NULL, NULL, NULL),
	(87, 'IRE', 1, 0, 0, 2, 'IGLE.EVAN.ASAM.DE DIOS PENTECOSTAL MINISTERIO PALABRA DE FE', NULL, NULL, NULL, NULL, NULL, '2', '80029500-5', NULL, NULL, NULL),
	(88, 'IRE', 1, 0, 0, 2, 'SINDICATO DE TRABAJADORES LIBRES DEL MINISTERIO DE OBRAS PUBLICAS Y COMUNICACIONES (SITRALMOPC)', NULL, NULL, NULL, NULL, NULL, '2', '80079150-9', NULL, NULL, NULL),
	(89, 'IRE', 1, 0, 0, 2, 'CLUB SOCIAL Y DEPORTIVO DE FUNCIONARIOS DEL MINISTERIO DE OBRAS PUBLICAS Y COMUNICACIONES', NULL, NULL, NULL, NULL, NULL, '2', '80093673-6', NULL, NULL, NULL),
	(90, 'IRE', 1, 0, 0, 2, 'SINDICATO DE BIOQUIMICOS DEL MINISTERIO DE SALUD PUBLICA Y BIENESTAR SOCIAL (SBMS)', NULL, NULL, NULL, NULL, NULL, '2', '80077894-4', NULL, NULL, NULL),
	(91, 'IRE', 1, 0, 0, 2, 'ASOCIACIÓN DE DIPLOMÁTICOS Y FUNCIONARIOS JUBILADOS DEL MINISTERIO DE RELACIONES EXTERIORES DEL PARAGUAY', NULL, NULL, NULL, NULL, NULL, '2', '80107627-7', NULL, NULL, NULL),
	(92, 'IRE', 1, 0, 0, 2, 'SINDICATO DE TRABAJADORES Y EMPLEADOS DEL MINISTERIO DE JUSTICIA Y TRABAJO DEL PARAGUAY SITEMJT', NULL, NULL, NULL, NULL, NULL, '2', '80067988-1', NULL, NULL, NULL),
	(93, 'IRE', 1, 0, 0, 2, 'SINDICATO DE TRABAJADORES DEL TRANSPORTE, TALLERES Y AFINES, DEL MINISTERIO DE SALUD PÚBLICA Y BIENESTAR SOCIAL', NULL, NULL, NULL, NULL, NULL, '2', '80085261-3', NULL, NULL, NULL),
	(94, 'IRE', 1, 0, 0, 2, 'ASOCIACION DE FUNCIONARIOS ESCALAFONADOS DEL SERVICIO ADMINISTRATIVO DEL MINISTERIO DE RELACIONES EXTERIORES DEL PARAGUAY (AFESA)', NULL, NULL, NULL, NULL, NULL, '2', '80089364-6', NULL, NULL, NULL),
	(95, 'IRE', 1, 0, 0, 2, 'COOPERATIVA MULTIACTIVA DE AHORRO Y CRECITO Y DE CONSUMO DE EMPLEADOS DEL MINISTERIO DE DEFENSA NACIONAL LIMITADA', NULL, NULL, NULL, NULL, NULL, '2', '80050398-8', NULL, NULL, NULL),
	(96, 'IRE', 1, 0, 0, 2, 'SINDICATO UNICO DE FUNCIONARIOS Y EMPLEADOS DEL MINISTERIO DE TRABAJO, EMPLEO Y SEGURIDAD SOCIAL DEL PARAGUAY', NULL, NULL, NULL, NULL, NULL, '2', '80084569-2', NULL, NULL, NULL),
	(97, 'IRE', 1, 0, 0, 2, 'COOPERATIVA MULTIACTIVA DE AHORRO Y CREDITO, CONSUMO, PRODUCCION Y SERVICIOS DE FUNCIONARIOS DEL MINISTERIO PUBLICO LIMITADA', NULL, NULL, NULL, NULL, NULL, '2', '80066612-7', NULL, NULL, NULL),
	(98, 'IRE', 1, 0, 0, 2, 'SINDICATO DE FUNCIONARIOS DE LA ADMINISTRACION CENTRAL E INTERIOR DEL MINISTERIO DE OBRAS PUBLICAS Y COMUNICACIONES (SIFUCEIN-MOPC)', NULL, NULL, NULL, NULL, NULL, '2', '80051315-0', NULL, NULL, NULL),
	(99, 'IRE', 1, 0, 0, 2, 'SINDICATO DE TRABAJADORES Y EMPLEADOS DEL MINISTERIO DE JUSTICIA Y TRABAJO S.I.T.E.M.J.T.', NULL, NULL, NULL, NULL, NULL, '2', '80046872-4', NULL, NULL, NULL),
	(100, 'IRE', 1, 0, 0, 2, 'LA CASA DE FORMACION Y ESTUDIOS PARA LA VIDA Y EL MINISTERIO SACERDOTAL SAN IRENEO DE LYON DE LAS COMUNIDADES SACERDOTALES DE SAN JUAN', NULL, NULL, NULL, NULL, NULL, '2', '80080785-5', NULL, NULL, NULL),
	(101, 'IRE', 1, 0, 0, 2, 'MACISA (MARIA AUXILIADORA COMERCIAL E INDUSTRIAL SA) ', NULL, NULL, NULL, NULL, NULL, '2', '80029742-3', NULL, NULL, NULL),
	(102, 'IRE', 1, 0, 0, 2, 'FIDEICOMISO DE GARANTIA MACISA - BANCO CONTINENTAL', NULL, NULL, NULL, NULL, NULL, '2', '80080628-0', NULL, NULL, NULL),
	(103, 'IRE', 1, 0, 0, 2, 'INVERFIN SAECA', NULL, NULL, NULL, NULL, NULL, '2', '80013840-6 ', NULL, NULL, NULL),
	(104, 'IRE', 1, 0, 0, 2, 'CHACOMER AUTOMOTORES SA ', NULL, NULL, NULL, NULL, NULL, '2', '80060527-6 ', NULL, NULL, NULL),
	(105, 'IRE', 1, 0, 0, 2, 'CHACOMER SA EMISORA (CHACOMER SAECA) ', NULL, NULL, NULL, NULL, NULL, '2', '80013744-2 ', NULL, NULL, NULL),
	(106, 'IVA', 1, 1, 0, 1, 'CACERES DELVALLE, ALVA MARLENE', NULL, NULL, NULL, NULL, NULL, '2', '756473-2 ', '454444', NULL, NULL),
	(107, 'IVA', 1, 0, 0, 1, 'CACERES SOSA, DERLIS MATEO', NULL, NULL, NULL, NULL, NULL, '2', '889981-9 ', NULL, NULL, NULL),
	(108, 'IVA', 1, 0, 0, 1, 'RIVAS SANABRIA, OMAR ANTONIO ', NULL, NULL, NULL, NULL, NULL, '2', '1243463-9 ', NULL, NULL, NULL),
	(109, 'IRP', 1, 1, 0, 1, 'JARA CACERES, EDUARDO MARCIAL ', NULL, NULL, NULL, NULL, NULL, '2', '2958201-6 ', NULL, NULL, NULL),
	(110, 'IVA', 1, 0, 0, 1, 'FLEITAS GONZALEZ, NILSON ELADIO ', NULL, NULL, NULL, NULL, NULL, '2', '1345739-0 ', NULL, NULL, NULL),
	(111, 'IRE', 1, 1, 0, 1, 'GALEANO BOGADO, BLAS DARIO ', NULL, NULL, NULL, NULL, NULL, '2', '1559549-8', NULL, NULL, NULL),
	(112, 'IRE', 1, 0, 0, 2, 'SUPER NIÑOS', NULL, NULL, NULL, NULL, NULL, '2', '80107138-0', NULL, NULL, NULL),
	(113, 'IRE', 1, 0, 0, 2, 'SUPER UNO SA', NULL, NULL, NULL, NULL, NULL, '2', '80060246-3', NULL, NULL, NULL),
	(114, 'IRE', 1, 0, 0, 2, 'SUPER CAR SA', NULL, NULL, NULL, NULL, NULL, '2', '80021170-7', NULL, NULL, NULL),
	(115, 'IRE', 1, 0, 0, 2, 'SUPER TINTAS SRL', NULL, NULL, NULL, NULL, NULL, '2', '80014531-3', NULL, NULL, NULL),
	(116, 'IRE', 1, 0, 0, 2, 'SUPER MAXIMO SRL', NULL, NULL, NULL, NULL, NULL, '2', '80014801-0', NULL, NULL, NULL),
	(117, 'IRE', 1, 0, 0, 2, 'SUPER MARIO SRL', NULL, NULL, NULL, NULL, NULL, '2', '80033171-0', NULL, NULL, NULL),
	(118, 'IRE', 1, 0, 0, 2, 'SUPER TIENDA SRL', NULL, NULL, NULL, NULL, NULL, '2', '80097001-2', NULL, NULL, NULL),
	(119, 'IRE', 1, 0, 0, 2, 'SUPER PLAC SRL', NULL, NULL, NULL, NULL, NULL, '2', '80001292-5', NULL, NULL, NULL),
	(120, 'IRE', 1, 0, 0, 2, 'SUPER INTENDENCIA DE SALUD', NULL, NULL, NULL, NULL, NULL, '2', '80019702-0', NULL, NULL, NULL),
	(121, 'IRE', 1, 0, 0, 2, 'SUPER ACUARIO SA', NULL, NULL, NULL, NULL, NULL, '2', '80026002-3', NULL, NULL, NULL),
	(122, 'IRE', 1, 0, 0, 2, 'SUPER POWER S. A.', NULL, NULL, NULL, NULL, NULL, '2', '80079422-2', NULL, NULL, NULL),
	(123, 'IRE', 1, 0, 0, 2, 'SUPER CENTRO SRL', NULL, NULL, NULL, NULL, NULL, '2', '80004773-7', NULL, NULL, NULL),
	(124, 'IRE', 1, 0, 0, 2, 'SUPER CANAL SA', NULL, NULL, NULL, NULL, NULL, '2', '80008033-5', NULL, NULL, NULL),
	(125, 'IRE', 1, 0, 0, 2, 'SUPER MIX SA', NULL, NULL, NULL, NULL, NULL, '2', '80035754-0', NULL, NULL, NULL),
	(126, 'IRE', 1, 0, 0, 2, 'SUPER HR SRL-', NULL, NULL, NULL, NULL, NULL, '2', '80082323-0', NULL, NULL, NULL),
	(127, 'IRE', 1, 0, 0, 2, 'SUPER QUIMICA SRL', NULL, NULL, NULL, NULL, NULL, '2', '80021954-6', NULL, NULL, NULL),
	(128, 'IRE', 1, 0, 0, 2, 'SUPER 99 SRL', NULL, NULL, NULL, NULL, NULL, '2', '80033055-2', NULL, NULL, NULL),
	(129, 'IRE', 1, 0, 0, 2, 'SUPER MOTOR SRL', NULL, NULL, NULL, NULL, NULL, '2', '80006206-0', NULL, NULL, NULL),
	(130, 'IRE', 1, 0, 0, 2, 'SUPER DIESEL SRL', NULL, NULL, NULL, NULL, NULL, '2', '80013716-7', NULL, NULL, NULL),
	(131, 'IRE', 1, 0, 0, 2, 'SUPER PILAR SA', NULL, NULL, NULL, NULL, NULL, '2', '80026566-1', NULL, NULL, NULL),
	(132, 'IRE', 1, 0, 0, 2, 'SUPER TOB SRL', NULL, NULL, NULL, NULL, NULL, '2', '80037646-3', NULL, NULL, NULL),
	(133, 'IRE', 1, 0, 0, 2, 'SUPER AGRO SRL', NULL, NULL, NULL, NULL, NULL, '2', '80023567-3', NULL, NULL, NULL),
	(134, 'IRE', 1, 0, 0, 2, 'SUPER IDEAL SA', NULL, NULL, NULL, NULL, NULL, '2', '80026197-6', NULL, NULL, NULL),
	(135, 'IRE', 1, 0, 0, 2, 'SUPER MANA SRL', NULL, NULL, NULL, NULL, NULL, '2', '80047967-0', NULL, NULL, NULL),
	(136, 'IRE', 1, 0, 0, 2, 'SUPER SAFETY SA', NULL, NULL, NULL, NULL, NULL, '2', '80052078-5', NULL, NULL, NULL),
	(137, 'IRE', 1, 0, 0, 2, 'MICRO SUPER SRL', NULL, NULL, NULL, NULL, NULL, '2', '80004489-4', NULL, NULL, NULL),
	(138, 'IRE', 1, 0, 0, 2, 'SUPER PARK SA', NULL, NULL, NULL, NULL, NULL, '2', '80007379-7', NULL, NULL, NULL),
	(139, 'IRE', 1, 0, 0, 2, 'SUPER ROHNSON SRL', NULL, NULL, NULL, NULL, NULL, '2', '80013839-2', NULL, NULL, NULL),
	(140, 'IRE', 1, 0, 0, 2, 'SUPER VELOZ SA', NULL, NULL, NULL, NULL, NULL, '2', '80034690-4', NULL, NULL, NULL),
	(141, 'IRE', 1, 0, 0, 2, 'SUPER NOVA SA', NULL, NULL, NULL, NULL, NULL, '2', '80066500-7', NULL, NULL, NULL),
	(142, 'IRE', 1, 0, 0, 2, 'SUPER PAOLA SA', NULL, NULL, NULL, NULL, NULL, '2', '80081080-5', NULL, NULL, NULL),
	(143, 'IRE', 1, 0, 0, 2, 'SUPER SAFETY SA', NULL, NULL, NULL, NULL, NULL, '2', '80106200-4', NULL, NULL, NULL),
	(144, 'IRE', 1, 0, 0, 2, 'SUPER GAME SA', NULL, NULL, NULL, NULL, NULL, '2', '80059897-0', NULL, NULL, NULL),
	(145, 'IRE', 1, 0, 0, 2, 'EL SUPER DE LA FAMILIA SA', NULL, NULL, NULL, NULL, NULL, '2', '80076107-3', NULL, NULL, NULL),
	(146, 'IRE', 1, 0, 0, 2, 'SUPER BIEN SA', NULL, NULL, NULL, NULL, NULL, '2', '80072948-0', NULL, NULL, NULL),
	(147, 'IRE', 1, 0, 0, 2, 'SUPER AHORRAMAS SA', NULL, NULL, NULL, NULL, NULL, '2', '80080616-6', NULL, NULL, NULL),
	(148, 'IRE', 1, 0, 0, 2, 'SUPER GAMES SA', NULL, NULL, NULL, NULL, NULL, '2', '80059038-4', NULL, NULL, NULL),
	(149, 'IRE', 1, 0, 0, 2, 'SUPER FORTRESS SA', NULL, NULL, NULL, NULL, NULL, '2', '80076978-3', NULL, NULL, NULL),
	(150, 'IRE', 1, 0, 0, 2, 'CONCRET SUPER SA', NULL, NULL, NULL, NULL, NULL, '2', '80083038-5', NULL, NULL, NULL),
	(151, 'IRE', 1, 0, 0, 2, 'SUPER REPUESTOS SRL', NULL, NULL, NULL, NULL, NULL, '2', '80004340-5', NULL, NULL, NULL),
	(152, 'IRE', 1, 0, 0, 2, 'SUPER AUTO SRL', NULL, NULL, NULL, NULL, NULL, '2', '80005826-7', NULL, NULL, NULL),
	(153, 'IRE', 1, 0, 0, 2, 'SUPER KENNEDY SRL', NULL, NULL, NULL, NULL, NULL, '2', '80039576-0', NULL, NULL, NULL),
	(154, 'IRE', 1, 0, 0, 2, 'SUPER BOX SA', NULL, NULL, NULL, NULL, NULL, '2', '80097512-0', NULL, NULL, NULL),
	(155, 'IRE', 1, 0, 0, 2, 'SUPER PRIMAVERA S.A', NULL, NULL, NULL, NULL, NULL, '2', '80036323-0', NULL, NULL, NULL),
	(156, 'IRE', 1, 0, 0, 2, 'SUPER ALIMENTOS SRL', NULL, NULL, NULL, NULL, NULL, '2', '80098873-6', NULL, NULL, NULL),
	(157, 'IRE', 1, 0, 0, 2, 'SUPER GUILLE ALIMENTOS SRL', NULL, NULL, NULL, NULL, NULL, '2', '80028720-7', NULL, NULL, NULL),
	(158, 'IRE', 1, 0, 0, 2, 'GEMINIS SUPER CENTER SRL', NULL, NULL, NULL, NULL, NULL, '2', '80068120-7', NULL, NULL, NULL),
	(159, 'IRE', 1, 0, 0, 2, 'SUPER POWER CELULAR SRL', NULL, NULL, NULL, NULL, NULL, '2', '80033142-7', NULL, NULL, NULL),
	(160, 'IRE', 1, 0, 0, 2, 'SUPER CONFITERIA LA NEGRITA SRL', NULL, NULL, NULL, NULL, NULL, '2', '80003263-2', NULL, NULL, NULL),
	(161, 'IRE', 1, 0, 0, 2, 'SUPER SNACKS PARAGUAY SA', NULL, NULL, NULL, NULL, NULL, '2', '80008333-4', NULL, NULL, NULL),
	(162, 'IRE', 1, 0, 0, 2, 'SUPER SAN JUSTO SRL', NULL, NULL, NULL, NULL, NULL, '2', '80084993-0', NULL, NULL, NULL),
	(163, 'IRE', 1, 0, 0, 2, 'SUPER STAR GAMES SRL', NULL, NULL, NULL, NULL, NULL, '2', '80094833-5', NULL, NULL, NULL),
	(164, 'IRE', 1, 0, 0, 2, 'SUPER FACIL AUTOSERVICE SRL', NULL, NULL, NULL, NULL, NULL, '2', '80000047-1', NULL, NULL, NULL),
	(165, 'IRE', 1, 0, 0, 2, 'SUPER CARNE ALEGRIA SRL', NULL, NULL, NULL, NULL, NULL, '2', '80016037-1', NULL, NULL, NULL),
	(166, 'IRE', 1, 0, 0, 2, 'SUPER CARNE LA PREFERIDA SRL', NULL, NULL, NULL, NULL, NULL, '2', '80016597-7', NULL, NULL, NULL),
	(167, 'IRE', 1, 0, 0, 2, 'DISTRIBUIDORA SUPER SIETE SRL', NULL, NULL, NULL, NULL, NULL, '2', '80025567-4', NULL, NULL, NULL),
	(168, 'IRE', 1, 0, 0, 2, 'PANIFICADORA SUPER 2000 SRL', NULL, NULL, NULL, NULL, NULL, '2', '80044567-8', NULL, NULL, NULL),
	(169, 'IRE', 1, 0, 0, 2, 'SUPER SPORTS SERVICE SRL', NULL, NULL, NULL, NULL, NULL, '2', '80008339-3', NULL, NULL, NULL),
	(170, 'IRE', 1, 0, 0, 2, 'SUPER MERCADO EDGAR SA', NULL, NULL, NULL, NULL, NULL, '2', '80026589-0', NULL, NULL, NULL),
	(171, 'IRE', 1, 0, 0, 2, 'SUPER C.D. SA', NULL, NULL, NULL, NULL, NULL, '2', '80082868-2', NULL, NULL, NULL),
	(172, 'IRE', 1, 0, 0, 2, 'SUPERMERCADO SUPER 10 SA', NULL, NULL, NULL, NULL, NULL, '2', '80093389-3', NULL, NULL, NULL),
	(173, 'IRE', 1, 0, 0, 2, 'SUPER MERCADO COLON SA', NULL, NULL, NULL, NULL, NULL, '2', '80085545-0', NULL, NULL, NULL),
	(174, 'IRE', 1, 0, 0, 2, 'SUPER FOODS GROUP SA', NULL, NULL, NULL, NULL, NULL, '2', '80107249-2', NULL, NULL, NULL),
	(175, 'IRE', 1, 0, 0, 2, 'SUPER MERCADO REAL SRL', NULL, NULL, NULL, NULL, NULL, '2', '80005313-3', NULL, NULL, NULL),
	(176, 'IRE', 1, 0, 0, 2, 'PARTY SUPER MARKET SRL', NULL, NULL, NULL, NULL, NULL, '2', '80006434-8', NULL, NULL, NULL),
	(177, 'IRE', 1, 0, 0, 2, 'SUPER CARNE YSYRY SRL', NULL, NULL, NULL, NULL, NULL, '2', '80006038-5', NULL, NULL, NULL),
	(178, 'IRE', 1, 0, 0, 2, 'SUPER MERCADO VILLA MORRA SA', NULL, NULL, NULL, NULL, NULL, '2', '80002421-4', NULL, NULL, NULL),
	(179, 'IRE', 1, 0, 0, 2, 'SUPER PASTAS SAN BLAS SRL', NULL, NULL, NULL, NULL, NULL, '2', '80053684-3', NULL, NULL, NULL),
	(180, 'IRE', 1, 0, 0, 2, 'SUPER DISC DIGITAL TECHNOLOGY SA', NULL, NULL, NULL, NULL, NULL, '2', '80037229-8', NULL, NULL, NULL),
	(181, 'IRE', 1, 0, 0, 2, 'MINI MAX SUPER S.R . L.', NULL, NULL, NULL, NULL, NULL, '2', '80065936-8', NULL, NULL, NULL),
	(182, 'IRE', 1, 0, 0, 2, 'CONSORCIO DE PROPIETARIOS DEL EDIFICIO ASUNCION SUPER CENTRO', NULL, NULL, NULL, NULL, NULL, '2', '80030387-3', NULL, NULL, NULL),
	(183, 'IRE', 1, 0, 0, 2, 'SUPER DISC SA (USUARIO ZONA FRANCA)', NULL, NULL, NULL, NULL, NULL, '2', '80031257-0', NULL, NULL, NULL),
	(184, 'IRE', 1, 0, 0, 2, 'SUPER -SAC S.A SERVICIOS DE ATENCION AL CLIENTE', NULL, NULL, NULL, NULL, NULL, '2', '80013836-8', NULL, NULL, NULL),
	(185, 'IRE', 1, 0, 0, 2, 'SUPER MERCADO SANTO DOMINGO SOCIEDAD RESPONSABILIDAD LIMITADA', NULL, NULL, NULL, NULL, NULL, '2', '80047731-6', NULL, NULL, NULL),
	(186, 'IRE', 1, 0, 0, 2, 'COMIS.DE APOYO A LA COORD.DPTAL.DE SUPER.EDUC.DE PARAGUARI', NULL, NULL, NULL, NULL, NULL, '2', '80036004-4', NULL, NULL, NULL),
	(187, 'IRE', 1, 0, 0, 2, 'J.A. SUPER DISTRIBUIDORA PARAGUAYA (J.A. SUDISPAR) SA', NULL, NULL, NULL, NULL, NULL, '2', '80068458-3', NULL, NULL, NULL),
	(188, 'IRE', 1, 0, 0, 2, 'ESC.SUPER.DE ADMINISTRACION Y GERENCIA DE EMPRE. SA(ESAE SA)', NULL, NULL, NULL, NULL, NULL, '2', '80030323-7', NULL, NULL, NULL),
	(189, 'IRP', 1, 0, 0, 1, 'COND.FRANCISCO J.MARTINEZ VIERCI Y FELICE S.MARTINEZ VIERCI', NULL, NULL, NULL, NULL, NULL, '2', '80037274-3', NULL, NULL, NULL),
	(190, 'IRP', 1, 0, 0, 1, 'PERALTA VIERCI, ALEJANDRO', NULL, NULL, NULL, NULL, NULL, '2', '1260233-7', NULL, NULL, NULL),
	(191, 'IRP', 1, 0, 0, 1, 'MARTINEZ VIERCI, GERMAN', NULL, NULL, NULL, NULL, NULL, '2', '1189885-2', NULL, NULL, NULL),
	(192, 'IRP', 1, 0, 0, 1, 'VIERCI, FRANCISCO MAXIMIANO', NULL, NULL, NULL, NULL, NULL, '2', '746116-0', NULL, NULL, NULL),
	(193, 'IRP', 1, 0, 0, 1, 'VIERCI MENDOZA, FRANCISCO', NULL, NULL, NULL, NULL, NULL, '2', '76956-8', NULL, NULL, NULL),
	(194, 'IRP', 1, 0, 0, 1, 'VIERCI, LUIS ANGEL', NULL, NULL, NULL, NULL, NULL, '2', '3637137-8', NULL, NULL, NULL),
	(195, 'IRP', 1, 0, 0, 1, 'VIERCI CORPORATION SRL', NULL, NULL, NULL, NULL, NULL, '2', '80008717-8', NULL, NULL, NULL),
	(196, 'IRP', 1, 0, 0, 1, 'VIERCI HNOS. SA', NULL, NULL, NULL, NULL, NULL, '2', '80001560-6', NULL, NULL, NULL),
	(197, 'IRP', 1, 0, 0, 1, 'VIERCI, JULIA PATRICIA', NULL, NULL, NULL, NULL, NULL, '2', '4905856-8', NULL, NULL, NULL),
	(198, 'IRP', 1, 0, 0, 1, 'SAMUDIO VIERCI, JORGE ANTONIO', NULL, NULL, NULL, NULL, NULL, '2', '2335570-0', NULL, NULL, NULL),
	(199, 'IRP', 1, 0, 0, 1, 'VIERCI DE CANIZA, MARGARITA VICTORIA', NULL, NULL, NULL, NULL, NULL, '2', '296970-0', NULL, NULL, NULL),
	(200, 'IRP', 1, 0, 0, 1, 'GARCIA VIERCI, ANA BELEN', NULL, NULL, NULL, NULL, NULL, '2', '3413390-9', NULL, NULL, NULL),
	(201, 'IRP', 1, 0, 0, 1, 'VIERCI PIDAL, MARTIN CHARBEL', NULL, NULL, NULL, NULL, NULL, '2', '4246620-2', NULL, NULL, NULL),
	(202, 'IRP', 1, 0, 0, 1, 'IRIBAS VIERCI, CARLOS GABRIEL', NULL, NULL, NULL, NULL, NULL, '2', '520270-1', NULL, NULL, NULL),
	(203, 'IRP', 1, 0, 0, 1, 'ZAVALA DE VIERCI, MARIA LETICIA', NULL, NULL, NULL, NULL, NULL, '2', '592240-2', NULL, NULL, NULL),
	(204, 'IRP', 1, 0, 0, 1, 'VIERCI ZAVALA, MARIA NATALIA', NULL, NULL, NULL, NULL, NULL, '2', '1146461-5', NULL, NULL, NULL),
	(205, 'IRP', 1, 0, 0, 1, 'VIERCI URBIETA, GIOVANNA MARIA', NULL, NULL, NULL, NULL, NULL, '2', '3201181-4', NULL, NULL, NULL),
	(206, 'IRP', 1, 0, 0, 1, 'VIERCI ALVAREZ, JORGE ISAAC', NULL, NULL, NULL, NULL, NULL, '2', '575781-9', NULL, NULL, NULL),
	(207, 'IRP', 1, 0, 0, 1, 'IRIBAS VIERCI, MARIA DE LOURDES', NULL, NULL, NULL, NULL, NULL, '2', '660311-4', NULL, NULL, NULL),
	(208, 'IRP', 1, 0, 0, 1, 'INDUSTRIAS DE ALIMENTOS VIERCI SA', NULL, NULL, NULL, NULL, NULL, '2', '80019401-2', NULL, NULL, NULL),
	(209, 'IRP', 1, 0, 0, 1, 'CONSORCIO VERA VIERCI Y ASOCIADOS', NULL, NULL, NULL, NULL, NULL, '2', '80029221-9', NULL, NULL, NULL),
	(210, 'IRP', 1, 0, 0, 1, 'VIERCI ALDERETE, PABLO ALFONSO', NULL, NULL, NULL, NULL, NULL, '2', '97311-4', NULL, NULL, NULL),
	(211, 'IRP', 1, 0, 0, 1, 'MARTINEZ VIERCI, FELICE SANTIAGO', NULL, NULL, NULL, NULL, NULL, '2', '1065662-6', NULL, NULL, NULL),
	(212, 'IRP', 1, 0, 0, 1, 'PERALTA VIERCI, ARTURO JOAQUIN', NULL, NULL, NULL, NULL, NULL, '2', '1260232-9', NULL, NULL, NULL),
	(213, 'IRP', 1, 0, 0, 1, 'VIERCI YAKISICH, ANA MARIA', NULL, NULL, NULL, NULL, NULL, '2', '1385052-0', NULL, NULL, NULL),
	(214, 'IRP', 1, 0, 0, 1, 'VIERCI CODAS, MARIA VICTORIA', NULL, NULL, NULL, NULL, NULL, '2', '2036872-0', NULL, NULL, NULL),
	(215, 'IRP', 1, 0, 0, 1, 'BRUN VIERCI, AUGUSTO JOSE', NULL, NULL, NULL, NULL, NULL, '2', '243642-6', NULL, NULL, NULL),
	(216, 'IRP', 1, 0, 0, 1, 'LEON VIERCI, MARIA ESTER', NULL, NULL, NULL, NULL, NULL, '2', '263732-4', NULL, NULL, NULL),
	(217, 'IRP', 1, 0, 0, 1, 'VIERCI URBIETA, JUAN VICENTE', NULL, NULL, NULL, NULL, NULL, '2', '3329692-8', NULL, NULL, NULL),
	(218, 'IRP', 1, 0, 0, 1, 'SANABRIA VIERCI, EUGENIO MARIA', NULL, NULL, NULL, NULL, NULL, '2', '454842-6', NULL, NULL, NULL),
	(219, 'IRP', 1, 0, 0, 1, 'VIERCI LOPEZ, IVONNE ELENA', NULL, NULL, NULL, NULL, NULL, '2', '591092-7', NULL, NULL, NULL),
	(220, 'IRP', 1, 0, 0, 1, 'VIERCI VILLAGRA, LUIS ALBERTO', NULL, NULL, NULL, NULL, NULL, '2', '1182603-7', NULL, NULL, NULL),
	(221, 'IRP', 1, 0, 0, 1, 'VIERCI BERTON, EDUARDO RAUL', NULL, NULL, NULL, NULL, NULL, '2', '1439153-8', NULL, NULL, NULL),
	(222, 'IRP', 1, 0, 0, 1, 'VIERCI ZAVALA, MARTIN FERNANDO', NULL, NULL, NULL, NULL, NULL, '2', '1527643-0', NULL, NULL, NULL),
	(223, 'IRP', 1, 0, 0, 1, 'VIERCI BRAVARD, JAZMIN MARIA', NULL, NULL, NULL, NULL, NULL, '2', '1545843-1', NULL, NULL, NULL),
	(224, 'IRP', 1, 0, 0, 1, 'VIERCI CODAS, JOSE MIGUEL', NULL, NULL, NULL, NULL, NULL, '2', '2036873-9', NULL, NULL, NULL),
	(225, 'IRP', 1, 0, 0, 1, 'CANIZA VIERCI, JOAQUIN JOSE', NULL, NULL, NULL, NULL, NULL, '2', '2355783-4', NULL, NULL, NULL),
	(226, 'IRP', 1, 0, 0, 1, 'VIERCI PEDRETTI, DANIEL PEDRO', NULL, NULL, NULL, NULL, NULL, '2', '3002673-3', NULL, NULL, NULL),
	(227, 'IRP', 1, 0, 0, 1, 'MARTINEZ VIERCI, CARMEN GRACIELA', NULL, NULL, NULL, NULL, NULL, '2', '474413-6', NULL, NULL, NULL),
	(228, 'IRP', 1, 0, 0, 1, 'VIERCI DE RIVAS, AMALIA MERCEDES', NULL, NULL, NULL, NULL, NULL, '2', '487963-5', NULL, NULL, NULL),
	(229, 'IRP', 1, 0, 0, 1, 'CODAS DE VIERCI, MARIA REGINA', NULL, NULL, NULL, NULL, NULL, '2', '565953-1', NULL, NULL, NULL),
	(230, 'IRP', 1, 0, 0, 1, 'ASOCIACION DE EMPLEADOS DEL GRUPO VIERCI', NULL, NULL, NULL, NULL, NULL, '2', '80029123-9', NULL, NULL, NULL),
	(231, 'IRP', 1, 0, 0, 1, 'VIERCI VILLAGRA, MARIA FE', NULL, NULL, NULL, NULL, NULL, '2', '1182604-5', NULL, NULL, NULL),
	(232, 'IRP', 1, 0, 0, 1, 'VIERCI ZAVALA, SILVANA LETICIA', NULL, NULL, NULL, NULL, NULL, '2', '2166254-1', NULL, NULL, NULL),
	(233, 'IRP', 1, 0, 0, 1, 'VIERCI PEDRETTI, MARIA PAZ', NULL, NULL, NULL, NULL, NULL, '2', '2286454-7', NULL, NULL, NULL),
	(234, 'IRP', 1, 0, 0, 1, 'VIERCI BERTON, JUAN DIEGO', NULL, NULL, NULL, NULL, NULL, '2', '2465484-1', NULL, NULL, NULL),
	(235, 'IRP', 1, 0, 0, 1, 'VIERCI CASACCIA, IGNACIO LUIS', NULL, NULL, NULL, NULL, NULL, '2', '248184-7', NULL, NULL, NULL),
	(236, 'IRP', 1, 0, 0, 1, 'YAKISICH DE VIERCI, ANA MARIA', NULL, NULL, NULL, NULL, NULL, '2', '263884-3', NULL, NULL, NULL),
	(237, 'IRP', 1, 0, 0, 1, 'VIERCI CASACCIA, JOSE MIGUEL', NULL, NULL, NULL, NULL, NULL, '2', '474254-0', NULL, NULL, NULL),
	(238, 'IRP', 1, 0, 0, 1, 'VIERCI, YVONNE MARIA EUGENIA', NULL, NULL, NULL, NULL, NULL, '2', '5513724-5', NULL, NULL, NULL),
	(239, 'IRP', 1, 0, 0, 1, 'VIERCI ALDERETE, JULIA ENCARNACION', NULL, NULL, NULL, NULL, NULL, '2', '79144-0', NULL, NULL, NULL),
	(240, 'IRP', 1, 0, 0, 1, 'ARAUJO DE VIERCI, MARIA JULIA', NULL, NULL, NULL, NULL, NULL, '2', '794464-0', NULL, NULL, NULL),
	(241, 'IRP', 1, 0, 0, 1, 'VIERCI BRAVARD, IGNACIO LUIS', NULL, NULL, NULL, NULL, NULL, '2', '1059665-8', NULL, NULL, NULL),
	(242, 'IRP', 1, 0, 0, 1, 'VIERCI URBIETA, MARIA SILVANA', NULL, NULL, NULL, NULL, NULL, '2', '2355105-4', NULL, NULL, NULL),
	(243, 'IRP', 1, 0, 0, 1, 'VIERCI PIDAL, ANTONIO JOSE', NULL, NULL, NULL, NULL, NULL, '2', '2393405-0', NULL, NULL, NULL),
	(244, 'IRP', 1, 0, 0, 1, 'FRETES VIERCI, MARIA JOSE', NULL, NULL, NULL, NULL, NULL, '2', '3384555-7', NULL, NULL, NULL),
	(245, 'IRP', 1, 0, 0, 1, 'TROVATO VIERCI, CELIA VIRGINIA', NULL, NULL, NULL, NULL, NULL, '2', '50046545-2', NULL, NULL, NULL),
	(246, 'IRP', 1, 0, 0, 1, 'DE LA FOND VIERCI, NICOLAS ALBERTO', NULL, NULL, NULL, NULL, NULL, '2', '50080875-9', NULL, NULL, NULL),
	(247, 'IRP', 1, 0, 0, 1, 'MARTINEZ VIERCI, FRANCISCO JAVIER', NULL, NULL, NULL, NULL, NULL, '2', '520235-3', NULL, NULL, NULL),
	(248, 'IRP', 1, 0, 0, 1, 'VERA VIERCI, LUIS ALBERTO', NULL, NULL, NULL, NULL, NULL, '2', '72925-6', NULL, NULL, NULL),
	(249, 'IRP', 1, 0, 0, 1, 'VIERCI ALVAREZ, CLAUDIO GERARDO', NULL, NULL, NULL, NULL, NULL, '2', '745395-7', NULL, NULL, NULL),
	(250, 'IRP', 1, 0, 0, 1, 'VIERCI DE MUJICA, GILDA ELENA', NULL, NULL, NULL, NULL, NULL, '2', '928075-8', NULL, NULL, NULL),
	(251, 'IRP', 1, 0, 0, 1, 'VIERCI BERTON, MARIA ANTONELLA', NULL, NULL, NULL, NULL, NULL, '2', '1260316-3', NULL, NULL, NULL),
	(252, 'IRP', 1, 0, 0, 1, 'VERA VIERCI, ROBERTO ELISEO', NULL, NULL, NULL, NULL, NULL, '2', '150496-7', NULL, NULL, NULL),
	(253, 'IRP', 1, 0, 0, 1, 'CANIZA VIERCI, HORACIO JOSE', NULL, NULL, NULL, NULL, NULL, '2', '1847536-1', NULL, NULL, NULL),
	(254, 'IRP', 1, 0, 0, 1, 'RIVAS VIERCI, JESSICA TYARA', NULL, NULL, NULL, NULL, NULL, '2', '5359946-2', NULL, NULL, NULL),
	(255, 'IRP', 1, 0, 0, 1, 'YRIBAS VIERCI, MARIA DE FATIMA', NULL, NULL, NULL, NULL, NULL, '2', '594816-9', NULL, NULL, NULL),
	(256, 'IRP', 1, 0, 0, 1, 'VIERCI ROIG, GIOVANNI FRANCESCO', NULL, NULL, NULL, NULL, NULL, '2', '6513996-8', NULL, NULL, NULL),
	(257, 'IRP', 1, 0, 0, 1, 'VIERCI GRANOTIER, MARIA BELEN', NULL, NULL, NULL, NULL, NULL, '2', '1059617-8', NULL, NULL, NULL),
	(258, 'IRP', 1, 0, 0, 1, 'VIERCI CODAS, MARIA BEATRIZ', NULL, NULL, NULL, NULL, NULL, '2', '2988757-7', NULL, NULL, NULL),
	(259, 'IRP', 1, 0, 0, 1, 'VIERCI ALVAREZ, MARIA LETICIA', NULL, NULL, NULL, NULL, NULL, '2', '925247-9', NULL, NULL, NULL),
	(260, 'IRP', 1, 0, 0, 1, 'VIERCI DE VITTI, MARIA JOSE', NULL, NULL, NULL, NULL, NULL, '2', '1059618-6', NULL, NULL, NULL),
	(261, 'IRP', 1, 0, 0, 1, 'DELAFOND VIERCI, GASTON ALBERTO', NULL, NULL, NULL, NULL, NULL, '2', '2302738-0', NULL, NULL, NULL),
	(262, 'IRP', 1, 0, 0, 1, 'VIERCI PIDAL, ALEJANDRO JOSE', NULL, NULL, NULL, NULL, NULL, '2', '2894388-0', NULL, NULL, NULL),
	(263, 'IRP', 1, 0, 0, 1, 'VILLAGRA DE VIERCI, MARIA ISABEL', NULL, NULL, NULL, NULL, NULL, '2', '301368-5', NULL, NULL, NULL),
	(264, 'IRP', 1, 0, 0, 1, 'FIGUEREDO VIERCI, LUIS FELIPE', NULL, NULL, NULL, NULL, NULL, '2', '3269638-8', NULL, NULL, NULL),
	(265, 'IRP', 1, 0, 0, 1, 'RIVAS VIERCI, PABLO EDUARDO', NULL, NULL, NULL, NULL, NULL, '2', '3531408-7', NULL, NULL, NULL),
	(266, 'IRP', 1, 0, 0, 1, 'CALBO DE VIERCI, SILVIA EDITH', NULL, NULL, NULL, NULL, NULL, '2', '3637138-6', NULL, NULL, NULL),
	(267, 'IRP', 1, 0, 0, 1, 'VIERCI CASSACCIA, MARTIN SANTIAGO', NULL, NULL, NULL, NULL, NULL, '2', '378748-6', NULL, NULL, NULL),
	(268, 'IRP', 1, 0, 0, 1, 'VIERCI ALVAREZ, JUAN FRANCISCO', NULL, NULL, NULL, NULL, NULL, '2', '496648-1', NULL, NULL, NULL),
	(269, 'IRP', 1, 0, 0, 1, 'VIERCI ROIG, GIORGIO ALFREDO', NULL, NULL, NULL, NULL, NULL, '2', '6513978-0', NULL, NULL, NULL),
	(270, 'IRP', 1, 0, 0, 1, 'VIERCI DE FIGUEREDO, MARIA LIZ', NULL, NULL, NULL, NULL, NULL, '2', '668788-1', NULL, NULL, NULL),
	(271, 'IRP', 1, 0, 0, 1, 'A.J.VIERCI Y CIA SRL', NULL, NULL, NULL, NULL, NULL, '2', '80006118-7', NULL, NULL, NULL),
	(272, 'IRP', 1, 0, 0, 1, 'VIERCI BERTON, MAURICIO JAVIER', NULL, NULL, NULL, NULL, NULL, '2', '3009399-6', NULL, NULL, NULL),
	(273, 'IRP', 1, 0, 0, 1, 'BRIZUELA VIERCI, AMALIA INES', NULL, NULL, NULL, NULL, NULL, '2', '310699-3', NULL, NULL, NULL),
	(274, 'IRP', 1, 0, 0, 1, 'RIVAS VIERCI, FERNANDO JOSE', NULL, NULL, NULL, NULL, NULL, '2', '3531409-5', NULL, NULL, NULL),
	(275, 'IRP', 1, 0, 0, 1, 'VIERCI ALVAREZ, ANTONIO JOSE', NULL, NULL, NULL, NULL, NULL, '2', '872868-2', NULL, NULL, NULL),
	(276, 'IRP', 1, 0, 0, 1, 'VIERCI YAKISICH, MARIA DE LA PAZ', NULL, NULL, NULL, NULL, NULL, '2', '1059619-4', NULL, NULL, NULL),
	(277, 'IRP', 1, 0, 0, 1, 'VIERCI URBIETA, MARIA LIZ', NULL, NULL, NULL, NULL, NULL, '2', '1875369-8', NULL, NULL, NULL),
	(278, 'IRP', 1, 0, 0, 1, 'VIERCI VILLAGRA, ALVARO LUIS', NULL, NULL, NULL, NULL, NULL, '2', '2034369-8', NULL, NULL, NULL),
	(279, 'IRP', 1, 0, 0, 1, 'VIERCI ROIG, GIANNINA MARIA', NULL, NULL, NULL, NULL, NULL, '2', '2139759-7', NULL, NULL, NULL),
	(280, 'IRP', 1, 0, 0, 1, 'FIGUEREDO VIERCI, VICENTE LUIS', NULL, NULL, NULL, NULL, NULL, '2', '2374099-0', NULL, NULL, NULL),
	(281, 'IRP', 1, 0, 0, 1, 'VIERCI CASSACCIA, DANIEL PEDRO', NULL, NULL, NULL, NULL, NULL, '2', '378749-4', NULL, NULL, NULL),
	(282, 'IRP', 1, 0, 0, 1, 'FRANCISCO VIERCI Y COMPAÑIA SA', NULL, NULL, NULL, NULL, NULL, '2', '80038824-0', NULL, NULL, NULL),
	(283, 'IRE', 1, 0, 0, 2, 'FRANCISCO VIERCI Y COMPAÑIA SA', NULL, NULL, NULL, NULL, NULL, '2', '80052534-5', NULL, NULL, NULL),
	(284, 'IRE', 1, 0, 0, 2, 'JUAN VIERCI & CIA. SRL', NULL, NULL, NULL, NULL, NULL, '2', '80000836-7', NULL, NULL, NULL),
	(285, 'IRE', 1, 0, 0, 2, 'FRANCISCO VIERCI Y CIA. SRL', NULL, NULL, NULL, NULL, NULL, '2', '80004265-4', NULL, NULL, NULL),
	(286, 'IRP', 1, 0, 0, 1, 'VIERCI VILLAGRA, MARIA ALEJANDRA', NULL, NULL, NULL, NULL, NULL, '2', '1454390-7', NULL, NULL, NULL),
	(287, 'IRP', 1, 0, 0, 1, 'ROIG DE VIERCI, NORMA CONCEPCION', NULL, NULL, NULL, NULL, NULL, '2', '990309-7', NULL, NULL, NULL),
	(288, 'IRP', 1, 0, 0, 1, 'BRAVARD DE VIERCI, TERESA MONTSERRAT ELENA', NULL, NULL, NULL, NULL, NULL, '2', '308150-8', NULL, NULL, NULL),
	(289, 'IRE', 1, 0, 0, 2, 'FARMAN SA', NULL, NULL, NULL, NULL, NULL, '2', '80073728-8', NULL, NULL, NULL),
	(290, 'IRE', 1, 0, 0, 2, 'FARMA SA', NULL, NULL, NULL, NULL, NULL, '2', '80022877-4', NULL, NULL, NULL),
	(291, 'IRE', 1, 0, 0, 2, 'FARMA VIDA SRL', NULL, NULL, NULL, NULL, NULL, '2', '80020151-5', NULL, NULL, NULL),
	(292, 'IRE', 1, 0, 0, 2, 'VIDA FARMA SRL', NULL, NULL, NULL, NULL, NULL, '2', '80040871-3', NULL, NULL, NULL),
	(293, 'IRE', 1, 0, 0, 2, 'FARMA TOP SA', NULL, NULL, NULL, NULL, NULL, '2', '80044681-0', NULL, NULL, NULL),
	(294, 'IRE', 1, 0, 0, 2, 'FARMA OFERTA SRL', NULL, NULL, NULL, NULL, NULL, '2', '80086971-0', NULL, NULL, NULL),
	(295, 'IRE', 1, 0, 0, 2, 'FARMA EL ABUELO SRL', NULL, NULL, NULL, NULL, NULL, '2', '80066832-4', NULL, NULL, NULL),
	(296, 'IRE', 1, 0, 0, 2, 'FARMA GRUP SA', NULL, NULL, NULL, NULL, NULL, '2', '80026983-7', NULL, NULL, NULL),
	(297, 'IRE', 1, 0, 0, 2, 'GAOS FARMA SRL', NULL, NULL, NULL, NULL, NULL, '2', '80009814-5', NULL, NULL, NULL),
	(298, 'IRE', 1, 0, 0, 2, 'FARMA ALIANZA SRL', NULL, NULL, NULL, NULL, NULL, '2', '80021494-3', NULL, NULL, NULL),
	(299, 'IRE', 1, 0, 0, 2, 'FARMA-LUQUE SRL', NULL, NULL, NULL, NULL, NULL, '2', '80028894-7', NULL, NULL, NULL),
	(300, 'IRE', 1, 0, 0, 2, 'SOCIAL FARMA SRL', NULL, NULL, NULL, NULL, NULL, '2', '80029024-0', NULL, NULL, NULL),
	(301, 'IRE', 1, 0, 0, 2, 'PANATEM.FARMA SA', NULL, NULL, NULL, NULL, NULL, '2', '80035714-0', NULL, NULL, NULL),
	(302, 'IRE', 1, 0, 0, 2, 'MC FARMA SA', NULL, NULL, NULL, NULL, NULL, '2', '80083784-3', NULL, NULL, NULL),
	(303, 'IRE', 1, 0, 0, 2, 'SALUD FARMA SRL', NULL, NULL, NULL, NULL, NULL, '2', '80093754-6', NULL, NULL, NULL),
	(304, 'IRE', 1, 0, 0, 2, 'FARMA AMERICA SRL', NULL, NULL, NULL, NULL, NULL, '2', '80021265-7', NULL, NULL, NULL),
	(305, 'IRE', 1, 0, 0, 2, 'FARMA CHIC SRL', NULL, NULL, NULL, NULL, NULL, '2', '80066945-2', NULL, NULL, NULL),
	(306, 'IRE', 1, 0, 0, 2, 'FARMA BIOMEDIC SRL', NULL, NULL, NULL, NULL, NULL, '2', '80100685-6', NULL, NULL, NULL),
	(307, 'IRE', 1, 0, 0, 2, 'FARMA SYSTEM SRL', NULL, NULL, NULL, NULL, NULL, '2', '80051496-3', NULL, NULL, NULL),
	(308, 'IRE', 1, 0, 0, 2, 'FAMI FARMA SA', NULL, NULL, NULL, NULL, NULL, '2', '80040617-6', NULL, NULL, NULL),
	(309, 'IRE', 1, 0, 0, 2, 'AMERICA FARMA SA', NULL, NULL, NULL, NULL, NULL, '2', '80020988-5', NULL, NULL, NULL),
	(310, 'IRE', 1, 0, 0, 2, 'FARMA EXPRESS SA', NULL, NULL, NULL, NULL, NULL, '2', '80093221-8', NULL, NULL, NULL),
	(311, 'IRE', 1, 0, 0, 2, 'MIGUE FARMA SA', NULL, NULL, NULL, NULL, NULL, '2', '80044493-0', NULL, NULL, NULL),
	(312, 'IRE', 1, 0, 0, 2, 'FARMA SHOPPING SA', NULL, NULL, NULL, NULL, NULL, '2', '80099146-0', NULL, NULL, NULL),
	(313, 'IRE', 1, 0, 0, 2, 'FARMA GROUP SACI', NULL, NULL, NULL, NULL, NULL, '2', '80067552-5', NULL, NULL, NULL),
	(314, 'IRE', 1, 0, 0, 2, 'PROSALUD FARMA S.A', NULL, NULL, NULL, NULL, NULL, '2', '80033584-8', NULL, NULL, NULL),
	(315, 'IRE', 1, 0, 0, 2, 'FARMA GUARANI SA', NULL, NULL, NULL, NULL, NULL, '2', '80060344-3', NULL, NULL, NULL),
	(316, 'IRE', 1, 0, 0, 2, 'MACRO FARMA SA', NULL, NULL, NULL, NULL, NULL, '2', '80085266-4', NULL, NULL, NULL),
	(317, 'IRE', 1, 0, 0, 2, 'SOCIAL FARMA SA', NULL, NULL, NULL, NULL, NULL, '2', '80086296-1', NULL, NULL, NULL),
	(318, 'IRE', 1, 0, 0, 2, 'FARMA KOKE S.A', NULL, NULL, NULL, NULL, NULL, '2', '80109800-9', NULL, NULL, NULL),
	(319, 'IRE', 1, 0, 0, 2, 'FARMA RED INTERNACIONAL SA', NULL, NULL, NULL, NULL, NULL, '2', '80016216-1', NULL, NULL, NULL),
	(320, 'IRE', 1, 0, 0, 2, 'MF - MAXI FARMA SRL', NULL, NULL, NULL, NULL, NULL, '2', '80020216-3', NULL, NULL, NULL),
	(321, 'IRE', 1, 0, 0, 2, 'V Y T FARMA SA', NULL, NULL, NULL, NULL, NULL, '2', '80022776-0', NULL, NULL, NULL),
	(322, 'IRE', 1, 0, 0, 2, 'MUTUAL DE EMPLEADOS PUNTO FARMA', NULL, NULL, NULL, NULL, NULL, '2', '80108707-4', NULL, NULL, NULL),
	(323, 'IRE', 1, 0, 0, 2, 'MAXI FARMA ENCARNACION SA', NULL, NULL, NULL, NULL, NULL, '2', '80033464-7', NULL, NULL, NULL),
	(324, 'IRE', 1, 0, 0, 2, 'L.T. FARMA SA', NULL, NULL, NULL, NULL, NULL, '2', '80063437-3', NULL, NULL, NULL),
	(325, 'IRE', 1, 0, 0, 2, 'OSVALDO HEISECKE FARMACEUTICA SACI (OH FARMA SACI)', NULL, NULL, NULL, NULL, NULL, '2', '80029944-2', NULL, NULL, NULL),
	(326, 'IRE', 1, 0, 0, 2, 'EIRL, FLORENTIN MARTINEZ RAMON FARMA J.E.M.', NULL, NULL, NULL, NULL, NULL, '2', '80044045-5', NULL, NULL, NULL),
	(327, 'IRE', 1, 0, 0, 2, 'FARMA J.E.M. RAMON A.FLORENTIN MARTINEZ E.I.R.L.', NULL, NULL, NULL, NULL, NULL, '2', '80024785-0', NULL, NULL, NULL),
	(328, 'IRE', 1, 0, 0, 2, 'TOTAL SA', NULL, NULL, NULL, NULL, NULL, '2', '80047480-5', NULL, NULL, NULL),
	(329, 'IRE', 1, 0, 0, 2, 'VIDA TOTAL C.A', NULL, NULL, NULL, NULL, NULL, '2', '80059991-8', NULL, NULL, NULL),
	(330, 'IRE', 1, 0, 0, 2, 'ELECTRO TOTAL SRL', NULL, NULL, NULL, NULL, NULL, '2', '80028852-1', NULL, NULL, NULL),
	(331, 'IRE', 1, 0, 0, 2, 'ENERGIA TOTAL SA', NULL, NULL, NULL, NULL, NULL, '2', '80029872-1', NULL, NULL, NULL),
	(332, 'IRE', 1, 0, 0, 2, 'TOTAL COMERCIAL SRL', NULL, NULL, NULL, NULL, NULL, '2', '80007434-3', NULL, NULL, NULL),
	(333, 'IRE', 1, 0, 0, 2, 'ELECTRÓNICA TOTAL SRL', NULL, NULL, NULL, NULL, NULL, '2', '80097644-4', NULL, NULL, NULL),
	(334, 'IRE', 1, 0, 0, 2, 'ELECTRO TOTAL SRL', NULL, NULL, NULL, NULL, NULL, '2', '80010495-1', NULL, NULL, NULL),
	(335, 'IRE', 1, 0, 0, 2, 'TOTAL TEXTIL SRL', NULL, NULL, NULL, NULL, NULL, '2', '80005617-5', NULL, NULL, NULL),
	(336, 'IRE', 1, 0, 0, 2, 'DISTRIBUIDORAS TOTAL SRL', NULL, NULL, NULL, NULL, NULL, '2', '80020137-0', NULL, NULL, NULL),
	(337, 'IRE', 1, 0, 0, 2, 'TOTAL CARGO SRL', NULL, NULL, NULL, NULL, NULL, '2', '80022777-8', NULL, NULL, NULL),
	(338, 'IRE', 1, 0, 0, 2, 'LOGISTICA TOTAL SA', NULL, NULL, NULL, NULL, NULL, '2', '80026627-7', NULL, NULL, NULL),
	(339, 'IRE', 1, 0, 0, 2, 'TOTAL TRADING SRL', NULL, NULL, NULL, NULL, NULL, '2', '80063287-7', NULL, NULL, NULL),
	(340, 'IRE', 1, 0, 0, 2, 'TURBO TOTAL SRL', NULL, NULL, NULL, NULL, NULL, '2', '80026438-0', NULL, NULL, NULL),
	(341, 'IRE', 1, 0, 0, 2, 'SERVIS TOTAL SRL', NULL, NULL, NULL, NULL, NULL, '2', '80028608-1', NULL, NULL, NULL),
	(342, 'IRE', 1, 0, 0, 2, 'AGROVETERINARIA TOTAL SRL', NULL, NULL, NULL, NULL, NULL, '2', '80002739-6', NULL, NULL, NULL),
	(343, 'IRE', 1, 0, 0, 2, 'GRUPO TOTAL SA', NULL, NULL, NULL, NULL, NULL, '2', '80024839-2', NULL, NULL, NULL),
	(344, 'IRE', 1, 0, 0, 2, 'TOTAL SOLUCIONES SA', NULL, NULL, NULL, NULL, NULL, '2', '80090690-0', NULL, NULL, NULL),
	(345, 'IRE', 1, 0, 0, 2, 'TOTAL HEALTH SA', NULL, NULL, NULL, NULL, NULL, '2', '80087743-8', NULL, NULL, NULL),
	(346, 'IRE', 1, 0, 0, 2, 'PROTECCION TOTAL SA', NULL, NULL, NULL, NULL, NULL, '2', '80105583-0', NULL, NULL, NULL),
	(347, 'IRE', 1, 0, 0, 2, 'TOTAL INVERSIONES SA', NULL, NULL, NULL, NULL, NULL, '2', '80098912-0', NULL, NULL, NULL),
	(348, 'IRE', 1, 0, 0, 2, 'TOTAL TRADE SA', NULL, NULL, NULL, NULL, NULL, '2', '80069901-7', NULL, NULL, NULL),
	(349, 'IRE', 1, 0, 0, 2, 'EMPRENDIMIENTOS TOTAL SA', NULL, NULL, NULL, NULL, NULL, '2', '80079684-5', NULL, NULL, NULL),
	(350, 'IRE', 1, 0, 0, 2, 'AUTO TOTAL SA', NULL, NULL, NULL, NULL, NULL, '2', '80081685-4', NULL, NULL, NULL),
	(351, 'IRE', 1, 0, 0, 2, 'NAUTICA TOTAL SA', NULL, NULL, NULL, NULL, NULL, '2', '80075036-5', NULL, NULL, NULL),
	(352, 'IRE', 1, 0, 0, 2, 'TOTAL GSM SA', NULL, NULL, NULL, NULL, NULL, '2', '80073798-9', NULL, NULL, NULL),
	(353, 'IRE', 1, 0, 0, 2, 'TOTAL SERVICE SA', NULL, NULL, NULL, NULL, NULL, '2', '80109079-2', NULL, NULL, NULL),
	(354, 'IRE', 1, 0, 0, 2, 'TOTAL INVESTMENTS SA', NULL, NULL, NULL, NULL, NULL, '2', '80111359-8', NULL, NULL, NULL),
	(355, 'IRE', 1, 0, 0, 2, 'TRANSAMERICAN TOTAL TRADING SA', NULL, NULL, NULL, NULL, NULL, '2', '80013821-0', NULL, NULL, NULL),
	(356, 'IRE', 1, 0, 0, 2, 'LOGISTICA TOTAL PARAGUAY SRL', NULL, NULL, NULL, NULL, NULL, '2', '80046592-0', NULL, NULL, NULL),
	(357, 'IRE', 1, 0, 0, 2, 'SOLUCION TOTAL DE NEGOCIOS SA', NULL, NULL, NULL, NULL, NULL, '2', '80055973-8', NULL, NULL, NULL),
	(358, 'IRE', 1, 0, 0, 2, 'DISTRIBUIDORA VARIEDAD TOTAL SRL', NULL, NULL, NULL, NULL, NULL, '2', '80045664-5', NULL, NULL, NULL),
	(359, 'IRE', 1, 0, 0, 2, 'TOTAL RESOURCES EXPLORATION SRL', NULL, NULL, NULL, NULL, NULL, '2', '80101267-8', NULL, NULL, NULL),
	(360, 'IRE', 1, 0, 0, 2, 'TOTAL IMPORT-EXPORT S.A', NULL, NULL, NULL, NULL, NULL, '2', '80096617-1', NULL, NULL, NULL),
	(361, 'IRE', 1, 0, 0, 2, 'TOTAL TIM PARAGUAY SA', NULL, NULL, NULL, NULL, NULL, '2', '80037228-0', NULL, NULL, NULL),
	(362, 'IRE', 1, 0, 0, 2, 'TOTAL MEDIA TELEVISIVA DE PARAGUAY SRL', NULL, NULL, NULL, NULL, NULL, '2', '80103888-0', NULL, NULL, NULL),
	(363, 'IRE', 1, 0, 0, 2, 'TOTAL LIFE CHANGES PARAGUAY SA', NULL, NULL, NULL, NULL, NULL, '2', '80106426-0', NULL, NULL, NULL),
	(364, 'IRE', 1, 0, 0, 2, 'MONTAJE Y DESARROLLOS DE SEGURIDAD TOTAL SA', NULL, NULL, NULL, NULL, NULL, '2', '80021144-8', NULL, NULL, NULL),
	(365, 'IRE', 1, 0, 0, 2, 'SERVICIOS GENERAL SRL (TOTAL SERVIS SRL)', NULL, NULL, NULL, NULL, NULL, '2', '80033190-7', NULL, NULL, NULL),
	(366, 'IRE', 1, 0, 0, 2, 'TOTAL QUALITY & LOGISTICS SRL SUCURSAL PARAGUAY', NULL, NULL, NULL, NULL, NULL, '2', '80109105-5', NULL, NULL, NULL),
	(367, 'IRE', 1, 0, 0, 2, 'ESTACION DE SERVICIOS RINCON SA', NULL, NULL, NULL, NULL, NULL, '2', '80022471-0', NULL, NULL, NULL),
	(368, 'IRE', 1, 0, 0, 2, 'PRIMERA ESTACION DE SERVICIOS SRL', NULL, NULL, NULL, NULL, NULL, '2', '80022351-9', NULL, NULL, NULL),
	(369, 'IRE', 1, 0, 0, 2, 'ESTACION DE SERVICIOS AMAMBAY SRL', NULL, NULL, NULL, NULL, NULL, '2', '80025091-5', NULL, NULL, NULL),
	(370, 'IRE', 1, 0, 0, 2, 'ESTACION DE SERVICIO ITURBE SRL', NULL, NULL, NULL, NULL, NULL, '2', '80024982-8', NULL, NULL, NULL),
	(371, 'IRE', 1, 0, 0, 2, 'ESTACION DE SERVICIO BERGTHAL SRL', NULL, NULL, NULL, NULL, NULL, '2', '80015973-0', NULL, NULL, NULL),
	(372, 'IRE', 1, 0, 0, 2, 'ESTACION DE SERVICIOS TATARE SRL', NULL, NULL, NULL, NULL, NULL, '2', '80068436-2', NULL, NULL, NULL),
	(373, 'IRE', 1, 0, 0, 2, 'ESTACION DE SERVICIOS TERMINAL SRL', NULL, NULL, NULL, NULL, NULL, '2', '80002387-0', NULL, NULL, NULL),
	(374, 'IRE', 1, 0, 0, 2, 'ESTACION DE SERVICIOS PARANA SRL', NULL, NULL, NULL, NULL, NULL, '2', '80015357-0', NULL, NULL, NULL),
	(375, 'IRE', 1, 0, 0, 2, 'ESTACION DE SERVICIOS ÑANEMBA\'E SRL', NULL, NULL, NULL, NULL, NULL, '2', '80028137-3', NULL, NULL, NULL),
	(376, 'IRE', 1, 0, 0, 2, 'ESTACION DE SERVICIOS FUTURISTA SA', NULL, NULL, NULL, NULL, NULL, '2', '80032607-5', NULL, NULL, NULL),
	(377, 'IRE', 1, 0, 0, 2, 'ESTACION DE SERVICIO WILLI SRL', NULL, NULL, NULL, NULL, NULL, '2', '80022278-4', NULL, NULL, NULL),
	(378, 'IRE', 1, 0, 0, 2, 'ESTACION DE SERVICIO ROMA SRL', NULL, NULL, NULL, NULL, NULL, '2', '80102538-9', NULL, NULL, NULL),
	(379, 'IRE', 1, 0, 0, 2, 'ESTACION DE SERVICOS DE LA CORDILLERA SRL', NULL, NULL, NULL, NULL, NULL, '2', '80001519-3', NULL, NULL, NULL),
	(380, 'IRE', 1, 0, 0, 2, 'ESTACION DE SERVICIOS VILLARRICA SRL', NULL, NULL, NULL, NULL, NULL, '2', '80004329-4', NULL, NULL, NULL),
	(381, 'IRE', 1, 0, 0, 2, 'ESTACION DE SERVICIOS EL CAMIONERO SA', NULL, NULL, NULL, NULL, NULL, '2', '80057671-3', NULL, NULL, NULL),
	(382, 'IRE', 1, 0, 0, 2, 'ESTACION DE SERVICIOS PIRIBEBUY SA', NULL, NULL, NULL, NULL, NULL, '2', '80103104-4', NULL, NULL, NULL),
	(383, 'IRE', 1, 0, 0, 2, 'ESTACIONES DE SERVICIOS DEL SUR SA', NULL, NULL, NULL, NULL, NULL, '2', '80095696-6', NULL, NULL, NULL),
	(384, 'IRE', 1, 0, 0, 2, 'ESTACION DE SERVICIO LA KARRETA SA', NULL, NULL, NULL, NULL, NULL, '2', '80071747-3', NULL, NULL, NULL),
	(385, 'IRE', 1, 0, 0, 2, 'ESTACION DE SERVICIOS EL SOL SA', NULL, NULL, NULL, NULL, NULL, '2', '80094618-9', NULL, NULL, NULL),
	(386, 'IRE', 1, 0, 0, 2, 'ESTACIÓN DE SERVICIOS EBENEZER SA', NULL, NULL, NULL, NULL, NULL, '2', '80101949-4', NULL, NULL, NULL),
	(387, 'IRE', 1, 0, 0, 2, 'ESTACION DE SERVICIO JUSTI SA', NULL, NULL, NULL, NULL, NULL, '2', '80075720-3', NULL, NULL, NULL),
	(388, 'IRE', 1, 0, 0, 2, 'ESTACIÓN DE SERVICIO ÑANDU S.A', NULL, NULL, NULL, NULL, NULL, '2', '80090170-3', NULL, NULL, NULL),
	(389, 'IRE', 1, 0, 0, 2, 'ESTACION DE SERVICIO LAGORA S.A', NULL, NULL, NULL, NULL, NULL, '2', '80089511-8', NULL, NULL, NULL),
	(390, 'IRE', 1, 0, 0, 2, 'ESTACION DE SERVICIO CRISMAR SA', NULL, NULL, NULL, NULL, NULL, '2', '80071353-2', NULL, NULL, NULL),
	(391, 'IRE', 1, 0, 0, 2, 'ESTACIÓN DE SERVICIOS EL PIONERO S.A', NULL, NULL, NULL, NULL, NULL, '2', '80062956-6', NULL, NULL, NULL),
	(392, 'IRE', 1, 0, 0, 2, 'ESTACION DE SERVICIOS JUNIOR SA', NULL, NULL, NULL, NULL, NULL, '2', '80086149-3', NULL, NULL, NULL),
	(393, 'IRE', 1, 0, 0, 2, 'ESTACION DE SERVICIO DE LOS AMIGOS SRL', NULL, NULL, NULL, NULL, NULL, '2', '80001082-5', NULL, NULL, NULL),
	(394, 'IRE', 1, 0, 0, 2, 'ESTACION DE SERVICIOS ALBERDI SRL', NULL, NULL, NULL, NULL, NULL, '2', '80003855-0', NULL, NULL, NULL),
	(395, 'IRE', 1, 0, 0, 2, 'ESTACION DE SERVICIOS SATI SRL', NULL, NULL, NULL, NULL, NULL, '2', '80004608-0', NULL, NULL, NULL),
	(396, 'IRE', 1, 0, 0, 2, 'ESTACION DE SERVICIOS ELPA SA', NULL, NULL, NULL, NULL, NULL, '2', '80037990-0', NULL, NULL, NULL),
	(397, 'IRE', 1, 0, 0, 2, 'ESTACION DE SERVICIO RAMIREZ SA', NULL, NULL, NULL, NULL, NULL, '2', '80087577-0', NULL, NULL, NULL),
	(398, 'IRE', 1, 0, 0, 2, 'ESTACION DE SERVICIOS KATUPYRY SRL', NULL, NULL, NULL, NULL, NULL, '2', '80078080-9', NULL, NULL, NULL),
	(399, 'IRE', 1, 0, 0, 2, 'ESTACION DE SERVICIOS ALPINA SA', NULL, NULL, NULL, NULL, NULL, '2', '80025460-0', NULL, NULL, NULL),
	(400, 'IRE', 1, 0, 0, 2, 'ESTACIÓN DE SERVICIOS GÓMEZ SA', NULL, NULL, NULL, NULL, NULL, '2', '80110669-9', NULL, NULL, NULL),
	(401, 'IRE', 1, 0, 0, 2, 'ESTACION DE SERVICIOS SANTA TERESA SRL', NULL, NULL, NULL, NULL, NULL, '2', '80016590-0', NULL, NULL, NULL),
	(402, 'IRE', 1, 0, 0, 2, 'ESTACION DE SERVICIOS SAN NICOLAS SRL', NULL, NULL, NULL, NULL, NULL, '2', '80024912-7', NULL, NULL, NULL),
	(403, 'IRE', 1, 0, 0, 2, 'ESTACION DE SERVICIO LOMA PLATA SRL', NULL, NULL, NULL, NULL, NULL, '2', '80029262-6', NULL, NULL, NULL),
	(404, 'IRE', 1, 0, 0, 2, 'ESTACION DE SERVICIO COE-YU SRL', NULL, NULL, NULL, NULL, NULL, '2', '80029333-9', NULL, NULL, NULL),
	(405, 'IRE', 1, 0, 0, 2, 'ESTACION DE SERVICIO NUEVA TOLEDO SRL', NULL, NULL, NULL, NULL, NULL, '2', '80061783-5', NULL, NULL, NULL),
	(406, 'IRE', 1, 0, 0, 2, 'ESTACION DE SERVICIO 14 DE MAYO SRL', NULL, NULL, NULL, NULL, NULL, '2', '80004246-8', NULL, NULL, NULL),
	(407, 'IRE', 1, 0, 0, 2, 'ESTACION DE SERVICIO CERRO CORA SRL', NULL, NULL, NULL, NULL, NULL, '2', '80023646-7', NULL, NULL, NULL),
	(408, 'IRE', 1, 0, 0, 2, 'ESTACION DE SERVICIO MINGA PORA SRL', NULL, NULL, NULL, NULL, NULL, '2', '80008327-0', NULL, NULL, NULL),
	(409, 'IRE', 1, 0, 0, 2, 'ESTACION DE SERVICIOS ALTO PARANA SRL', NULL, NULL, NULL, NULL, NULL, '2', '80052277-0', NULL, NULL, NULL),
	(410, 'IRE', 1, 0, 0, 2, 'ESTACION DE SERVICIO M. C. SRL', NULL, NULL, NULL, NULL, NULL, '2', '80084477-7', NULL, NULL, NULL),
	(411, 'IRE', 1, 0, 0, 2, 'ESTACION DE SERVICIO SAN VICENTE SRL', NULL, NULL, NULL, NULL, NULL, '2', '80094837-8', NULL, NULL, NULL),
	(412, 'IRE', 1, 0, 0, 2, 'ESTACIÓN DE SERVICIOS VILLALBA ACEVAL SRL', NULL, NULL, NULL, NULL, NULL, '2', '80107357-0', NULL, NULL, NULL),
	(413, 'IRE', 1, 0, 0, 2, 'ESTACION DE SERVICIO ALTO PARANA SRL', NULL, NULL, NULL, NULL, NULL, '2', '80002418-4', NULL, NULL, NULL),
	(414, 'IRE', 1, 0, 0, 2, 'ESTACION DE SERVICIO CAI PUENTE SRL', NULL, NULL, NULL, NULL, NULL, '2', '80022169-9', NULL, NULL, NULL),
	(415, 'IRE', 1, 0, 0, 2, 'ESTACIONES DE SERVICIOS K Y M SRL', NULL, NULL, NULL, NULL, NULL, '2', '80097029-2', NULL, NULL, NULL),
	(416, 'IRE', 1, 0, 0, 2, 'ESTACION DE SERVICIOS G. T. SA', NULL, NULL, NULL, NULL, NULL, '2', '80086755-6', NULL, NULL, NULL),
	(417, 'IRE', 1, 0, 0, 2, 'ESTACION DE SERVICIO PERLA CONCEPCION SA', NULL, NULL, NULL, NULL, NULL, '2', '80082276-5', NULL, NULL, NULL),
	(418, 'IRE', 1, 0, 0, 2, 'ESTACIÓN DE SERVICIO MOSQUEIRA LESME SA', NULL, NULL, NULL, NULL, NULL, '2', '80107147-0', NULL, NULL, NULL),
	(419, 'IRE', 1, 0, 0, 2, 'ESTACION DE SERVICIO TIO TEO SRL', NULL, NULL, NULL, NULL, NULL, '2', '80003538-0', NULL, NULL, NULL),
	(420, 'IRE', 1, 0, 0, 2, 'ASOCIACION DE PROPIETARIOS Y OPERADORES DE ESTACIONES DE SERVICIOS Y AFINES', NULL, NULL, NULL, NULL, NULL, '2', '80030445-4', NULL, NULL, NULL),
	(421, 'IRE', 1, 0, 0, 2, 'SERVAZ DEL PARAGUAY SA SERV.DE DESFORESTACION Y CONSTRUCCION', NULL, NULL, NULL, NULL, NULL, '2', '80010647-4', NULL, NULL, NULL),
	(422, 'IRE', 1, 0, 0, 2, 'ESTACION DE SERVICIO SAN VICENTE II SRL SRL', NULL, NULL, NULL, NULL, NULL, '2', '80100147-1', NULL, NULL, NULL),
	(423, 'IRE', 1, 0, 0, 2, 'FIDEICOMISO DE GARANTIA ESTACION DE SERVICIO LAGORA SA - BANCO GNB', NULL, NULL, NULL, NULL, NULL, '2', '80110932-9', NULL, NULL, NULL),
	(424, 'IRE', 1, 0, 0, 2, 'MULTI SHOP SRL', NULL, NULL, NULL, NULL, NULL, '2', '80017280-9', NULL, NULL, NULL),
	(425, 'IRE', 1, 0, 0, 2, 'CAROL SHOP SRL', NULL, NULL, NULL, NULL, NULL, '2', '80032710-1', NULL, NULL, NULL),
	(426, 'IRE', 1, 0, 0, 2, 'CELL SHOP SRL', NULL, NULL, NULL, NULL, NULL, '2', '80044750-6', NULL, NULL, NULL),
	(427, 'IRE', 1, 0, 0, 2, 'GENIAL SHOP SRL', NULL, NULL, NULL, NULL, NULL, '2', '80069860-6', NULL, NULL, NULL),
	(428, 'IRE', 1, 0, 0, 2, 'TOP SHOP SRL', NULL, NULL, NULL, NULL, NULL, '2', '80006441-0', NULL, NULL, NULL),
	(429, 'IRE', 1, 0, 0, 2, 'CIGAR SHOP SRL', NULL, NULL, NULL, NULL, NULL, '2', '80020611-8', NULL, NULL, NULL),
	(430, 'IRE', 1, 0, 0, 2, 'SARI SHOP SA', NULL, NULL, NULL, NULL, NULL, '2', '80032581-8', NULL, NULL, NULL),
	(431, 'IRE', 1, 0, 0, 2, 'LUBRI SHOP SRL', NULL, NULL, NULL, NULL, NULL, '2', '80039161-6', NULL, NULL, NULL),
	(432, 'IRE', 1, 0, 0, 2, 'POLI SHOP SRL', NULL, NULL, NULL, NULL, NULL, '2', '80055191-5', NULL, NULL, NULL),
	(433, 'IRE', 1, 0, 0, 2, 'BAHIA SHOP SRL', NULL, NULL, NULL, NULL, NULL, '2', '80018362-2', NULL, NULL, NULL),
	(434, 'IRE', 1, 0, 0, 2, 'SPORT SHOP SRL', NULL, NULL, NULL, NULL, NULL, '2', '80049622-1', NULL, NULL, NULL),
	(435, 'IRE', 1, 0, 0, 2, 'LONDON SHOP SRL', NULL, NULL, NULL, NULL, NULL, '2', '80007423-8', NULL, NULL, NULL),
	(436, 'IRE', 1, 0, 0, 2, 'STOP SHOP SRL', NULL, NULL, NULL, NULL, NULL, '2', '80029693-1', NULL, NULL, NULL),
	(437, 'IRE', 1, 0, 0, 2, 'ANJO SHOP SRL', NULL, NULL, NULL, NULL, NULL, '2', '80100973-1', NULL, NULL, NULL),
	(438, 'IRE', 1, 0, 0, 2, 'TAK SHOP SRL', NULL, NULL, NULL, NULL, NULL, '2', '80032374-2', NULL, NULL, NULL),
	(439, 'IRE', 1, 0, 0, 2, 'COMPU SHOP SA', NULL, NULL, NULL, NULL, NULL, '2', '80049244-7', NULL, NULL, NULL),
	(440, 'IRE', 1, 0, 0, 2, 'SOFT-SHOP SRL', NULL, NULL, NULL, NULL, NULL, '2', '80000026-9', NULL, NULL, NULL),
	(441, 'IRE', 1, 0, 0, 2, 'PANDA SHOP SRL', NULL, NULL, NULL, NULL, NULL, '2', '80012535-5', NULL, NULL, NULL),
	(442, 'IRE', 1, 0, 0, 2, 'GRIFFIN SHOP SRL', NULL, NULL, NULL, NULL, NULL, '2', '80056165-1', NULL, NULL, NULL),
	(443, 'IRE', 1, 0, 0, 2, 'DIGITAL SHOP SRL', NULL, NULL, NULL, NULL, NULL, '2', '80059505-0', NULL, NULL, NULL),
	(444, 'IRE', 1, 0, 0, 2, 'EL SHOP DEL CENTRO SRL', NULL, NULL, NULL, NULL, NULL, '2', '80070625-0', NULL, NULL, NULL),
	(445, 'IRE', 1, 0, 0, 2, 'MADER SHOP SA', NULL, NULL, NULL, NULL, NULL, '2', '80027206-4', NULL, NULL, NULL),
	(446, 'IRE', 1, 0, 0, 2, 'OPTI-SHOP SRL', NULL, NULL, NULL, NULL, NULL, '2', '80064616-9', NULL, NULL, NULL),
	(447, 'IRE', 1, 0, 0, 2, 'FERRE SHOP SRL', NULL, NULL, NULL, NULL, NULL, '2', '80012937-7', NULL, NULL, NULL),
	(448, 'IRE', 1, 0, 0, 2, 'MOVIL SHOP SA', NULL, NULL, NULL, NULL, NULL, '2', '80053717-3', NULL, NULL, NULL),
	(449, 'IRE', 1, 0, 0, 2, 'FONO SHOP SA', NULL, NULL, NULL, NULL, NULL, '2', '80025798-7', NULL, NULL, NULL),
	(450, 'IRE', 1, 0, 0, 2, '7X+SHOP SA', NULL, NULL, NULL, NULL, NULL, '2', '80065383-1', NULL, NULL, NULL),
	(451, 'IRE', 1, 0, 0, 2, 'ARQUI SHOP SRL', NULL, NULL, NULL, NULL, NULL, '2', '80010908-2', NULL, NULL, NULL),
	(452, 'IRE', 1, 0, 0, 2, 'SHOP TIME SRL', NULL, NULL, NULL, NULL, NULL, '2', '80037608-0', NULL, NULL, NULL),
	(453, 'IRE', 1, 0, 0, 2, 'AUTO SHOP SRL', NULL, NULL, NULL, NULL, NULL, '2', '80012219-4', NULL, NULL, NULL),
	(454, 'IRE', 1, 0, 0, 2, 'AUDIO SHOP SRL', NULL, NULL, NULL, NULL, NULL, '2', '80035519-9', NULL, NULL, NULL),
	(455, 'IRE', 1, 0, 0, 2, 'MERIDIONAL SHOP SRL', NULL, NULL, NULL, NULL, NULL, '2', '80050109-8', NULL, NULL, NULL),
	(456, 'IRE', 1, 0, 0, 2, 'CYBER SHOP SRL', NULL, NULL, NULL, NULL, NULL, '2', '80052229-0', NULL, NULL, NULL),
	(457, 'IRE', 1, 0, 0, 2, 'GALLYA SHOP SA', NULL, NULL, NULL, NULL, NULL, '2', '80047780-4', NULL, NULL, NULL),
	(458, 'IRE', 1, 0, 0, 2, 'A7 SHOP SA', NULL, NULL, NULL, NULL, NULL, '2', '80095200-6', NULL, NULL, NULL),
	(459, 'IRE', 1, 0, 0, 2, 'GLOBO SHOP SA', NULL, NULL, NULL, NULL, NULL, '2', '80071481-4', NULL, NULL, NULL),
	(460, 'IRE', 1, 0, 0, 2, 'LINCOLN SHOP SA', NULL, NULL, NULL, NULL, NULL, '2', '80069242-0', NULL, NULL, NULL),
	(461, 'IRE', 1, 0, 0, 2, 'POWERLINE SHOP SA', NULL, NULL, NULL, NULL, NULL, '2', '80096753-4', NULL, NULL, NULL),
	(462, 'IRE', 1, 0, 0, 2, 'AERO SHOP SA', NULL, NULL, NULL, NULL, NULL, '2', '80098185-5', NULL, NULL, NULL),
	(463, 'IRE', 1, 0, 0, 2, 'MIX SHOP SA', NULL, NULL, NULL, NULL, NULL, '2', '80067656-4', NULL, NULL, NULL),
	(464, 'IRE', 1, 0, 0, 2, 'POLY SHOP SA', NULL, NULL, NULL, NULL, NULL, '2', '80089567-3', NULL, NULL, NULL),
	(465, 'IRE', 1, 0, 0, 2, 'DUBAI SHOP SA', NULL, NULL, NULL, NULL, NULL, '2', '80097307-0', NULL, NULL, NULL),
	(466, 'IRE', 1, 0, 0, 2, 'CLASS SHOP SA', NULL, NULL, NULL, NULL, NULL, '2', '80073081-0', NULL, NULL, NULL),
	(467, 'IRE', 1, 0, 0, 2, 'BORDER SHOP SA', NULL, NULL, NULL, NULL, NULL, '2', '80036652-2', NULL, NULL, NULL),
	(468, 'IRE', 1, 0, 0, 2, 'COLOR SHOP SA', NULL, NULL, NULL, NULL, NULL, '2', '80052932-4', NULL, NULL, NULL),
	(469, 'IRE', 1, 0, 0, 2, 'ZAPA SHOP SA', NULL, NULL, NULL, NULL, NULL, '2', '80053423-9', NULL, NULL, NULL),
	(470, 'IRE', 1, 0, 0, 2, 'AZ SHOP SA', NULL, NULL, NULL, NULL, NULL, '2', '80065054-9', NULL, NULL, NULL),
	(471, 'IRE', 1, 0, 0, 2, 'NAVE SHOP SA', NULL, NULL, NULL, NULL, NULL, '2', '80031346-1', NULL, NULL, NULL),
	(472, 'IRE', 1, 0, 0, 2, 'ARGUS SHOP SA', NULL, NULL, NULL, NULL, NULL, '2', '80092517-3', NULL, NULL, NULL),
	(473, 'IRE', 1, 0, 0, 2, 'CYCLES SHOP SA', NULL, NULL, NULL, NULL, NULL, '2', '80097587-1', NULL, NULL, NULL),
	(474, 'IRE', 1, 0, 0, 2, 'GLOBAL SHOP SA', NULL, NULL, NULL, NULL, NULL, '2', '80052919-7', NULL, NULL, NULL),
	(475, 'IRE', 1, 0, 0, 2, 'PLANETA SHOP SA', NULL, NULL, NULL, NULL, NULL, '2', '80066959-2', NULL, NULL, NULL),
	(476, 'IRE', 1, 0, 0, 2, 'SPORT SHOP SRL', NULL, NULL, NULL, NULL, NULL, '2', '80005615-9', NULL, NULL, NULL),
	(477, 'IRE', 1, 0, 0, 2, 'S.A SHOP SRL', NULL, NULL, NULL, NULL, NULL, '2', '80067273-9', NULL, NULL, NULL),
	(478, 'IRE', 1, 0, 0, 2, 'FREE SHOP DEL ESTE SA', NULL, NULL, NULL, NULL, NULL, '2', '80085796-8', NULL, NULL, NULL),
	(479, 'IRE', 1, 0, 0, 2, 'CARNI SHOP SRL', NULL, NULL, NULL, NULL, NULL, '2', '80019109-9', NULL, NULL, NULL),
	(480, 'IRE', 1, 0, 0, 2, 'MINI-SHOP CENTER SRL', NULL, NULL, NULL, NULL, NULL, '2', '80019670-8', NULL, NULL, NULL),
	(481, 'IRE', 1, 0, 0, 2, 'LENNON RECORD SHOP SRL', NULL, NULL, NULL, NULL, NULL, '2', '80000861-8', NULL, NULL, NULL),
	(482, 'IRE', 1, 0, 0, 2, 'PARANA FREE SHOP SA', NULL, NULL, NULL, NULL, NULL, '2', '80040151-4', NULL, NULL, NULL),
	(483, 'IRE', 1, 0, 0, 2, 'IMPORTADORA TOP SHOP SRL', NULL, NULL, NULL, NULL, NULL, '2', '80085981-2', NULL, NULL, NULL),
	(484, 'IRE', 1, 0, 0, 2, 'NEW SHOP SELLOS SRL', NULL, NULL, NULL, NULL, NULL, '2', '80101521-9', NULL, NULL, NULL),
	(485, 'IRE', 1, 0, 0, 2, 'WORLD BIKE SHOP SRL', NULL, NULL, NULL, NULL, NULL, '2', '80095743-1', NULL, NULL, NULL),
	(486, 'IRE', 1, 0, 0, 2, 'COLOR SHOP DIGITAL SA', NULL, NULL, NULL, NULL, NULL, '2', '80011225-3', NULL, NULL, NULL),
	(487, 'IRE', 1, 0, 0, 2, 'SONY DIGITAL SHOP SRL', NULL, NULL, NULL, NULL, NULL, '2', '80028005-9', NULL, NULL, NULL),
	(488, 'IRE', 1, 0, 0, 2, 'STYLE SONY SHOP SA', NULL, NULL, NULL, NULL, NULL, '2', '80038335-4', NULL, NULL, NULL),
	(489, 'IRE', 1, 0, 0, 2, 'BILINGUAL BOOK SHOP SRL', NULL, NULL, NULL, NULL, NULL, '2', '80012169-4', NULL, NULL, NULL),
	(490, 'IRE', 1, 0, 0, 2, 'SONY FREE SHOP SRL', NULL, NULL, NULL, NULL, NULL, '2', '80046269-6', NULL, NULL, NULL),
	(491, 'IRE', 1, 0, 0, 2, 'RELOJERIA MINI SHOP SRL', NULL, NULL, NULL, NULL, NULL, '2', '80055989-4', NULL, NULL, NULL),
	(492, 'IRE', 1, 0, 0, 2, 'CITY SHOP AUTOMOTORES SA', NULL, NULL, NULL, NULL, NULL, '2', '80079832-5', NULL, NULL, NULL),
	(493, 'IRE', 1, 0, 0, 2, 'PILOT\'S SHOP SA', NULL, NULL, NULL, NULL, NULL, '2', '80077809-0', NULL, NULL, NULL),
	(494, 'IRE', 1, 0, 0, 2, 'TOURIST FREE SHOP SRL', NULL, NULL, NULL, NULL, NULL, '2', '80005089-4', NULL, NULL, NULL),
	(495, 'IRE', 1, 0, 0, 2, 'A CHU CHU BABY SHOP SRL', NULL, NULL, NULL, NULL, NULL, '2', '80019192-7', NULL, NULL, NULL),
	(496, 'IRE', 1, 0, 0, 2, 'ASA SHOP IMPORT EXPORT SRL', NULL, NULL, NULL, NULL, NULL, '2', '80031793-9', NULL, NULL, NULL),
	(497, 'IRE', 1, 0, 0, 2, 'V & G PC SHOP SRL', NULL, NULL, NULL, NULL, NULL, '2', '80018626-5', NULL, NULL, NULL),
	(498, 'IRE', 1, 0, 0, 2, 'SHOP R.T.U. SA', NULL, NULL, NULL, NULL, NULL, '2', '80081174-7', NULL, NULL, NULL),
	(499, 'IRE', 1, 0, 0, 2, 'STYLU\'S PET SHOP SA', NULL, NULL, NULL, NULL, NULL, '2', '80101009-8', NULL, NULL, NULL),
	(500, 'IRE', 1, 0, 0, 2, 'KAREN SHOP IMPORT EXPORT SA', NULL, NULL, NULL, NULL, NULL, '2', '80054615-6', NULL, NULL, NULL),
	(501, 'IRE', 1, 0, 0, 2, 'SAN PEDRO SHOP CENTER SA', NULL, NULL, NULL, NULL, NULL, '2', '80057019-7', NULL, NULL, NULL),
	(502, 'IRE', 1, 0, 0, 2, 'UNIVERSAL PAINT SHOP IMPORT EXPORT SA', NULL, NULL, NULL, NULL, NULL, '2', '80045081-7', NULL, NULL, NULL),
	(503, 'IRE', 1, 0, 0, 2, 'FREE SHOP SRL (USUARIO ZONA FRANCA)', NULL, NULL, NULL, NULL, NULL, '2', '80002794-9', NULL, NULL, NULL),
	(504, 'IRE', 1, 0, 0, 2, 'BEAUTY SHOP AND COSMETICS PARAGUAY SA', NULL, NULL, NULL, NULL, NULL, '2', '80101366-6', NULL, NULL, NULL),
	(505, 'IRE', 1, 0, 0, 2, 'MA DEVA SHOP IMPORTADOS IMPORT - EXPORT SRL', NULL, NULL, NULL, NULL, NULL, '2', '80076782-9', NULL, NULL, NULL),
	(506, 'IRE', 1, 0, 0, 2, 'FIDEICOMISO DE TITULARIZACION DE FLUJO FUTURO DE CAJA E INVENTARIO PCIZZI ARMAZEN NAVE SHOP 01', NULL, NULL, NULL, NULL, NULL, '2', '80075244-9', NULL, NULL, NULL),
	(507, 'IVA', 1, 1, 0, 1, 'MEDINA VDA. DE LOPEZ, MARIA NATIVIDAD', NULL, NULL, NULL, NULL, NULL, '2', '4495351-8', NULL, NULL, NULL),
	(508, 'IVA', 1, 0, 0, 1, 'VAZQUEZ VDA DE SERRATTI, MARIA NATIVIDAD DEL ROSARIO', NULL, NULL, NULL, NULL, NULL, '2', '429943-4', NULL, NULL, NULL),
	(509, 'IVA', 1, 0, 0, 1, 'HARRISON VDA DE SOSA, NATIVIDAD MARIA JOSEFINA', NULL, NULL, NULL, NULL, NULL, '2', '93083-0', NULL, NULL, NULL),
	(510, 'IVA', 1, 0, 0, 1, 'COND. MARIA CARMEN NATIVIDAD GARCIA VDA. DE STANLEY Y OTROS', NULL, NULL, NULL, NULL, NULL, '2', '80011240-7', NULL, NULL, NULL),
	(511, 'IRE', 1, 0, 0, 2, 'COOPERATIVA DE FUNCIONARIOS COOPERATIVOS DE USUARIOS DE VIVIENDAS - FUNCOOP LTDA.', NULL, NULL, NULL, NULL, NULL, '2', '80073092-5', NULL, NULL, NULL),
	(512, 'IRE', 1, 0, 0, 2, 'COOPERATIVA DE VECINOS DE LUQUE - COOPERATIVA DE VIVIENDAS DE LUQUE - COOVELUQ', NULL, NULL, NULL, NULL, NULL, '2', '80068753-1', NULL, NULL, NULL),
	(513, 'IRE', 1, 0, 0, 2, 'COOPERATIVA MULTIACTIVA DE AHORRO Y CREDITO,TRABAJO Y SERVICIOS DE PROFESIONALES EN ADMINISTRACION COOPERATIVA Y CARRERAS AFINES', NULL, NULL, NULL, NULL, NULL, '2', '80082234-0', NULL, NULL, NULL),
	(514, 'IRE', 1, 0, 0, 2, 'COOPERATIVA ARASUNU', NULL, NULL, NULL, NULL, NULL, '2', '80079166-5', NULL, NULL, NULL),
	(515, 'IRE', 1, 0, 0, 2, 'COOPERATIVA JUVECOOP LTDA.', NULL, NULL, NULL, NULL, NULL, '2', '80036840-1', NULL, NULL, NULL),
	(516, 'IRE', 1, 0, 0, 2, 'COOPERATIVA HUMAITA LIMITADA', NULL, NULL, NULL, NULL, NULL, '2', '80075640-1', NULL, NULL, NULL),
	(517, 'IRE', 1, 0, 0, 2, 'COOPERATIVAS REPATRIADOS DEL ESTE LTDA.', NULL, NULL, NULL, NULL, NULL, '2', '80009033-0', NULL, NULL, NULL),
	(518, 'IRE', 1, 0, 0, 2, 'COOPERATIVA MBURUVICHA LTDA.', NULL, NULL, NULL, NULL, NULL, '2', '80006964-1', NULL, NULL, NULL),
	(519, 'IRE', 1, 0, 0, 2, 'COOPERATIVA ESTANZUELA LIMITADA', NULL, NULL, NULL, NULL, NULL, '2', '80069044-3', NULL, NULL, NULL),
	(520, 'IRE', 1, 0, 0, 2, 'CENTRAL REGIONAL DE COOPERATIVAS', NULL, NULL, NULL, NULL, NULL, '2', '80107254-9', NULL, NULL, NULL),
	(521, 'IRE', 1, 0, 0, 2, 'GESTION COOPERATIVA SA', NULL, NULL, NULL, NULL, NULL, '2', '80099766-2', NULL, NULL, NULL),
	(522, 'IRE', 1, 0, 0, 2, 'COOPERATIVA CAMPESINA LIMITADA', NULL, NULL, NULL, NULL, NULL, '2', '80084949-3', NULL, NULL, NULL),
	(523, 'IRE', 1, 0, 0, 2, 'COOPERATIVA CHORTITZER LTDA.', NULL, NULL, NULL, NULL, NULL, '2', '80004464-9', NULL, NULL, NULL),
	(524, 'IRE', 1, 0, 0, 2, 'COVISA COOPERATIVA DE AVICULTORES LTDA.', NULL, NULL, NULL, NULL, NULL, '2', '80002160-6', NULL, NULL, NULL),
	(525, 'IRE', 1, 0, 0, 2, 'COOPERATIVA DEL ESPIRITU SANTO LTDA', NULL, NULL, NULL, NULL, NULL, '2', '80059090-2', NULL, NULL, NULL),
	(526, 'IRE', 1, 0, 0, 2, 'COOPERATIVA DE TRABAJO TELCOOPY LTDA', NULL, NULL, NULL, NULL, NULL, '2', '80064380-1', NULL, NULL, NULL),
	(527, 'IRE', 1, 0, 0, 2, 'COOPERATIVA MULTIACTIVA LA HERMANDAD LTDA.', NULL, NULL, NULL, NULL, NULL, '2', '80054921-0', NULL, NULL, NULL),
	(528, 'IRE', 1, 0, 0, 2, 'COOPERATIVA MULTIACTIVA LOS CAMBISTAS LTDA.', NULL, NULL, NULL, NULL, NULL, '2', '80061511-5', NULL, NULL, NULL),
	(529, 'IRE', 1, 0, 0, 2, 'CENTRAL DE COOPERATIVAS MULTIACTIVAS DEL PARAGUAY', NULL, NULL, NULL, NULL, NULL, '2', '80067581-9', NULL, NULL, NULL),
	(530, 'IRE', 1, 0, 0, 2, 'COOPERATIVA MULTIACTIVA PYKASU LTDA.', NULL, NULL, NULL, NULL, NULL, '2', '80084311-8', NULL, NULL, NULL),
	(531, 'IRE', 1, 0, 0, 2, 'COOPERATIVA DE TRANSPORTISTAS TRANSTAXI LIMITADA', NULL, NULL, NULL, NULL, NULL, '2', '80006792-4', NULL, NULL, NULL),
	(532, 'IRE', 1, 0, 0, 2, 'COOPERATIVA MULTIACTIVA PRESICOOP LTDA', NULL, NULL, NULL, NULL, NULL, '2', '80047573-9', NULL, NULL, NULL),
	(533, 'IRE', 1, 0, 0, 2, 'COOPERATIVA MULTIACTIVA AMERICANA LTDA', NULL, NULL, NULL, NULL, NULL, '2', '80067153-8', NULL, NULL, NULL),
	(534, 'IRE', 1, 0, 0, 2, 'COOPERATIVA MULTACTIVA PACHECO LTDA.', NULL, NULL, NULL, NULL, NULL, '2', '80046714-0', NULL, NULL, NULL),
	(535, 'IRE', 1, 0, 0, 2, 'COOPERATIVA TATÁ REMBIAPÓ LTDA.', NULL, NULL, NULL, NULL, NULL, '2', '80062184-0', NULL, NULL, NULL),
	(536, 'IRE', 1, 0, 0, 2, 'COOPERATIVA DE TRABAJO COOPDETRAB LTDA.', NULL, NULL, NULL, NULL, NULL, '2', '80064514-6', NULL, NULL, NULL),
	(537, 'IRE', 1, 0, 0, 2, 'COOPERATIVA MULTIACTIVA COOPARTEK LTDA.', NULL, NULL, NULL, NULL, NULL, '2', '80078274-7', NULL, NULL, NULL),
	(538, 'IRE', 1, 0, 0, 2, 'FEDERACION DE COOPERATIVAS SOLIDARIAS LIMITADA', NULL, NULL, NULL, NULL, NULL, '2', '80094154-3', NULL, NULL, NULL),
	(539, 'IRE', 1, 0, 0, 2, 'FEDERACION DE COOPERATIVAS DE PRODUCCION FECOPRODLTDA', NULL, NULL, NULL, NULL, NULL, '2', '80001085-0', NULL, NULL, NULL),
	(540, 'IRE', 1, 0, 0, 2, 'COOPERATIVA DE PRESTAMOS Y AYUDA SOCIAL', NULL, NULL, NULL, NULL, NULL, '2', '80021945-7', NULL, NULL, NULL),
	(541, 'IRE', 1, 0, 0, 2, 'COOPERATIVA MULTIACTIVA CHE DUO', NULL, NULL, NULL, NULL, NULL, '2', '80059115-1', NULL, NULL, NULL),
	(542, 'IRE', 1, 0, 0, 2, 'CENTRAL DE COOPERATIVAS SOLIDARIAS LIMITADA', NULL, NULL, NULL, NULL, NULL, '2', '80094155-1', NULL, NULL, NULL),
	(543, 'IRE', 1, 0, 0, 2, 'RURAL COOPERATIVA PECUARIA LTDA', NULL, NULL, NULL, NULL, NULL, '2', '80001466-9', NULL, NULL, NULL),
	(544, 'IRE', 1, 0, 0, 2, 'COOPERATIVA DE PRODUCCION LA GRANJERA LTDA', NULL, NULL, NULL, NULL, NULL, '2', '80009026-8', NULL, NULL, NULL),
	(545, 'IRE', 1, 0, 0, 2, 'COOPERATIVA MULTIACTIVA LA PASTORA LTDA', NULL, NULL, NULL, NULL, NULL, '2', '80053106-0', NULL, NULL, NULL),
	(546, 'IRE', 1, 0, 0, 2, 'COOPERATIVA ALIANZA SOLIDARIA LTDA', NULL, NULL, NULL, NULL, NULL, '2', '80053656-8', NULL, NULL, NULL),
	(547, 'IRE', 1, 0, 0, 2, 'COOPERATIVA DE FUNCIONARIOS DEL HOSPITAL CAPIATA', NULL, NULL, NULL, NULL, NULL, '2', '80084036-4', NULL, NULL, NULL),
	(548, 'IRE', 1, 0, 0, 2, 'COOPERATIVA ASUNCENA DE HORTICULTORES LIMITADA', NULL, NULL, NULL, NULL, NULL, '2', '80000117-6', NULL, NULL, NULL),
	(549, 'IRE', 1, 0, 0, 2, 'COOPERATIVA DE TRABAJO MAINUMBY LIMITADA', NULL, NULL, NULL, NULL, NULL, '2', '80007887-0', NULL, NULL, NULL),
	(550, 'IRE', 1, 0, 0, 2, 'COOPERATIVA MULTIACTIVA YAGUARON LTDA', NULL, NULL, NULL, NULL, NULL, '2', '80010697-0', NULL, NULL, NULL),
	(551, 'IRE', 1, 0, 0, 2, 'COOPERATIVA MULTIACTIVA HOREB LIMITADA', NULL, NULL, NULL, NULL, NULL, '2', '80024547-4', NULL, NULL, NULL),
	(552, 'IRE', 1, 0, 0, 2, 'ASOCIACION DE COOPERATIVAS ARGENTINAS LIMITADA', NULL, NULL, NULL, NULL, NULL, '2', '80070517-3', NULL, NULL, NULL),
	(553, 'IRE', 1, 0, 0, 2, 'COOPERATIVA COSTA ROSADO LTDA.', NULL, NULL, NULL, NULL, NULL, '2', '80086197-3', NULL, NULL, NULL),
	(554, 'IRE', 1, 0, 0, 2, 'COOPERATIVA AGRÍCOLA FRIESLAND LTDA.', NULL, NULL, NULL, NULL, NULL, '2', '80000748-4', NULL, NULL, NULL),
	(555, 'IRE', 1, 0, 0, 2, 'COOPERATIVA MULTIACTIVA BSC LTDA', NULL, NULL, NULL, NULL, NULL, '2', '80027148-3', NULL, NULL, NULL),
	(556, 'IRE', 1, 0, 0, 2, 'COOPERATIVA DE TRABAJO COOSERTEC LTDA.', NULL, NULL, NULL, NULL, NULL, '2', '80046328-5', NULL, NULL, NULL),
	(557, 'IRE', 1, 0, 0, 2, 'COOPERATIVA MULTIACTIVA DESMOCHADO LTDA.', NULL, NULL, NULL, NULL, NULL, '2', '80070608-0', NULL, NULL, NULL),
	(558, 'IRE', 1, 0, 0, 2, 'COOPERATIVA AGROINDUSTRIAL MARACANA LIMITADA', NULL, NULL, NULL, NULL, NULL, '2', '80018229-4', NULL, NULL, NULL),
	(559, 'IRE', 1, 0, 0, 2, 'COOPERATIVA MULTIACTIVA COOPEMAVI LTDA.', NULL, NULL, NULL, NULL, NULL, '2', '80046499-0', NULL, NULL, NULL),
	(560, 'IRE', 1, 0, 0, 2, 'COOPERATIVA MULTIACTIVA COOPECINCO LTDA', NULL, NULL, NULL, NULL, NULL, '2', '80048729-0', NULL, NULL, NULL),
	(561, 'IRE', 1, 0, 0, 2, 'COOPERATIVA MULTIACTIVA MANANTIAL LIMITADA', NULL, NULL, NULL, NULL, NULL, '2', '80056289-5', NULL, NULL, NULL),
	(562, 'IRE', 1, 0, 0, 2, 'COOPERATIVA CHAPARRO ZORRILLA LTDA.', NULL, NULL, NULL, NULL, NULL, '2', '80081099-6', NULL, NULL, NULL),
	(563, 'IRE', 1, 0, 0, 2, 'COOPERATIVA MULTIACTIVA DE LA UTIC LTDA.', NULL, NULL, NULL, NULL, NULL, '2', '80023468-5', NULL, NULL, NULL),
	(564, 'IRE', 1, 0, 0, 2, 'COOPERATIVA MULTIACTIVA NEULAND LIMITADA', NULL, NULL, NULL, NULL, NULL, '2', '80017582-4', NULL, NULL, NULL),
	(565, 'IRE', 1, 0, 0, 2, 'COOPERATIVA LA PAZ AGRICOLA LIMITADA', NULL, NULL, NULL, NULL, NULL, '2', '80002955-0', NULL, NULL, NULL),
	(566, 'IRE', 1, 0, 0, 2, 'COOPERATIVA YGUAZU AGRICOLA LIMITADA', NULL, NULL, NULL, NULL, NULL, '2', '80011556-2', NULL, NULL, NULL),
	(567, 'IRE', 1, 0, 0, 2, 'COOPERATIVA DE PRODUCCION AGRICOLA BERGTHALLIMITADA', NULL, NULL, NULL, NULL, NULL, '2', '80001149-0', NULL, NULL, NULL),
	(568, 'IRE', 1, 0, 0, 2, 'COOPERATIVA DE AHORRO Y CREDITO BARCEQUILLO LIMITADA', NULL, NULL, NULL, NULL, NULL, '2', '80007950-7', NULL, NULL, NULL),
	(569, 'IRE', 1, 0, 0, 2, 'COOPERATIVA DE TRABAJO DE MEDICOS (UNICOM) LIMITADA', NULL, NULL, NULL, NULL, NULL, '2', '80009890-0', NULL, NULL, NULL),
	(570, 'IRE', 1, 0, 0, 2, 'COOPERATIVA DE AHORRO Y CREDITO COOECI LTDA', NULL, NULL, NULL, NULL, NULL, '2', '80027780-5', NULL, NULL, NULL),
	(571, 'IRE', 1, 0, 0, 2, 'SIND.DE TRABAJADORES DE LA COOPERATIVA MEDALLA MILAGROSA', NULL, NULL, NULL, NULL, NULL, '2', '80030340-7', NULL, NULL, NULL),
	(572, 'IRE', 1, 0, 0, 2, 'COOPERATIVA MULTIACTIVA ISLA DORADA LIMITADA', NULL, NULL, NULL, NULL, NULL, '2', '80068780-9', NULL, NULL, NULL),
	(573, 'IRE', 1, 0, 0, 2, 'COOPERATIVA DEPORTIVA LTDA.-COOP-DEP-', NULL, NULL, NULL, NULL, NULL, '2', '80000331-4', NULL, NULL, NULL),
	(574, 'IRE', 1, 0, 0, 2, 'COOPERATIVA DE CONSUMO FAMILIAR COOVEN LTDA.', NULL, NULL, NULL, NULL, NULL, '2', '80008661-9', NULL, NULL, NULL),
	(575, 'IRE', 1, 0, 0, 2, 'COOPERATIVA DE PRODUCCION AGROINDUSTRIAL ITANARA LTDA.', NULL, NULL, NULL, NULL, NULL, '2', '80011911-8', NULL, NULL, NULL),
	(576, 'IRE', 1, 0, 0, 2, 'COOPERATIVA DE AHORRO Y CREDITO MUSETEC LTDA.', NULL, NULL, NULL, NULL, NULL, '2', '80023941-5', NULL, NULL, NULL),
	(577, 'IRE', 1, 0, 0, 2, 'COOPERATIVA MULTIACTIVA LOMA PLATA LTDA.', NULL, NULL, NULL, NULL, NULL, '2', '80024281-5', NULL, NULL, NULL),
	(578, 'IRE', 1, 0, 0, 2, 'COOPERATIVA PUERTO CASADO POTY LTDA', NULL, NULL, NULL, NULL, NULL, '2', '80035511-3', NULL, NULL, NULL),
	(579, 'IRE', 1, 0, 0, 2, 'COOPERATIVA DE VIVIENDA 12 DE FEBRERO LTDA.', NULL, NULL, NULL, NULL, NULL, '2', '80078671-8', NULL, NULL, NULL),
	(580, 'IRE', 1, 0, 0, 2, 'COOPERATIVA DE PRODUCCION AGRICOLA UNIFICADA LTDA.', NULL, NULL, NULL, NULL, NULL, '2', '80005912-3', NULL, NULL, NULL),
	(581, 'IRE', 1, 0, 0, 2, 'COOPERATIVA DE PRODUCCION AGROINDUSTRIAL MBAAPO LTDA.', NULL, NULL, NULL, NULL, NULL, '2', '80008192-7', NULL, NULL, NULL),
	(582, 'IRE', 1, 0, 0, 2, 'COOPERATIVA DE CONSUMO MITA KYRE\'Y LTADA.', NULL, NULL, NULL, NULL, NULL, '2', '80009752-1', NULL, NULL, NULL),
	(583, 'IRE', 1, 0, 0, 2, 'COOPERATIVA DE AHORRO Y CREDITO EL MANGAL LIMITADA', NULL, NULL, NULL, NULL, NULL, '2', '80012292-5', NULL, NULL, NULL),
	(584, 'IRE', 1, 0, 0, 2, 'COOPERATIVA AGRO-INDUSTRIAL AGUAPEY LIMITADA', NULL, NULL, NULL, NULL, NULL, '2', '80012582-7', NULL, NULL, NULL),
	(585, 'IRE', 1, 0, 0, 2, 'COOPERATIVA DE AHORRO Y CREDITO PITAGORAS LTDA.', NULL, NULL, NULL, NULL, NULL, '2', '80013582-2', NULL, NULL, NULL),
	(586, 'IRE', 1, 0, 0, 2, 'COOPERATIVA DE TRABAJO CERRO GUY LTDA.', NULL, NULL, NULL, NULL, NULL, '2', '80026132-1', NULL, NULL, NULL),
	(587, 'IRE', 1, 0, 0, 2, 'KUIMBA E JHA KUÑA COOPERATIVA MULTIACTIVA', NULL, NULL, NULL, NULL, NULL, '2', '80037422-3', NULL, NULL, NULL),
	(588, 'IRE', 1, 0, 0, 2, 'COOPERATIVA MBOI CAE DE PRODUCCION LIMITADA', NULL, NULL, NULL, NULL, NULL, '2', '80049432-6', NULL, NULL, NULL),
	(589, 'IRE', 1, 0, 0, 2, 'COOPERATIVA DE TRABAJO DE COMUNICADORES ATYCOM LTDA.', NULL, NULL, NULL, NULL, NULL, '2', '80052032-7', NULL, NULL, NULL),
	(590, 'IRE', 1, 0, 0, 2, 'FIDEICOMISO DE GARANTIA COOPERATIVA LA NORTEÑA LTDA', NULL, NULL, NULL, NULL, NULL, '2', '80094512-3', NULL, NULL, NULL),
	(591, 'IRE', 1, 0, 0, 2, 'CENTRAL COOPERATIVA NACIONAL CREDICOOP LTDA.', NULL, NULL, NULL, NULL, NULL, '2', '80001143-0', NULL, NULL, NULL),
	(592, 'IRE', 1, 0, 0, 2, 'COOPERATIVA DE PRODUCCION INDUSTRIAL COCAR LIMITADA', NULL, NULL, NULL, NULL, NULL, '2', '80004143-7', NULL, NULL, NULL),
	(593, 'IRE', 1, 0, 0, 2, 'COOPERATIVA DE AHORRO Y CREDITO ITA LIMITADA', NULL, NULL, NULL, NULL, NULL, '2', '80010303-3', NULL, NULL, NULL),
	(594, 'IRE', 1, 0, 0, 2, 'COOPERATIVA DE AHORRO Y CREDITO AMERICA LIMITADA', NULL, NULL, NULL, NULL, NULL, '2', '80037533-5', NULL, NULL, NULL),
	(595, 'IRE', 1, 0, 0, 2, 'COOPERATIVA MULTIACTIVA BACHILLERES DEL PARAGUAY LTDA.', NULL, NULL, NULL, NULL, NULL, '2', '80077933-9', NULL, NULL, NULL),
	(596, 'IRE', 1, 0, 0, 2, 'CENTRAL DE MEDIANAS Y PEQUEÑAS COOPERATIVAS LTDA.', NULL, NULL, NULL, NULL, NULL, '2', '80079923-2', NULL, NULL, NULL),
	(597, 'IRE', 1, 0, 0, 2, 'COOPERATIVA DE AHORRO Y CREDITO COFUNJE LTDA.', NULL, NULL, NULL, NULL, NULL, '2', '80080493-7', NULL, NULL, NULL),
	(598, 'IRE', 1, 0, 0, 2, 'COOPERATIVA MULTIACTIVA AGROINDUSTRIAL MADELON LTDA', NULL, NULL, NULL, NULL, NULL, '2', '80094333-3', NULL, NULL, NULL),
	(599, 'IRE', 1, 0, 0, 2, 'COOPERATIVA DE CONSUMO FAMIL. DEL PERSONAL DE LA ANDE', NULL, NULL, NULL, NULL, NULL, '2', '80006704-5', NULL, NULL, NULL),
	(600, 'IRE', 1, 0, 0, 2, 'COOPERATIVA DE PRODUCCION AGRICOLA EL MENSU LIMITADA.', NULL, NULL, NULL, NULL, NULL, '2', '80006644-8', NULL, NULL, NULL),
	(601, 'IRE', 1, 0, 0, 2, 'COOPERATIVA DE CONSUMO FAMILIAR BARRIO OBREROLTDA.', NULL, NULL, NULL, NULL, NULL, '2', '80007134-4', NULL, NULL, NULL),
	(602, 'IRE', 1, 0, 0, 2, 'COOPERATIVA DE TRABAJO DE LAS ARTES LIMITADA (COOPERARTE)', NULL, NULL, NULL, NULL, NULL, '2', '80012284-4', NULL, NULL, NULL),
	(603, 'IRE', 1, 0, 0, 2, 'COOPERATIVA AGROPECUARIA INDUSTRIAL GUAIRA LIMITADA', NULL, NULL, NULL, NULL, NULL, '2', '80015534-3', NULL, NULL, NULL),
	(604, 'IRE', 1, 0, 0, 2, 'COOPERATIVA DE PRODUC. AGRICOLA CABAÑAS PARA TODOS LIMITADA', NULL, NULL, NULL, NULL, NULL, '2', '80016914-0', NULL, NULL, NULL),
	(605, 'IRE', 1, 0, 0, 2, 'COOPERATIVA COLONIZADORA MULTIACTIVA FERNHEIM LIMITADA', NULL, NULL, NULL, NULL, NULL, '2', '80016754-6', NULL, NULL, NULL),
	(606, 'IRE', 1, 0, 0, 2, 'FEDERACION DE COOPERATIVAS DEL PARAGUAY FECOPAR LTDA', NULL, NULL, NULL, NULL, NULL, '2', '80048194-1', NULL, NULL, NULL),
	(607, 'IRE', 1, 0, 0, 2, 'COOPERATIVA DE AHORRO, CREDITO EDUCADORES Y PROFESIONALES', NULL, NULL, NULL, NULL, NULL, '2', '80056214-3', NULL, NULL, NULL),
	(608, 'IRE', 1, 0, 0, 2, 'COOPERATIVA MULTIACTIVA ÑAPU\'A HAGUA LTDA.', NULL, NULL, NULL, NULL, NULL, '2', '80065844-2', NULL, NULL, NULL),
	(609, 'IRE', 1, 0, 0, 2, 'ASOCIACIÓN COOPERATIVA IMPLEMENTADA CON ORGANIZACIONES NACIONALES', NULL, NULL, NULL, NULL, NULL, '2', '80078214-3', NULL, NULL, NULL),
	(610, 'IRE', 1, 0, 0, 2, 'COOPERATIVA AGROINDUSTRIAL PYTYVO HARA LTDA.', NULL, NULL, NULL, NULL, NULL, '2', '80087684-9', NULL, NULL, NULL),
	(611, 'IRE', 1, 0, 0, 2, 'ADMINISTRACION NACIONAL DE ELECTRICIDAD - ANDE', NULL, NULL, NULL, NULL, NULL, '2', '80009735-1', NULL, NULL, NULL),
	(612, 'IRE', 1, 0, 0, 2, 'SOUTH ANDEAN TRADING COMPANY SA', NULL, NULL, NULL, NULL, NULL, '2', '80025760-0', NULL, NULL, NULL),
	(613, 'IRE', 1, 0, 0, 2, 'SINDICATO DE PROFESIONALES GRADUADOS UNIVERSITARIOS DE LA ANDE', NULL, NULL, NULL, NULL, NULL, '2', '80083084-9', NULL, NULL, NULL),
	(614, 'IRE', 1, 0, 0, 2, 'ASOC.DE JUBI.Y PENS.DE LA CAJA DE JUB.Y PEN.DEL PER.DE ANDE', NULL, NULL, NULL, NULL, NULL, '2', '80028954-4', NULL, NULL, NULL),
	(615, 'IRE', 1, 0, 0, 2, 'COOP.MULT.CON.CRE.SER.DEL PERS.DE LA ANDE (COOPERANDE) LTDA.', NULL, NULL, NULL, NULL, NULL, '2', '80021797-7', NULL, NULL, NULL),
	(616, 'IRE', 1, 0, 0, 2, 'LA COMISION VECINAL DEL BARRIO SAN PEDRO DE LA LOCALIDAD DE NATALIO LINEA ANDE DE ÉSTE DISTRITO', NULL, NULL, NULL, NULL, NULL, '2', '80069470-8', NULL, NULL, NULL),
	(617, 'IRE', 1, 0, 0, 2, 'COOP.MULT.AH.CRED.Y SERV.SEG.ELEC.RES.ANDE COOPSEGERANDE LTD', NULL, NULL, NULL, NULL, NULL, '2', '80016496-2', NULL, NULL, NULL),
	(618, 'IRE', 1, 0, 0, 2, 'INDUSTRIAS PET SAECA (INPET SAECA)', NULL, NULL, NULL, NULL, NULL, '2', '80024881-3', NULL, NULL, NULL),
	(619, 'IRE', 1, 0, 0, 2, 'CIA.QUIMICA FARMAC.INTERNAC.DEL PY. SAECA - CHEMINTER SAECA', NULL, NULL, NULL, NULL, NULL, '2', '80017871-8', NULL, NULL, NULL),
	(620, 'IRE', 1, 0, 0, 2, 'SERVICIOS SOCIALES BANCARIOS SAECA (S.S.B. BANCO SAECA)', NULL, NULL, NULL, NULL, NULL, '2', '80017379-1', NULL, NULL, NULL),
	(621, 'IRE', 1, 0, 0, 2, 'FIDEICOMISO DE GARANTÍA PUBLIMOVIL SRL- FINANCIERA RIO SAECA- BANCO CONTINENTAL SAECA', NULL, NULL, NULL, NULL, NULL, '2', '80104448-0', NULL, NULL, NULL),
	(622, 'IRE', 1, 0, 0, 2, 'FIDEICOMISO DE GARANTÍA RENE ALFREDO MANCHINI VERA- FINANCIERA RÍO SAECA- BANCO CONTINENTAL SAECA', NULL, NULL, NULL, NULL, NULL, '2', '80105300-5', NULL, NULL, NULL),
	(623, 'IRE', 1, 0, 0, 2, 'FIDEICOMISO DE GARANTÍA AGROGANADERA PIRO\'Y SA- SOLAR AHORRO Y FINANZAS SAECA- BANCO CONTINENTAL SAECA', NULL, NULL, NULL, NULL, NULL, '2', '80104453-7', NULL, NULL, NULL),
	(624, 'IRE', 1, 0, 0, 2, 'FIDEICOMISO DE GARANTÍA- PRV STORES PY SAECA- PRV PROPERTIES PY SA- BANCO CONTINENTAL SAECA', NULL, NULL, NULL, NULL, NULL, '2', '80110437-8', NULL, NULL, NULL),
	(625, 'IRE', 1, 0, 0, 2, 'FIDEICOMISO DE GARANTÍA INMOBILIARIA EARTH BUSINESS COMPANY SA FLORIDA CENTER SA- SOLAR AHORRO Y FINANZAS SAECA- BANCO CONTINENTAL SAECA', NULL, NULL, NULL, NULL, NULL, '2', '80104449-9', NULL, NULL, NULL),
	(626, 'IRE', 1, 0, 0, 2, 'CREDICALL SAECA', NULL, NULL, NULL, NULL, NULL, '2', '80073235-9', NULL, NULL, NULL),
	(627, 'IRE', 1, 0, 0, 2, 'HARDY SAECA', NULL, NULL, NULL, NULL, NULL, '2', '80032656-3', NULL, NULL, NULL),
	(628, 'IRE', 1, 0, 0, 2, 'INNOVARE SAECA', NULL, NULL, NULL, NULL, NULL, '2', '80076847-7', NULL, NULL, NULL),
	(629, 'IRE', 1, 0, 0, 2, 'ROSANTI SAECA', NULL, NULL, NULL, NULL, NULL, '2', '80064970-2', NULL, NULL, NULL),
	(630, 'IRE', 1, 0, 0, 2, 'SILAGRO SAECA', NULL, NULL, NULL, NULL, NULL, '2', '80028771-1', NULL, NULL, NULL),
	(631, 'IRE', 1, 0, 0, 2, 'STEVIALINE SAECA', NULL, NULL, NULL, NULL, NULL, '2', '80072643-0', NULL, NULL, NULL),
	(632, 'IRE', 1, 0, 0, 2, 'NAIPEX SAECA', NULL, NULL, NULL, NULL, NULL, '2', '80085533-7', NULL, NULL, NULL),
	(633, 'IRE', 1, 0, 0, 2, 'A. CONSTRUCCIONES SAECA', NULL, NULL, NULL, NULL, NULL, '2', '80059024-4', NULL, NULL, NULL),
	(634, 'IRE', 1, 0, 0, 2, 'TERMOASUNCIÓN SAECA', NULL, NULL, NULL, NULL, NULL, '2', '80107504-1', NULL, NULL, NULL),
	(635, 'IRE', 1, 0, 0, 2, 'NEGOFIN SAECA', NULL, NULL, NULL, NULL, NULL, '2', '80030805-0', NULL, NULL, NULL),
	(636, 'IRE', 1, 0, 0, 2, 'LA DE ORO SAECA', NULL, NULL, NULL, NULL, NULL, '2', '80040885-3', NULL, NULL, NULL),
	(637, 'IRE', 1, 0, 0, 2, 'LCR SAECA', NULL, NULL, NULL, NULL, NULL, '2', '80053166-3', NULL, NULL, NULL),
	(638, 'IRE', 1, 0, 0, 2, 'TU FINANCIERA SAECA', NULL, NULL, NULL, NULL, NULL, '2', '80064698-3', NULL, NULL, NULL),
	(639, 'IRE', 1, 0, 0, 2, 'GROW SAECA', NULL, NULL, NULL, NULL, NULL, '2', '80085579-5', NULL, NULL, NULL),
	(640, 'IRE', 1, 0, 0, 2, 'OLIER SAECA', NULL, NULL, NULL, NULL, NULL, '2', '80026692-7', NULL, NULL, NULL),
	(641, 'IRE', 1, 0, 0, 2, 'CREDICENTRO SAECA', NULL, NULL, NULL, NULL, NULL, '2', '80011000-5', NULL, NULL, NULL),
	(642, 'IRE', 1, 0, 0, 2, 'ASEGURADORA PARAGUAYA SAECA', NULL, NULL, NULL, NULL, NULL, '2', '80002091-0', NULL, NULL, NULL),
	(643, 'IRE', 1, 0, 0, 2, 'CASA CENTRO SAECA', NULL, NULL, NULL, NULL, NULL, '2', '80022151-6', NULL, NULL, NULL),
	(644, 'IRE', 1, 0, 0, 2, 'SUDAMERIS BANK SAECA', NULL, NULL, NULL, NULL, NULL, '2', '80034461-8', NULL, NULL, NULL),
	(645, 'IRE', 1, 0, 0, 2, 'DAHAVA PETROLEOS SAECA', NULL, NULL, NULL, NULL, NULL, '2', '80076741-1', NULL, NULL, NULL),
	(646, 'IRE', 1, 0, 0, 2, 'NORTE CAMBIOS SAECA', NULL, NULL, NULL, NULL, NULL, '2', '80016432-6', NULL, NULL, NULL),
	(647, 'IRE', 1, 0, 0, 2, 'CREDI SOLUCION SAECA', NULL, NULL, NULL, NULL, NULL, '2', '80062163-8', NULL, NULL, NULL),
	(648, 'IRE', 1, 0, 0, 2, 'PRO PACK SAECA', NULL, NULL, NULL, NULL, NULL, '2', '80022868-5', NULL, NULL, NULL),
	(649, 'IRE', 1, 0, 0, 2, 'FINANCIERA RURAL SAECA', NULL, NULL, NULL, NULL, NULL, '2', '80020999-0', NULL, NULL, NULL),
	(650, 'IRE', 1, 0, 0, 2, 'CENTRAL PARKING SAECA', NULL, NULL, NULL, NULL, NULL, '2', '80107330-8', NULL, NULL, NULL),
	(651, 'IRE', 1, 0, 0, 2, 'SUPERSPUMA DEL PARAGUAY SAECA', NULL, NULL, NULL, NULL, NULL, '2', '80031782-3', NULL, NULL, NULL),
	(652, 'IRE', 1, 0, 0, 2, 'SANITARIOS MATERSAN SAECA', NULL, NULL, NULL, NULL, NULL, '2', '80012423-5', NULL, NULL, NULL),
	(653, 'IRE', 1, 0, 0, 2, 'PRESTIGIO AUTOMOVILES SAECA', NULL, NULL, NULL, NULL, NULL, '2', '80054744-6', NULL, NULL, NULL),
	(654, 'IRE', 1, 0, 0, 2, 'TIROLEO VEGETAL SAECA', NULL, NULL, NULL, NULL, NULL, '2', '80044945-2', NULL, NULL, NULL),
	(655, 'IRE', 1, 0, 0, 2, 'RECORD ELECTRIC SAECA', NULL, NULL, NULL, NULL, NULL, '2', '80016166-1', NULL, NULL, NULL),
	(656, 'IRE', 1, 0, 0, 2, 'TRADE FACTORING SAECA', NULL, NULL, NULL, NULL, NULL, '2', '80054438-2', NULL, NULL, NULL),
	(657, 'IRE', 1, 0, 0, 2, 'EASTERN COMPANY SAECA', NULL, NULL, NULL, NULL, NULL, '2', '80070118-6', NULL, NULL, NULL),
	(658, 'IRE', 1, 0, 0, 2, 'BANCO REGIONAL SAECA', NULL, NULL, NULL, NULL, NULL, '2', '80020981-8', NULL, NULL, NULL),
	(659, 'IRE', 1, 0, 0, 2, 'VISION BANCO SAECA', NULL, NULL, NULL, NULL, NULL, '2', '80009310-0', NULL, NULL, NULL),
	(660, 'IRE', 1, 0, 0, 2, 'BANCO RIO SAECA', NULL, NULL, NULL, NULL, NULL, '2', '80002227-0', NULL, NULL, NULL),
	(661, 'IRE', 1, 0, 0, 2, 'AUTOMOTORES Y MAQUINARIA SAECA', NULL, NULL, NULL, NULL, NULL, '2', '80013366-8', NULL, NULL, NULL),
	(662, 'IRE', 1, 0, 0, 2, 'FINANCIERA EL COMERCIO SAECA', NULL, NULL, NULL, NULL, NULL, '2', '80026157-7', NULL, NULL, NULL),
	(663, 'IRE', 1, 0, 0, 2, 'GAS CORONA SAECA', NULL, NULL, NULL, NULL, NULL, '2', '80030609-0', NULL, NULL, NULL),
	(664, 'IRE', 1, 0, 0, 2, 'PTP PARAGUAY SAECA', NULL, NULL, NULL, NULL, NULL, '2', '80063732-1', NULL, NULL, NULL),
	(665, 'IRE', 1, 0, 0, 2, 'FINANCIERA RIO SAECA', NULL, NULL, NULL, NULL, NULL, '2', '80059206-9', NULL, NULL, NULL),
	(666, 'IRE', 1, 0, 0, 2, 'BANCO FAMILIAR SAECA', NULL, NULL, NULL, NULL, NULL, '2', '80022570-8', NULL, NULL, NULL),
	(667, 'IRE', 1, 0, 0, 2, 'BANCO UNION SAECA EN QUIEBRAS', NULL, NULL, NULL, NULL, NULL, '2', '80011261-0', NULL, NULL, NULL),
	(668, 'IRE', 1, 0, 0, 2, 'GRUPO INTERN. DE FINANZAS SAECA', NULL, NULL, NULL, NULL, NULL, '2', '80016889-5', NULL, NULL, NULL),
	(669, 'IRE', 1, 0, 0, 2, 'PRV PROPERTIES PY SAECA', NULL, NULL, NULL, NULL, NULL, '2', '80081562-9', NULL, NULL, NULL),
	(670, 'IRE', 1, 0, 0, 2, 'S.C.A TECHNOLOGIES SAECA', NULL, NULL, NULL, NULL, NULL, '2', '80027550-0', NULL, NULL, NULL),
	(671, 'IRE', 1, 0, 0, 2, 'VILLALBA RAMIREZ & COMPAÑIA (SAECA)', NULL, NULL, NULL, NULL, NULL, '2', '80048761-3', NULL, NULL, NULL),
	(672, 'IRE', 1, 0, 0, 2, 'COLONIZADORA SAN AGUSTIN SAECA', NULL, NULL, NULL, NULL, NULL, '2', '80005067-3', NULL, NULL, NULL),
	(673, 'IRE', 1, 0, 0, 2, 'ASOCIACION DE EMPLEADOS NEXO SAECA', NULL, NULL, NULL, NULL, NULL, '2', '80032959-7', NULL, NULL, NULL),
	(674, 'IRE', 1, 0, 0, 2, 'MCI SERVICIOS MEDICOS SAECA', NULL, NULL, NULL, NULL, NULL, '2', '80024379-0', NULL, NULL, NULL),
	(675, 'IRE', 1, 0, 0, 2, 'PRV STORES PY SAECA', NULL, NULL, NULL, NULL, NULL, '2', '80081566-1', NULL, NULL, NULL),
	(676, 'IRE', 1, 0, 0, 2, 'FINANCIERA PARAGUAYO JAPONESA SAECA', NULL, NULL, NULL, NULL, NULL, '2', '80026277-8', NULL, NULL, NULL),
	(677, 'IRE', 1, 0, 0, 2, 'SOLAR AHORRO Y FINANZAS SAECA', NULL, NULL, NULL, NULL, NULL, '2', '80002283-1', NULL, NULL, NULL),
	(678, 'IRE', 1, 0, 0, 2, 'ASOCIACION DE EMPLEADOS DE VISION BANCO SAECA', NULL, NULL, NULL, NULL, NULL, '2', '80031552-9', NULL, NULL, NULL),
	(679, 'IRE', 1, 0, 0, 2, 'COINPA COMERCIAL E INDUSTRIAL DEL PARANA SAECA', NULL, NULL, NULL, NULL, NULL, '2', '80002721-3', NULL, NULL, NULL),
	(680, 'IRE', 1, 0, 0, 2, 'INTEC INGENIERIA SA EMISORA SAECA', NULL, NULL, NULL, NULL, NULL, '2', '80004396-0', NULL, NULL, NULL),
	(681, 'IRE', 1, 0, 0, 2, 'COMPAÑIA ESPECIALIZADA DE PRODUCTOS AGRICOLAS SAECA', NULL, NULL, NULL, NULL, NULL, '2', '80056516-9', NULL, NULL, NULL),
	(682, 'IRE', 1, 0, 0, 2, 'FIDEICOMISO DE GARANTIA BLUE DESING SAECA', NULL, NULL, NULL, NULL, NULL, '2', '80092907-1', NULL, NULL, NULL),
	(683, 'IRE', 1, 0, 0, 2, 'SIND. DE EMPLEADOS DEL SUDAMERIS BANK SAECA', NULL, NULL, NULL, NULL, NULL, '2', '80038248-0', NULL, NULL, NULL),
	(684, 'IRE', 1, 0, 0, 2, 'ECO ENERGY INVESTMENTS PARAGUAY SAECA', NULL, NULL, NULL, NULL, NULL, '2', '80044789-1', NULL, NULL, NULL),
	(685, 'IRE', 1, 0, 0, 2, 'EMPRESA IZAGUIRRE BARRAIL INVERSORA SAECA', NULL, NULL, NULL, NULL, NULL, '2', '80014904-1', NULL, NULL, NULL),
	(686, 'IRE', 1, 0, 0, 2, 'CONSULT.INTEGRAL PARA EL DESARROLLO EMPRESARIAL SAECA (CIDESA)', NULL, NULL, NULL, NULL, NULL, '2', '80027987-5', NULL, NULL, NULL),
	(687, 'IRE', 1, 0, 0, 2, 'FIDEICOMISO DE GARANTIA OSCAR BALBUENA- PASFIN SAECA', NULL, NULL, NULL, NULL, NULL, '2', '80107608-0', NULL, NULL, NULL),
	(688, 'IRE', 1, 0, 0, 2, 'FIDEICOMISO DE GARANTIA MARIA MAIDANA - PASFIN SAECA', NULL, NULL, NULL, NULL, NULL, '2', '80099261-0', NULL, NULL, NULL),
	(689, 'IRE', 1, 0, 0, 2, 'FIDEICOMISO DE GARANTIA VICTOR PANIAGUA - PASFIN SAECA', NULL, NULL, NULL, NULL, NULL, '2', '80105211-4', NULL, NULL, NULL),
	(690, 'IRE', 1, 0, 0, 2, 'FIDEICOMISO DE ADMINISTRACION DE CARTERA DEL BANCO ITAPUA SAECA', NULL, NULL, NULL, NULL, NULL, '2', '80092912-8', NULL, NULL, NULL),
	(691, 'IRE', 1, 0, 0, 2, 'FIDEICOMISO DE ADMINISTRACION DE CARTERA VISION BANCO SAECA', NULL, NULL, NULL, NULL, NULL, '2', '80106582-8', NULL, NULL, NULL),
	(692, 'IRE', 1, 0, 0, 2, 'FIDEICOMISISO DE GARANTIA WINSTON STANLEY - PASFIN SAECA', NULL, NULL, NULL, NULL, NULL, '2', '80095423-8', NULL, NULL, NULL),
	(693, 'IRE', 1, 0, 0, 2, 'FIDEICOMISO DE GARANTIA NORA ROMERO - PASFIN SAECA', NULL, NULL, NULL, NULL, NULL, '2', '80097423-9', NULL, NULL, NULL),
	(694, 'IRE', 1, 0, 0, 2, 'FIDEICOMISO DE GARANTIA JAZMIN GIRETT - PASFIN SAECA', NULL, NULL, NULL, NULL, NULL, '2', '80100333-4', NULL, NULL, NULL),
	(695, 'IRE', 1, 0, 0, 2, 'FIDEICOMISO DE GARANTIA EL CID S.A -PASFIN SAECA', NULL, NULL, NULL, NULL, NULL, '2', '80106163-6', NULL, NULL, NULL),
	(696, 'IRE', 1, 0, 0, 2, 'FIDEICOMISO DE GARANTIA ELIAS SARQUIS - PASFIN SAECA', NULL, NULL, NULL, NULL, NULL, '2', '80096586-8', NULL, NULL, NULL),
	(697, 'IRE', 1, 0, 0, 2, 'FIDEICOMISO DE ADMINISTRACION DE CARTERA DE FINANCIERA EL COMERCIO SAECA', NULL, NULL, NULL, NULL, NULL, '2', '80106126-1', NULL, NULL, NULL),
	(698, 'IRE', 1, 0, 0, 2, 'FIDEICOMISO DE GARANTIA HEDIL ORTIZ - PASFIN SAECA', NULL, NULL, NULL, NULL, NULL, '2', '80095327-4', NULL, NULL, NULL),
	(699, 'IRE', 1, 0, 0, 2, 'FIDEICOMISO DE GARANTIA BRUNEL BANKS - PASFIN SAECA', NULL, NULL, NULL, NULL, NULL, '2', '80099637-2', NULL, NULL, NULL),
	(700, 'IRE', 1, 0, 0, 2, 'FIDEICOMISO DE GARANTÍA BRICAPAR SAECA - BANCO CONTINENTAL', NULL, NULL, NULL, NULL, NULL, '2', '80101387-9', NULL, NULL, NULL),
	(701, 'IRE', 1, 0, 0, 2, 'FIDEICOMOSO DE GARANTIA OSCAR CROTTA - PASFIN SAECA', NULL, NULL, NULL, NULL, NULL, '2', '80094718-5', NULL, NULL, NULL),
	(702, 'IRE', 1, 0, 0, 2, 'FIDEICOMISO RUBEN DARIO COMERCIAL - PASFIN SAECA', NULL, NULL, NULL, NULL, NULL, '2', '80107259-0', NULL, NULL, NULL),
	(703, 'IRE', 1, 0, 0, 2, 'AGUA & TECNOLOGIA SA EMISORA (A & T SAECA)', NULL, NULL, NULL, NULL, NULL, '2', '80029576-5', NULL, NULL, NULL),
	(704, 'IRE', 1, 0, 0, 2, 'CEMENTOS CONCEPCIÓN SA EMISORA (CECON SAECA)', NULL, NULL, NULL, NULL, NULL, '2', '80022117-6', NULL, NULL, NULL),
	(705, 'IRE', 1, 0, 0, 2, 'ASOC.DE EMPLEADOS DE NICOLAS GONZALEZ ODDONE SAECA (AENGO)', NULL, NULL, NULL, NULL, NULL, '2', '80029343-6', NULL, NULL, NULL),
	(706, 'IRE', 1, 0, 0, 2, 'FIDEICOMISO DE GARANTIA MAHER MERHI-BANCO CONTINENTAL SAECA', NULL, NULL, NULL, NULL, NULL, '2', '80089793-5', NULL, NULL, NULL),
	(707, 'IRE', 1, 0, 0, 2, 'IGISA SA EMISORA DE CAPITAL ABIERTO (IGISA SAECA)', NULL, NULL, NULL, NULL, NULL, '2', '80012036-1', NULL, NULL, NULL),
	(708, 'IRE', 1, 0, 0, 2, 'FIDEICOMISO DE GARANTIA TRANSPORTADORA NUNES SA - PASFIN SAECA', NULL, NULL, NULL, NULL, NULL, '2', '80101930-3', NULL, NULL, NULL),
	(709, 'IRE', 1, 0, 0, 2, 'FIDEICOMISO DE GARANTIA ACE SAC - BANCO CONTINENTAL SAECA', NULL, NULL, NULL, NULL, NULL, '2', '80095681-8', NULL, NULL, NULL),
	(710, 'IRE', 1, 0, 0, 2, 'FIDEICOMISO DE ADMINISTRACION DE CARTERA DE SOLAR AHORRO Y FINANZAS SAECA', NULL, NULL, NULL, NULL, NULL, '2', '80099251-2', NULL, NULL, NULL),
	(711, 'IRE', 1, 0, 0, 2, 'FIDIECOMISO DE GARANTIA GUIDO DIAZ DOMINGUEZ - FINEXPAR SAECA', NULL, NULL, NULL, NULL, NULL, '2', '80103241-5', NULL, NULL, NULL),
	(712, 'IRE', 1, 0, 0, 2, 'FIDEICOMISO DE GARANTÍA PLANAGRO SA- BANCO CONTINENTAL SAECA', NULL, NULL, NULL, NULL, NULL, '2', '80106521-6', NULL, NULL, NULL),
	(713, 'IRE', 1, 0, 0, 2, 'FIDEICOMISO DE GARANTIA MARTA ANTONIA JARA - PASFIN SAECA', NULL, NULL, NULL, NULL, NULL, '2', '80099284-9', NULL, NULL, NULL),
	(714, 'IRE', 1, 0, 0, 2, 'FIDEICOMISO DE GARANTIA CORPORATIVA ÑACUNDAY - BANCO CONTINENTAL SAECA', NULL, NULL, NULL, NULL, NULL, '2', '80083235-3', NULL, NULL, NULL),
	(715, 'IRE', 1, 0, 0, 2, 'CONTRATO DE FIDEICOMISO DE ADMINISTRACION DE CARTERA DE SUDAMERIS BANK SAECA', NULL, NULL, NULL, NULL, NULL, '2', '80097395-0', NULL, NULL, NULL),
	(716, 'IRE', 1, 0, 0, 2, 'VIDRIO LUZ SRL', NULL, NULL, NULL, NULL, NULL, '2', '80002524-5', NULL, NULL, NULL),
	(717, 'IRE', 1, 0, 0, 2, 'VIDRIOS AMERICANA SRL', NULL, NULL, NULL, NULL, NULL, '2', '80005396-6', NULL, NULL, NULL),
	(718, 'IRE', 1, 0, 0, 2, 'VIDRIO Y METAL SRL', NULL, NULL, NULL, NULL, NULL, '2', '80013437-0', NULL, NULL, NULL),
	(719, 'IRE', 1, 0, 0, 2, 'MRC VIDRIOS SA', NULL, NULL, NULL, NULL, NULL, '2', '80084520-0', NULL, NULL, NULL),
	(720, 'IRE', 1, 0, 0, 2, 'DG VIDRIOS SA', NULL, NULL, NULL, NULL, NULL, '2', '80089025-6', NULL, NULL, NULL),
	(721, 'IRE', 1, 0, 0, 2, 'VIDRIO TEC SA', NULL, NULL, NULL, NULL, NULL, '2', '80108506-3', NULL, NULL, NULL),
	(722, 'IRE', 1, 0, 0, 2, 'VIDRIOS & COMPAÑIA SA', NULL, NULL, NULL, NULL, NULL, '2', '80074349-0', NULL, NULL, NULL),
	(723, 'IRE', 1, 0, 0, 2, 'ALIANZA VIDRIOS SA', NULL, NULL, NULL, NULL, NULL, '2', '80084241-3', NULL, NULL, NULL),
	(724, 'IRE', 1, 0, 0, 2, 'AUTO VIDRIO DEL ESTE SRL', NULL, NULL, NULL, NULL, NULL, '2', '80020101-9', NULL, NULL, NULL),
	(725, 'IRE', 1, 0, 0, 2, 'VIDRIO CAR SA', NULL, NULL, NULL, NULL, NULL, '2', '80017740-1', NULL, NULL, NULL),
	(726, 'IRE', 1, 0, 0, 2, 'FABRICA PARAGUAYA DE VIDRIOS SA', NULL, NULL, NULL, NULL, NULL, '2', '80003450-3', NULL, NULL, NULL),
	(727, 'IRE', 1, 0, 0, 2, 'VENTANAS Y VIDRIOS METALGLASS SRL', NULL, NULL, NULL, NULL, NULL, '2', '80078574-6', NULL, NULL, NULL),
	(728, 'IRE', 1, 0, 0, 2, 'CH VIDRIOS IMPORT SRL', NULL, NULL, NULL, NULL, NULL, '2', '80027107-6', NULL, NULL, NULL),
	(729, 'IRE', 1, 0, 0, 2, 'CAMARA PARAGUAYA DE ALUMNIO Y DEL VIDRIO', NULL, NULL, NULL, NULL, NULL, '2', '80055467-1', NULL, NULL, NULL),
	(730, 'IRE', 1, 0, 0, 2, 'VIDRIOS DEL PARAGUAY- VIDRIOPAR SA', NULL, NULL, NULL, NULL, NULL, '2', '80072398-8', NULL, NULL, NULL),
	(731, 'IRE', 1, 0, 0, 2, 'J.F. VIDRIOS SA', NULL, NULL, NULL, NULL, NULL, '2', '80078499-5', NULL, NULL, NULL),
	(732, 'IRE', 1, 0, 0, 2, 'SPEED BOX VIDRIOS SA', NULL, NULL, NULL, NULL, NULL, '2', '80092469-0', NULL, NULL, NULL),
	(733, 'IRE', 1, 0, 0, 2, 'A.G.R.A. VIDRIOS & ALUMINIOS SRL', NULL, NULL, NULL, NULL, NULL, '2', '80106103-2', NULL, NULL, NULL),
	(734, 'IRE', 1, 0, 0, 2, 'ASO. DE EMPLEADOS DE LA FABRICA PARAGUAYA DE VIDRIOS', NULL, NULL, NULL, NULL, NULL, '2', '80038767-8', NULL, NULL, NULL),
	(735, 'IRE', 1, 0, 0, 2, 'FABRICA DE VIDRIOS TEMPLADOS SALINAS SA', NULL, NULL, NULL, NULL, NULL, '2', '80075311-9', NULL, NULL, NULL),
	(736, 'IRE', 1, 0, 0, 2, 'FIBRAS DE VIDRIO CAAGUAZU SA (FIBRAC SA)', NULL, NULL, NULL, NULL, NULL, '2', '80028686-3', NULL, NULL, NULL),
	(737, 'IRE', 1, 0, 0, 2, 'SPEED BOX DISTRIBUIDORA DE VIDRIOS Y ALUMINIOS SA', NULL, NULL, NULL, NULL, NULL, '2', '80111195-1', NULL, NULL, NULL),
	(738, 'IRE', 1, 0, 0, 2, 'COMITE DE DESARROLLO CALLE PIRIBEBUY DE LA COMPAÑIA CALLE PIRIBEBUY DISTRITO REPATRIACION', NULL, NULL, NULL, NULL, NULL, '2', '80057875-9', NULL, NULL, NULL),
	(739, 'IRE', 1, 0, 0, 2, 'MUNICIPALIDAD DE PIRIBEBUY.', NULL, NULL, NULL, NULL, NULL, '2', '80022368-3', NULL, NULL, NULL),
	(740, 'IRE', 1, 0, 0, 2, 'PIRIBEBUY SRL', NULL, NULL, NULL, NULL, NULL, '2', '80024388-9', NULL, NULL, NULL),
	(741, 'IRE', 1, 0, 0, 2, 'ASOCIACION DE EDUCADORES DE PIRIBEBUY', NULL, NULL, NULL, NULL, NULL, '2', '80071310-9', NULL, NULL, NULL),
	(742, 'IRE', 1, 0, 0, 2, 'JUNTA DE SANEAMIENTO DE PIRIBEBUY', NULL, NULL, NULL, NULL, NULL, '2', '80051211-1', NULL, NULL, NULL),
	(743, 'IRE', 1, 0, 0, 2, 'ENTRETENIMIENTOS PIRIBEBUY SA', NULL, NULL, NULL, NULL, NULL, '2', '80026463-0', NULL, NULL, NULL),
	(744, 'IRE', 1, 0, 0, 2, '8 PIRIBEBUY SA', NULL, NULL, NULL, NULL, NULL, '2', '80001645-9', NULL, NULL, NULL),
	(745, 'IRE', 1, 0, 0, 2, 'LIGA DEPORTIVA DE PIRIBEBUY', NULL, NULL, NULL, NULL, NULL, '2', '80050765-7', NULL, NULL, NULL),
	(746, 'IRE', 1, 0, 0, 2, 'ASOCIACIÓN DE MUJERES PIRIBEBUY', NULL, NULL, NULL, NULL, NULL, '2', '80107945-4', NULL, NULL, NULL),
	(747, 'IRE', 1, 0, 0, 2, 'CERAMICA PIRIBEBUY SRL', NULL, NULL, NULL, NULL, NULL, '2', '80010037-9', NULL, NULL, NULL),
	(748, 'IRE', 1, 0, 0, 2, 'ESTACIONAMIENTO PIRIBEBUY SRL', NULL, NULL, NULL, NULL, NULL, '2', '80014808-8', NULL, NULL, NULL),
	(749, 'IRE', 1, 0, 0, 2, 'INMOBILIARIA PIRIBEBUY SA', NULL, NULL, NULL, NULL, NULL, '2', '80012239-9', NULL, NULL, NULL),
	(750, 'IRE', 1, 0, 0, 2, 'CASA PIRIBEBUY SA', NULL, NULL, NULL, NULL, NULL, '2', '80050560-3', NULL, NULL, NULL),
	(751, 'IRE', 1, 0, 0, 2, 'COMERCIAL PIRIBEBUY SRL', NULL, NULL, NULL, NULL, NULL, '2', '80002649-7', NULL, NULL, NULL),
	(752, 'IRE', 1, 0, 0, 2, 'CLUB DE AMIGOS DE PIRIBEBUY', NULL, NULL, NULL, NULL, NULL, '2', '80110379-7', NULL, NULL, NULL),
	(753, 'IRE', 1, 0, 0, 2, 'CERAMICA PIRIBEBUY DEL PARAGUAY SRL', NULL, NULL, NULL, NULL, NULL, '2', '80010300-9', NULL, NULL, NULL),
	(754, 'IRE', 1, 0, 0, 2, 'COMISIÓN DE MUJERES EMPRENDEDORAS DE PIRIBEBUY', NULL, NULL, NULL, NULL, NULL, '2', '80081290-5', NULL, NULL, NULL),
	(755, 'IRE', 1, 0, 0, 2, 'CLUB SOL DE MAYO DE PIRIBEBUY', NULL, NULL, NULL, NULL, NULL, '2', '80109350-3', NULL, NULL, NULL),
	(756, 'IRE', 1, 0, 0, 2, 'CLUB SPORT UNION DE PIRIBEBUY', NULL, NULL, NULL, NULL, NULL, '2', '80086702-5', NULL, NULL, NULL),
	(757, 'IRE', 1, 0, 0, 2, 'CLUB 3 DE FEBRERO - PIRIBEBUY', NULL, NULL, NULL, NULL, NULL, '2', '80087243-6', NULL, NULL, NULL),
	(758, 'IRE', 1, 0, 0, 2, 'ASOCIACION DE ENFERMOS AUTOINMUNES DE PIRIBEBUY', NULL, NULL, NULL, NULL, NULL, '2', '80065424-2', NULL, NULL, NULL),
	(759, 'IRE', 1, 0, 0, 2, 'SAN BLAS PIRIBEBUY SRL .-', NULL, NULL, NULL, NULL, NULL, '2', '80058336-1', NULL, NULL, NULL),
	(760, 'IRE', 1, 0, 0, 2, 'CLUB JUVENTUD CORDILLERANA DE PIRIBEBUY', NULL, NULL, NULL, NULL, NULL, '2', '80091626-3', NULL, NULL, NULL),
	(761, 'IRE', 1, 0, 0, 2, 'CUERPO DE BOMBEROS VOLUNTARIOS DE PIRIBEBUY', NULL, NULL, NULL, NULL, NULL, '2', '80045227-5', NULL, NULL, NULL),
	(762, 'IRE', 1, 0, 0, 2, 'CONSORCIO DE PROPIETARIOS DEL EDIFICIO PIRIBEBUY', NULL, NULL, NULL, NULL, NULL, '2', '80028079-2', NULL, NULL, NULL),
	(763, 'IRE', 1, 0, 0, 2, 'CENTRO MEDICO PIRIBEBUY SA', NULL, NULL, NULL, NULL, NULL, '2', '80028329-5', NULL, NULL, NULL),
	(764, 'IRE', 1, 0, 0, 2, 'CLUB DE LEONES LA HEROICA PIRIBEBUY', NULL, NULL, NULL, NULL, NULL, '2', '80062629-0', NULL, NULL, NULL),
	(765, 'IRE', 1, 0, 0, 2, 'COM. E IND. PIRIBEBUY SA', NULL, NULL, NULL, NULL, NULL, '2', '80003820-7', NULL, NULL, NULL),
	(766, 'IRE', 1, 0, 0, 2, 'CLUB CAPITAN FABRICIANO CRISTALDO - PIRIBEBUY', NULL, NULL, NULL, NULL, NULL, '2', '80086780-7', NULL, NULL, NULL),
	(767, 'IRE', 1, 0, 0, 2, 'COMITE DE AGRICULTORES - CÑIA. CORDILLERITA , PIRIBEBUY', NULL, NULL, NULL, NULL, NULL, '2', '80061231-0', NULL, NULL, NULL),
	(768, 'IRE', 1, 0, 0, 2, 'ASOCIACION DE EDUCADORES DEL NIVEL MEDIO DE PIRIBEBUY', NULL, NULL, NULL, NULL, NULL, '2', '80008023-8', NULL, NULL, NULL),
	(769, 'IRE', 1, 0, 0, 2, 'COMITE DE MUJERES DE LA COMPAÑIA OJOPOI PIRIBEBUY', NULL, NULL, NULL, NULL, NULL, '2', '80037383-9', NULL, NULL, NULL),
	(770, 'IRE', 1, 0, 0, 2, 'COMITE DE AGRICULTORES CÑIA. TAPEGUAZU -PIRIBEBUY', NULL, NULL, NULL, NULL, NULL, '2', '80061236-1', NULL, NULL, NULL),
	(771, 'IRE', 1, 0, 0, 2, 'CONCERTACION FRENTE GUASU DISTRITO DE PIRIBEBUY', NULL, NULL, NULL, NULL, NULL, '2', '80063586-8', NULL, NULL, NULL),
	(772, 'IRE', 1, 0, 0, 2, 'COMISION DE GESTION AMBIENTAL ROHAYHU PIRIBEBUY', NULL, NULL, NULL, NULL, NULL, '2', '80080366-3', NULL, NULL, NULL),
	(773, 'IRE', 1, 0, 0, 2, 'LA FABRIL PIRIBEBUY SOCIEDAD COLECTIVA & CIA.', NULL, NULL, NULL, NULL, NULL, '2', '80001057-4', NULL, NULL, NULL),
	(774, 'IRE', 1, 0, 0, 2, 'IGLESIA EVANGELICA HERMANOS MENONITAS DE PIRIBEBUY', NULL, NULL, NULL, NULL, NULL, '2', '80037408-8', NULL, NULL, NULL),
	(775, 'IRE', 1, 0, 0, 2, 'COMITE DE PRODUCTORES SAN RAMON DE PIRIBEBUY', NULL, NULL, NULL, NULL, NULL, '2', '80084988-4', NULL, NULL, NULL),
	(776, 'IRE', 1, 0, 0, 2, 'IGLESIA EVANGELICA NEO TESTAMENTARIA DE PIRIBEBUY', NULL, NULL, NULL, NULL, NULL, '2', '80049159-9', NULL, NULL, NULL),
	(777, 'IRE', 1, 0, 0, 2, 'COMISIÓN OÑONDIVEPA COMPAÑIA ITAMOROTI-PIRIBEBUY', NULL, NULL, NULL, NULL, NULL, '2', '80077769-7', NULL, NULL, NULL),
	(778, 'IRE', 1, 0, 0, 2, 'AGRO INDUSTRIAL Y COMERCIAL PIRIBEBUY SA', NULL, NULL, NULL, NULL, NULL, '2', '80002762-0', NULL, NULL, NULL),
	(779, 'IRE', 1, 0, 0, 2, 'COMITE DE AGRICULTORES , CÑIA. YACAREY -DISTRITO DE PIRIBEBUY', NULL, NULL, NULL, NULL, NULL, '2', '80058020-6', NULL, NULL, NULL),
	(780, 'IRE', 1, 0, 0, 2, 'COMITE DE PEQUEÑOS AGRICULTORES , CÑIA. NARANJO - PIRIBEBUY', NULL, NULL, NULL, NULL, NULL, '2', '80061230-2', NULL, NULL, NULL),
	(781, 'IRE', 1, 0, 0, 2, 'COMISIÓN DE APOYO COMUNITARIO DE LA CÑIA CAÑADA-PIRIBEBUY', NULL, NULL, NULL, NULL, NULL, '2', '80081160-7', NULL, NULL, NULL),
	(782, 'IRE', 1, 0, 0, 2, 'COMISION DE DESARROLLO COMUNITARIO DE LA CIA. ITAGUYRA - PIRIBEBUY', NULL, NULL, NULL, NULL, NULL, '2', '80089160-0', NULL, NULL, NULL),
	(783, 'IRE', 1, 0, 0, 2, 'CONSEJO LOCAL DE SALUD DEL DISTRITO DE PIRIBEBUY - CORDILLERA .-', NULL, NULL, NULL, NULL, NULL, '2', '80058251-9', NULL, NULL, NULL),
	(784, 'IRE', 1, 0, 0, 2, 'COMITE AGRICOLA CAPILLA CUE POTY - PIRIBEBUY', NULL, NULL, NULL, NULL, NULL, '2', '80064991-5', NULL, NULL, NULL),
	(785, 'IRE', 1, 0, 0, 2, 'EMPRESA PIRIBEBUY SA DE TRASP.COM. Y DE SERVICIOS', NULL, NULL, NULL, NULL, NULL, '2', '80002182-7', NULL, NULL, NULL),
	(786, 'IRE', 1, 0, 0, 2, 'COMITE DE AGRICULTORES CÑIA. MCAL. LOPEZ - PIRIBEBUY', NULL, NULL, NULL, NULL, NULL, '2', '80061232-9', NULL, NULL, NULL),
	(787, 'IRE', 1, 0, 0, 2, 'COMITE DE PRODUCTORES , CÑIA. MCAL. LOPEZ - PIRIBEBUY', NULL, NULL, NULL, NULL, NULL, '2', '80061233-7', NULL, NULL, NULL),
	(788, 'IRE', 1, 0, 0, 2, 'JUNTA DE SANEAMIENTO DE PASO JHU ,DISTRITO DE PIRIBEBUY', NULL, NULL, NULL, NULL, NULL, '2', '80062533-1', NULL, NULL, NULL),
	(789, 'IRE', 1, 0, 0, 2, 'COMISION VECINAL DE GUAZU ROCAI - CIUDAD DE PIRIBEBUY .-', NULL, NULL, NULL, NULL, NULL, '2', '80055244-0', NULL, NULL, NULL),
	(790, 'IRE', 1, 0, 0, 2, 'COMITE DE PRODUCCION DE PISCICULTURA DE LA CÑIA. PIRARETA DE PIRIBEBUY', NULL, NULL, NULL, NULL, NULL, '2', '80085085-8', NULL, NULL, NULL),
	(791, 'IRE', 1, 0, 0, 2, 'COMISION PRO ORATORIO CRISTO REY - PIRIBEBUY', NULL, NULL, NULL, NULL, NULL, '2', '80083778-9', NULL, NULL, NULL),
	(792, 'IRE', 1, 0, 0, 2, 'EMPREDIMIENTOS PIRIBEBUY SOCIEDAD ANOMINA E.P.SA', NULL, NULL, NULL, NULL, NULL, '2', '80059286-7', NULL, NULL, NULL),
	(793, 'IRE', 1, 0, 0, 2, 'COMITÉ PERPETUO SOCORRO , CÑIA. PIRARETÁ , DISTRITO DE PIRIBEBUY', NULL, NULL, NULL, NULL, NULL, '2', '80054340-8', NULL, NULL, NULL),
	(794, 'IRE', 1, 0, 0, 2, 'COMISION MUJERES UNIDAS, DE LA COMPAÑIA ITA GUYRA - PIRIBEBUY', NULL, NULL, NULL, NULL, NULL, '2', '80092240-9', NULL, NULL, NULL),
	(795, 'IRE', 1, 0, 0, 2, 'COMITE DE MUJERES NIÑO JESUS DE LA CÑIA. YHAGUYMI - PIRIBEBUY', NULL, NULL, NULL, NULL, NULL, '2', '80083371-6', NULL, NULL, NULL),
	(796, 'IRE', 1, 0, 0, 2, 'COMISIÓN COORDINADORA DEL ORATORIO DEL BARRIO VIRGEN DEL ROSARIO - PIRIBEBUY', NULL, NULL, NULL, NULL, NULL, '2', '80085301-6', NULL, NULL, NULL),
	(797, 'IRE', 1, 0, 0, 2, 'COMISION DEL ORATORIO SAN RAFAEL - CÑIA. PASITO - PIRIBEBUY', NULL, NULL, NULL, NULL, NULL, '2', '80085991-0', NULL, NULL, NULL),
	(798, 'IRE', 1, 0, 0, 2, 'COMITE KUÑA ÑEPYTYVO, CÑIA. PASITO, DISTRITO DE PIRIBEBUY', NULL, NULL, NULL, NULL, NULL, '2', '80053882-0', NULL, NULL, NULL),
	(799, 'IRE', 1, 0, 0, 2, 'CLUB MCAL. ESTIGARRIBIA DE LA COMPAÑIA YACAREY - DISTRITO DE PIRIBEBUY .-', NULL, NULL, NULL, NULL, NULL, '2', '80056972-5', NULL, NULL, NULL),
	(800, 'IRE', 1, 0, 0, 2, 'LA COMISION VECINAL DESARROLLO COMUNITARIO DE LA FRACCION PAISAJE DE PIRIBEBUY', NULL, NULL, NULL, NULL, NULL, '2', '80065552-4', NULL, NULL, NULL),
	(801, 'IRE', 1, 0, 0, 2, 'COMISION JUNTA DE SANEAMIENTO DE LA COMP.YCUA PORA-PIRIBEBUY', NULL, NULL, NULL, NULL, NULL, '2', '80038104-1', NULL, NULL, NULL),
	(802, 'IRE', 1, 0, 0, 2, 'CENT.DE DESA.VECI.DE LA COMP.CAPILLACUE DEL DIST.PIRIBEBUY', NULL, NULL, NULL, NULL, NULL, '2', '80038624-8', NULL, NULL, NULL),
	(803, 'IRE', 1, 0, 0, 2, 'COMITE DE AGRICULTORES Y PRODUCTORES - CÑIA. MCAL.LOPEZ - PIRIBEBUY', NULL, NULL, NULL, NULL, NULL, '2', '80061234-5', NULL, NULL, NULL),
	(804, 'IRE', 1, 0, 0, 2, 'SUB-COMISION DE SEÑORAS DE DESARROLLO Y FOMENTO DE YATAITY-PIRIBEBUY', NULL, NULL, NULL, NULL, NULL, '2', '80053475-1', NULL, NULL, NULL),
	(805, 'IRE', 1, 0, 0, 2, 'COMITE NUEVA ESPERANZA CÑIA YATAITY - CIUDAD DE PIRIBEBUY .-', NULL, NULL, NULL, NULL, NULL, '2', '80056385-9', NULL, NULL, NULL),
	(806, 'IRE', 1, 0, 0, 2, 'JUNTA DE SANEAMIENTO DE LA COLONIA OYOPOI - DISTRITO DE PIRIBEBUY - CORDILLERA', NULL, NULL, NULL, NULL, NULL, '2', '80056036-1', NULL, NULL, NULL),
	(807, 'IRE', 1, 0, 0, 2, 'COMISION DE VECINOS UNIDOS - CÑIA. CAPILLA CUE - PIRIBEBUY', NULL, NULL, NULL, NULL, NULL, '2', '80074266-4', NULL, NULL, NULL),
	(808, 'IRE', 1, 0, 0, 2, 'COMITE DE AGRICULTORES SAN JUAN - CÑIA. CHOLOLO - PIRIBEBUY.', NULL, NULL, NULL, NULL, NULL, '2', '80061237-0', NULL, NULL, NULL),
	(809, 'IRE', 1, 0, 0, 2, 'COMISION KUÑA ATY DEL BARRIO VIRGEN DEL ROSARIO -PIRIBEBUY', NULL, NULL, NULL, NULL, NULL, '2', '80069147-4', NULL, NULL, NULL),
	(810, 'IRE', 1, 0, 0, 2, 'COMITE DE PRODUCTORES 15 DE AGOSTO - COMPAÑIA OJOPOI PIRIBEBUY.', NULL, NULL, NULL, NULL, NULL, '2', '80071577-2', NULL, NULL, NULL),
	(811, 'IRE', 1, 0, 0, 2, 'COMITE DE MUJERES SAN CAYETANO DE LA CÑIA YHAGUYMI - PIRIBEBUY', NULL, NULL, NULL, NULL, NULL, '2', '80082987-5', NULL, NULL, NULL),
	(812, 'IRE', 1, 0, 0, 2, 'EMPRESA DE TRANSP.PUBLICO DE PASAJ.Y TURISMO PIRIBEBUY SRL.', NULL, NULL, NULL, NULL, NULL, '2', '80009288-0', NULL, NULL, NULL),
	(813, 'IRE', 1, 0, 0, 2, 'COMISION DE APOYO A ACTIVIDADES CULTURALES PIRI - CULTURA - PIRIBEBUY .-', NULL, NULL, NULL, NULL, NULL, '2', '80058689-1', NULL, NULL, NULL),
	(814, 'IRE', 1, 0, 0, 2, 'COMITE DE PRODUCTORES OJOPOI, DE LA COMPAÑIA OJOPOI, DEL DISTRITO DE PIRIBEBUY', NULL, NULL, NULL, NULL, NULL, '2', '80060669-8', NULL, NULL, NULL),
	(815, 'IRE', 1, 0, 0, 2, 'COMISION PRO-PLAZA DEL BARRIO MARIA AUXILIADORA DE PIRIBEBUY', NULL, NULL, NULL, NULL, NULL, '2', '80063069-6', NULL, NULL, NULL),
	(816, 'IRE', 1, 0, 0, 2, 'COMITE DE PRODUCTORES AGRICOLAS -CÑIA YCUA PORA -PIRIBEBUY', NULL, NULL, NULL, NULL, NULL, '2', '80081529-7', NULL, NULL, NULL),
	(817, 'IRE', 1, 0, 0, 2, 'COOP.DE AHORRO Y CREDITO,SERVICIOS Y PRODUCCION PIRIBEBUY POTY LTDA.', NULL, NULL, NULL, NULL, NULL, '2', '80018400-9', NULL, NULL, NULL),
	(818, 'IRE', 1, 0, 0, 2, 'COMISION KUÑA GUAPA, CÑIA ITA MOROTI - PIRIBEBUY - CORDILLERA', NULL, NULL, NULL, NULL, NULL, '2', '80066181-8', NULL, NULL, NULL),
	(819, 'IRE', 1, 0, 0, 2, 'COOP.MULT.DE AHOR.CRED.Y SERV.DOCENTES DE PIRIBEBUY LIMITADA', NULL, NULL, NULL, NULL, NULL, '2', '80029192-1', NULL, NULL, NULL),
	(820, 'IRE', 1, 0, 0, 2, 'COMITE DE PRODUCTORES/AS DE LA COMPAÑIA CAPILLA CUE-PIRIBEBUY, CORDILLERA', NULL, NULL, NULL, NULL, NULL, '2', '80059993-4', NULL, NULL, NULL),
	(821, 'IRE', 1, 0, 0, 2, 'ASOCIACION COOPERACION ESCOLAR DEL COLEGIO NACIONAL - SAN BLAS - PIRIBEBUY', NULL, NULL, NULL, NULL, NULL, '2', '80068693-4', NULL, NULL, NULL),
	(822, 'IRE', 1, 0, 0, 2, 'ASOCIACION DE MUJERES RURALES DE LA COMPAÑIA YKUA PORA DEL DISTRITO DE PIRIBEBUY', NULL, NULL, NULL, NULL, NULL, '2', '80107503-3', NULL, NULL, NULL),
	(823, 'IRE', 1, 0, 0, 2, 'COMITE DE MUJERES ROSA MISTICA DE LA COMPAÑIA PASITO DISTRITO - PIRIBEBUY', NULL, NULL, NULL, NULL, NULL, '2', '80082984-0', NULL, NULL, NULL),
	(824, 'IRE', 1, 0, 0, 2, 'COMISION PRO -AGUA, CÑIA. PIRARETA - ITAPE, DISTRITO DE PIRIBEBUY', NULL, NULL, NULL, NULL, NULL, '2', '80056725-0', NULL, NULL, NULL),
	(825, 'IRE', 1, 0, 0, 2, 'COMISION VECINAL DE FOMENTO COMUNITARIO - CÑIA CORDILLERA - DISTRITO DE PIRIBEBUY .-', NULL, NULL, NULL, NULL, NULL, '2', '80058045-1', NULL, NULL, NULL),
	(826, 'IRE', 1, 0, 0, 2, 'COMITE DE MUJERES ÑEPYTYVO REKAVO - COMPAÑIA PTE. FRANCO - PIRIBEBUY', NULL, NULL, NULL, NULL, NULL, '2', '80061285-0', NULL, NULL, NULL),
	(827, 'IRE', 1, 0, 0, 2, 'COMITE DE PRODUCTORES ORGANICOS TEKO PYAHU - COMPAÑIA YACAREY , PIRIBEBUY', NULL, NULL, NULL, NULL, NULL, '2', '80077995-9', NULL, NULL, NULL),
	(828, 'IRE', 1, 0, 0, 2, 'COMITE DE AGRICULTORES SANTA LIBRADA CÑIA OJOPOI DISTRITO PIRIBEBUY', NULL, NULL, NULL, NULL, NULL, '2', '80082875-5', NULL, NULL, NULL),
	(829, 'IRE', 1, 0, 0, 2, 'ASO.COOP.ESC. DE LA ESC.BAS. 688 DEFENSORES DE PIRIBEBUY', NULL, NULL, NULL, NULL, NULL, '2', '80036016-8', NULL, NULL, NULL),
	(830, 'IRE', 1, 0, 0, 2, 'COMITE DE MUJERES KUÑA GUAPA DE LA COMPAÑIA ITA GUYRA DE PIRIBEBUY', NULL, NULL, NULL, NULL, NULL, '2', '80063206-0', NULL, NULL, NULL),
	(831, 'IRE', 1, 0, 0, 2, 'COMISION PRO.AGUA POTABLE - CÑIA.GUAZU ROCAI- PIRIBEBUY', NULL, NULL, NULL, NULL, NULL, '2', '80064656-8', NULL, NULL, NULL),
	(832, 'IRE', 1, 0, 0, 2, 'COMITE DE AGRICULTORES 4 DE JULIO - CÑIA 4 DE JULIO -PIRIBEBUY', NULL, NULL, NULL, NULL, NULL, '2', '80081516-5', NULL, NULL, NULL),
	(833, 'IRE', 1, 0, 0, 2, 'COMISION VECINAL DE PRESIDENTE FRANCO DE LA CÑIA. PRESIDENTE FRANCO - PIRIBEBUY', NULL, NULL, NULL, NULL, NULL, '2', '80090216-5', NULL, NULL, NULL),
	(834, 'IRE', 1, 0, 0, 2, 'COMISION VECINAL PRO AGUA - CÑIA . MARISCAL LOPEZ - PIRIBEBUY.', NULL, NULL, NULL, NULL, NULL, '2', '80069047-8', NULL, NULL, NULL),
	(835, 'IRE', 1, 0, 0, 2, 'COMITE DE PRODUCTORES NTRA. SRA.DE LA ASUNCIÓN-CÑIA-NARANJO-PIRIBEBUY', NULL, NULL, NULL, NULL, NULL, '2', '80078817-6', NULL, NULL, NULL),
	(836, 'IRE', 1, 0, 0, 2, 'COMITE DE PRODUCTORAS PERPETUO SOCORRO DE LA CÑIA. PTE. FRANCO - PIRIBEBUY', NULL, NULL, NULL, NULL, NULL, '2', '80083367-8', NULL, NULL, NULL),
	(837, 'IRE', 1, 0, 0, 2, 'COMISION DE SEGURIDAD CIUDADANA CAACUPE SEGURO - CAACUPE', NULL, NULL, NULL, NULL, NULL, '2', '80081482-7', NULL, NULL, NULL),
	(838, 'IRE', 1, 0, 0, 2, 'COMISION ARTISTAS DE CAACUPE Y ASOCIADOS ( A.C.A.) DE LA CIUDAD DE CAACUPE.', NULL, NULL, NULL, NULL, NULL, '2', '80060780-5', NULL, NULL, NULL),
	(839, 'IRE', 1, 0, 0, 2, 'COMISIÓN VECINAL VIRGEN DE CAACUPE DEL BARRIO VIRGEN CAACUPE', NULL, NULL, NULL, NULL, NULL, '2', '80084386-0', NULL, NULL, NULL),
	(840, 'IRE', 1, 0, 0, 2, 'CONSEJO DISTRITAL DE PRODUCTORES/AS TUPASY CAACUPE , DISTRITO CAACUPE - DEPARTAMENTO CORDILLERA', NULL, NULL, NULL, NULL, NULL, '2', '80081965-9', NULL, NULL, NULL),
	(841, 'IRE', 1, 0, 0, 2, 'DIOCESIS DE CAACUPE', NULL, NULL, NULL, NULL, NULL, '2', '80023991-1', NULL, NULL, NULL),
	(842, 'IRE', 1, 0, 0, 2, 'COMITE CAACUPE', NULL, NULL, NULL, NULL, NULL, '2', '80038131-9', NULL, NULL, NULL),
	(843, 'IRE', 1, 0, 0, 2, 'MUNICIPALIDAD DE CAACUPE', NULL, NULL, NULL, NULL, NULL, '2', '80004726-5', NULL, NULL, NULL),
	(844, 'IRE', 1, 0, 0, 2, 'SERRANIAS DE CAACUPE SRL', NULL, NULL, NULL, NULL, NULL, '2', '80010020-4', NULL, NULL, NULL),
	(845, 'IRE', 1, 0, 0, 2, 'COMITE DE PRODUCCION CAACUPE', NULL, NULL, NULL, NULL, NULL, '2', '80049430-0', NULL, NULL, NULL),
	(846, 'IRE', 1, 0, 0, 2, 'CONTRALORIA CIUDADANA DE CAACUPE', NULL, NULL, NULL, NULL, NULL, '2', '80036381-7', NULL, NULL, NULL),
	(847, 'IRE', 1, 0, 0, 2, 'ASOCIACION DE CHIPEROS DE CAACUPE', NULL, NULL, NULL, NULL, NULL, '2', '80057061-8', NULL, NULL, NULL),
	(848, 'IRE', 1, 0, 0, 2, 'HIJAS DE NUESTRA SEÑORA DE CAACUPE', NULL, NULL, NULL, NULL, NULL, '2', '80096451-9', NULL, NULL, NULL),
	(849, 'IRE', 1, 0, 0, 2, 'ASOCIACION DE CHIPEROS DE CAACUPE', NULL, NULL, NULL, NULL, NULL, '2', '80034132-5', NULL, NULL, NULL),
	(850, 'IRE', 1, 0, 0, 2, 'PARROQUIA NUESTRA SEÑORA DE CAACUPE', NULL, NULL, NULL, NULL, NULL, '2', '80030373-3', NULL, NULL, NULL),
	(851, 'IRE', 1, 0, 0, 2, 'ASOCIACION FILARMONICA DE CAACUPE', NULL, NULL, NULL, NULL, NULL, '2', '80083513-1', NULL, NULL, NULL),
	(852, 'IRE', 1, 0, 0, 2, 'PARROQUIA NUESTRA SEÑORA DE CAACUPE', NULL, NULL, NULL, NULL, NULL, '2', '80035404-4', NULL, NULL, NULL),
	(853, 'IRE', 1, 0, 0, 2, 'NUCLEO CULTURAL CAACUPE', NULL, NULL, NULL, NULL, NULL, '2', '80053384-4', NULL, NULL, NULL),
	(854, 'IRE', 1, 0, 0, 2, 'COMITE DE PRODUCTORES CAACUPE', NULL, NULL, NULL, NULL, NULL, '2', '80035166-5', NULL, NULL, NULL),
	(855, 'IRE', 1, 0, 0, 2, 'BALLET MUNICIPAL CAACUPE', NULL, NULL, NULL, NULL, NULL, '2', '80088146-0', NULL, NULL, NULL),
	(856, 'IRE', 1, 0, 0, 2, 'CABLEVISION CAACUPE SA', NULL, NULL, NULL, NULL, NULL, '2', '80017657-0', NULL, NULL, NULL),
	(857, 'IRE', 1, 0, 0, 2, 'COMISION ROHAYHU DE CAACUPE.', NULL, NULL, NULL, NULL, NULL, '2', '80068467-2', NULL, NULL, NULL),
	(858, 'IRE', 1, 0, 0, 2, 'COMITE BARRIO CAACUPE', NULL, NULL, NULL, NULL, NULL, '2', '80077017-0', NULL, NULL, NULL),
	(859, 'IRE', 1, 0, 0, 2, 'BRIZUELA, RAMONA CAACUPE', NULL, NULL, NULL, NULL, NULL, '2', '2831658-4', NULL, NULL, NULL),
	(860, 'IRE', 1, 0, 0, 2, 'COMITE VIRGEN DE CAACUPE', NULL, NULL, NULL, NULL, NULL, '2', '80037078-3', NULL, NULL, NULL),
	(861, 'IRE', 1, 0, 0, 2, 'COMITE VIRGEN DE CAACUPE', NULL, NULL, NULL, NULL, NULL, '2', '80083398-8', NULL, NULL, NULL),
	(862, 'IRE', 1, 0, 0, 2, 'GRUPO AMBIENTAL CAACUPE', NULL, NULL, NULL, NULL, NULL, '2', '80083888-2', NULL, NULL, NULL),
	(863, 'IRE', 1, 0, 0, 2, 'COMITE VIRGEN DE CAACUPE', NULL, NULL, NULL, NULL, NULL, '2', '80090928-3', NULL, NULL, NULL),
	(864, 'IRE', 1, 0, 0, 2, 'CÁMARA DE SUPERMERCADOS DE CAACUPÉ', NULL, NULL, NULL, NULL, NULL, '2', '80104249-6', NULL, NULL, NULL),
	(865, 'IRE', 1, 0, 0, 2, 'COMERCIAL CAACUPE SA', NULL, NULL, NULL, NULL, NULL, '2', '80099616-0', NULL, NULL, NULL),
	(866, 'IRE', 1, 0, 0, 2, 'CAACUPE ALIMENTOS S.A', NULL, NULL, NULL, NULL, NULL, '2', '80069978-5', NULL, NULL, NULL),
	(867, 'IRE', 1, 0, 0, 2, 'MARTINEZ VERA, AIDA CAACUPE', NULL, NULL, NULL, NULL, NULL, '2', '3428210-6', NULL, NULL, NULL),
	(868, 'IRE', 1, 0, 0, 2, 'IGLESIA HERMANOS MENONITAS DE CAACUPE', NULL, NULL, NULL, NULL, NULL, '2', '80036910-6', NULL, NULL, NULL),
	(869, 'IRE', 1, 0, 0, 2, 'CUERPO DE BOMBEROS VOLUNTARIOS DE CAACUPE', NULL, NULL, NULL, NULL, NULL, '2', '80037820-2', NULL, NULL, NULL),
	(870, 'IRE', 1, 0, 0, 2, 'COMISION VECINAL VIRGEN DE CAACUPE', NULL, NULL, NULL, NULL, NULL, '2', '80082010-0', NULL, NULL, NULL),
	(871, 'IRE', 1, 0, 0, 2, 'SARUBBI BERNAL, CINTHIA CAACUPE', NULL, NULL, NULL, NULL, NULL, '2', '3610401-9', NULL, NULL, NULL),
	(872, 'IRE', 1, 0, 0, 2, 'WEILER ROMAN, LILIANA CAACUPE', NULL, NULL, NULL, NULL, NULL, '2', '3725071-0', NULL, NULL, NULL),
	(873, 'IRE', 1, 0, 0, 2, 'MARTINEZ RAMIREZ, MARIA CAACUPE', NULL, NULL, NULL, NULL, NULL, '2', '3952981-9', NULL, NULL, NULL),
	(874, 'IRE', 1, 0, 0, 2, 'GALEANO ESCOBAR, ADRIANA CAACUPE', NULL, NULL, NULL, NULL, NULL, '2', '5489101-9', NULL, NULL, NULL),
	(875, 'IRE', 1, 0, 0, 2, 'PRIMERA IGLESIA BAUTISTA DE CAACUPE', NULL, NULL, NULL, NULL, NULL, '2', '80038261-7', NULL, NULL, NULL),
	(876, 'IRE', 1, 0, 0, 2, 'ASOCIACION DE CHIPEROS DE LA CIUDAD DE CAACUPE .-', NULL, NULL, NULL, NULL, NULL, '2', '80054441-2', NULL, NULL, NULL),
	(877, 'IRE', 1, 0, 0, 2, 'COMITE DE PRODUCTORAS VIRGEN DE CAACUPE', NULL, NULL, NULL, NULL, NULL, '2', '80066841-3', NULL, NULL, NULL),
	(878, 'IRE', 1, 0, 0, 2, 'MARTINEZ AREVALO, MARIA DE CAACUPE', NULL, NULL, NULL, NULL, NULL, '2', '1125172-7', NULL, NULL, NULL),
	(879, 'IRE', 1, 0, 0, 2, 'NACRUR CALCENA, TATIANA CAACUPE', NULL, NULL, NULL, NULL, NULL, '2', '3780882-6', NULL, NULL, NULL),
	(880, 'IRE', 1, 0, 0, 2, 'GALEANO ESPINOZA, YACY CAACUPE', NULL, NULL, NULL, NULL, NULL, '2', '3849732-8', NULL, NULL, NULL),
	(881, 'IRE', 1, 0, 0, 2, 'ASOCIACION DE EDUCADORES DE CAACUPE- AECA', NULL, NULL, NULL, NULL, NULL, '2', '80048522-0', NULL, NULL, NULL),
	(882, 'IRE', 1, 0, 0, 2, 'COMITE DE PRODUCCION VIRGEN DE CAACUPE', NULL, NULL, NULL, NULL, NULL, '2', '80050152-7', NULL, NULL, NULL),
	(883, 'IRE', 1, 0, 0, 2, 'ASOCIACION CASA VIRGEN DE CAACUPE', NULL, NULL, NULL, NULL, NULL, '2', '80054382-3', NULL, NULL, NULL),
	(884, 'IRE', 1, 0, 0, 2, 'JUNTA DE SANEAMIENTO VIRGEN DE CAACUPE', NULL, NULL, NULL, NULL, NULL, '2', '80106632-8', NULL, NULL, NULL),
	(885, 'IRE', 1, 0, 0, 2, 'ASOCIACION DE CONSERVACION VIAL CAACUPE', NULL, NULL, NULL, NULL, NULL, '2', '80107992-6', NULL, NULL, NULL),
	(886, 'IRE', 1, 0, 0, 2, 'PEREZ CORONEL, ANDREA CAACUPE', NULL, NULL, NULL, NULL, NULL, '2', '4281364-6', NULL, NULL, NULL),
	(887, 'IRE', 1, 0, 0, 2, 'COMISION VECINAL VIRGEN DE CAACUPE', NULL, NULL, NULL, NULL, NULL, '2', '80038874-7', NULL, NULL, NULL),
	(888, 'IRE', 1, 0, 0, 2, 'COMISION VECINAL VIRGEN DE CAACUPE', NULL, NULL, NULL, NULL, NULL, '2', '80047804-5', NULL, NULL, NULL),
	(889, 'IRE', 1, 0, 0, 2, 'COMITE DE PRODUCTORES VIRGENCITA DE CAACUPE', NULL, NULL, NULL, NULL, NULL, '2', '80058644-1', NULL, NULL, NULL),
	(890, 'IRE', 1, 0, 0, 2, 'ASOCIACION DENOMINADA SIN BARRERAS DE CAACUPE', NULL, NULL, NULL, NULL, NULL, '2', '80062584-6', NULL, NULL, NULL),
	(891, 'IRE', 1, 0, 0, 2, 'BELOTTO DE CENTURION, ROSSANA CAACUPE', NULL, NULL, NULL, NULL, NULL, '2', '2301915-8', NULL, NULL, NULL),
	(892, 'IRE', 1, 0, 0, 2, 'QUEVEDO OVELAR, CELESTE CAACUPE', NULL, NULL, NULL, NULL, NULL, '2', '3825365-8', NULL, NULL, NULL),
	(893, 'IRE', 1, 0, 0, 2, 'CONSEJO LOCAL DE SALUD DE CAACUPE', NULL, NULL, NULL, NULL, NULL, '2', '80034905-9', NULL, NULL, NULL),
	(894, 'IRE', 1, 0, 0, 2, 'COMITE DE MUJERES VIRGENCITA DE CAACUPE', NULL, NULL, NULL, NULL, NULL, '2', '80044345-4', NULL, NULL, NULL),
	(895, 'IRE', 1, 0, 0, 2, 'COMITÉ DE PRODUCTORES VIRGEN DE CAACUPE', NULL, NULL, NULL, NULL, NULL, '2', '80096496-9', NULL, NULL, NULL),
	(896, 'IRE', 1, 0, 0, 2, 'AGUILERA GONZALEZ, CAACUPE ALEJANDRA', NULL, NULL, NULL, NULL, NULL, '2', '4474197-9', NULL, NULL, NULL),
	(897, 'IRE', 1, 0, 0, 2, 'COMITE DE PRODUCTORES VIRGEN DE CAACUPE', NULL, NULL, NULL, NULL, NULL, '2', '80062457-2', NULL, NULL, NULL),
	(898, 'IRE', 1, 0, 0, 2, 'COMITE DE MUJERES VIRGEN DE CAACUPE', NULL, NULL, NULL, NULL, NULL, '2', '80073317-7', NULL, NULL, NULL),
	(899, 'IRE', 1, 0, 0, 2, 'COMISION DE FINANZAS DE LA CAPILLA CAACUPE', NULL, NULL, NULL, NULL, NULL, '2', '80073747-4', NULL, NULL, NULL),
	(900, 'IRE', 1, 0, 0, 2, 'TRINIDAD APODACA, MARIA CAACUPE', NULL, NULL, NULL, NULL, NULL, '2', '1867898-0', NULL, NULL, NULL),
	(901, 'IRE', 1, 0, 0, 2, 'JUNTA DE SANEAMIENTO DE AZCURRA - CAACUPE', NULL, NULL, NULL, NULL, NULL, '2', '80069368-0', NULL, NULL, NULL),
	(902, 'IRE', 1, 0, 0, 2, 'COMITÉ DE PRODUCTORAS VIRGEN DE CAACUPÉ.', NULL, NULL, NULL, NULL, NULL, '2', '80073158-1', NULL, NULL, NULL),
	(903, 'IRE', 1, 0, 0, 2, 'COMITÉ DE PRODUCTORES VIRGEN DE CAACUPE', NULL, NULL, NULL, NULL, NULL, '2', '80109508-5', NULL, NULL, NULL),
	(904, 'IRE', 1, 0, 0, 2, 'SANTACRUZ AVEZADA, MARIA CAACUPE', NULL, NULL, NULL, NULL, NULL, '2', '4044339-6', NULL, NULL, NULL),
	(905, 'IRE', 1, 0, 0, 2, 'MIERES VIGO, ESTEFANI CAACUPE', NULL, NULL, NULL, NULL, NULL, '2', '5447749-2', NULL, NULL, NULL),
	(906, 'IRE', 1, 0, 0, 2, 'COMITE MUJERES VIRGEN DE CAACUPE', NULL, NULL, NULL, NULL, NULL, '2', '80036799-5', NULL, NULL, NULL),
	(907, 'IRE', 1, 0, 0, 2, 'COMITÉ DE PRODUCTORES VIRGEN DE CAACUPÉ', NULL, NULL, NULL, NULL, NULL, '2', '80108759-7', NULL, NULL, NULL),
	(908, 'IRE', 1, 0, 0, 2, 'DAVALOS CARISIMO, ANA CAACUPE', NULL, NULL, NULL, NULL, NULL, '2', '826519-4', NULL, NULL, NULL),
	(909, 'IRE', 1, 0, 0, 2, 'CAACUPE - DISTRIBUIDORA DE PINTURAS SA', NULL, NULL, NULL, NULL, NULL, '2', '80106831-2', NULL, NULL, NULL),
	(910, 'IRE', 1, 0, 0, 2, 'CAACUPE CABLE VISION SA', NULL, NULL, NULL, NULL, NULL, '2', '80048279-4', NULL, NULL, NULL),
	(911, 'IRE', 1, 0, 0, 2, 'CAACUPE SERVICIOS SOCIALES SRL', NULL, NULL, NULL, NULL, NULL, '2', '80003716-2', NULL, NULL, NULL),
	(912, 'IRE', 1, 0, 0, 2, 'TRANSPORTE VIRGEN DE CAACUPE SRL', NULL, NULL, NULL, NULL, NULL, '2', '80063474-8', NULL, NULL, NULL),
	(913, 'IRE', 1, 0, 0, 2, 'PAIVA ESCOBAR, ANDREA CAACUPE', NULL, NULL, NULL, NULL, NULL, '2', '5172494-4', NULL, NULL, NULL),
	(914, 'IRE', 1, 0, 0, 2, 'RODRIGUEZ ESCURRA, LUZ MARIA CAACUPE', NULL, NULL, NULL, NULL, NULL, '2', '3578300-1', NULL, NULL, NULL),
	(915, 'IRE', 1, 0, 0, 2, 'COMISION PRO COMISARIA CABAÑAS - CAACUPE', NULL, NULL, NULL, NULL, NULL, '2', '80082720-1', NULL, NULL, NULL),
	(916, 'IRE', 1, 0, 0, 2, 'CAMPOS MONGELOS, ROSA MARIA DE CAACUPE', NULL, NULL, NULL, NULL, NULL, '2', '2371311-9', NULL, NULL, NULL),
	(917, 'IRE', 1, 0, 0, 2, 'ASOCIACION DE MOTOTAXISTAS - AMOTCA. DE LA CIUDAD DE CAACUPE', NULL, NULL, NULL, NULL, NULL, '2', '80057921-6', NULL, NULL, NULL),
	(918, 'IRE', 1, 0, 0, 2, 'COMISION DE FESTEJOS DEL CARNAVAL DE CAACUPE 2016.-', NULL, NULL, NULL, NULL, NULL, '2', '80092061-9', NULL, NULL, NULL),
	(919, 'IRE', 1, 0, 0, 2, 'RADICE SCHMIDBAUER, GLORIA MARIA DE CAACUPE', NULL, NULL, NULL, NULL, NULL, '2', '914701-2', NULL, NULL, NULL),
	(920, 'IRE', 1, 0, 0, 2, 'BURGOS TORRES, MARIA DE LOURDES CAACUPE', NULL, NULL, NULL, NULL, NULL, '2', '3497712-0', NULL, NULL, NULL),
	(921, 'IRE', 1, 0, 0, 2, 'COMISION DE DESARROLLO YTU GUAZU (CAACUPE)', NULL, NULL, NULL, NULL, NULL, '2', '80078402-2', NULL, NULL, NULL),
	(922, 'IRE', 1, 0, 0, 2, 'COMISION DE FOMENTO DE LA COMPAÑIA YTUMI - CAACUPE', NULL, NULL, NULL, NULL, NULL, '2', '80053883-8', NULL, NULL, NULL),
	(923, 'IRE', 1, 0, 0, 2, 'MUSSTTO SANABRIA, MINERVA MONSERRAT CAACUPE', NULL, NULL, NULL, NULL, NULL, '2', '3544884-9', NULL, NULL, NULL),
	(924, 'IRE', 1, 0, 0, 2, 'ASOC.DE FUNC.DE LA ESCUELA AGROMECANICA DE CAACUPE', NULL, NULL, NULL, NULL, NULL, '2', '80031394-1', NULL, NULL, NULL),
	(925, 'IRE', 1, 0, 0, 2, 'COMITE EL TRIUNFO COMPAÑIA CABAÑAS DE CAACUPE ..', NULL, NULL, NULL, NULL, NULL, '2', '80059864-4', NULL, NULL, NULL),
	(926, 'IRE', 1, 0, 0, 2, 'COMISION DE ARTESANOS EN PLATERIA DE LA CIUDAD DE CAACUPE.', NULL, NULL, NULL, NULL, NULL, '2', '80061144-6', NULL, NULL, NULL),
	(927, 'IRE', 1, 0, 0, 2, 'CONSEJO DISTRITAL DE EDUCACION Y CULTURA DE CAACUPE', NULL, NULL, NULL, NULL, NULL, '2', '80093494-6', NULL, NULL, NULL),
	(928, 'IRE', 1, 0, 0, 2, 'COMISION PRO ORATORIO VIRGEN DE CAACUPE', NULL, NULL, NULL, NULL, NULL, '2', '80036635-2', NULL, NULL, NULL),
	(929, 'IRE', 1, 0, 0, 2, 'COMISION ORGANIZADORA DE LOS DIAS DE OFERTAS -CAACUPE', NULL, NULL, NULL, NULL, NULL, '2', '80072805-0', NULL, NULL, NULL),
	(930, 'IRE', 1, 0, 0, 2, 'COMISIÓN VECINAL FOMENTO TUPASY CAACUPE', NULL, NULL, NULL, NULL, NULL, '2', '80108445-8', NULL, NULL, NULL),
	(931, 'IRE', 1, 0, 0, 2, 'COMITE VIRGEN DEL ROSARIO ,CABAÑAS - CAACUPE', NULL, NULL, NULL, NULL, NULL, '2', '80059756-7', NULL, NULL, NULL),
	(932, 'IRE', 1, 0, 0, 2, 'COMISION PRO CAPILLA VIRGEN DE CAACUPE', NULL, NULL, NULL, NULL, NULL, '2', '80072286-8', NULL, NULL, NULL),
	(933, 'IRE', 1, 0, 0, 2, 'COMITE AGROPECUARIO DE MUJERES VIRGEN DE CAACUPE', NULL, NULL, NULL, NULL, NULL, '2', '80080216-0', NULL, NULL, NULL),
	(934, 'IRE', 1, 0, 0, 2, 'SINDICATO DE FUNCIONARIOS DEL HOSPITAL REGIONAL DE CAACUPE', NULL, NULL, NULL, NULL, NULL, '2', '80053147-7', NULL, NULL, NULL),
	(935, 'IRE', 1, 0, 0, 2, 'ASOCIACION DE CONSERVACION VIAL CAACUPE POTY', NULL, NULL, NULL, NULL, NULL, '2', '80076777-2', NULL, NULL, NULL),
	(936, 'IRE', 1, 0, 0, 2, 'COMISION DE FOMENTO DE LA CÑIA. ITAYBUMI - CAACUPE', NULL, NULL, NULL, NULL, NULL, '2', '80084777-6', NULL, NULL, NULL),
	(937, 'IRE', 1, 0, 0, 2, 'CCP SRL', NULL, NULL, NULL, NULL, NULL, '2', '80108733-3', NULL, NULL, NULL),
	(938, 'IRE', 1, 0, 0, 2, 'CENTRAL REGIONAL DE COOPERATIVAS (CERCOOP) - CCP LIMITADA', NULL, NULL, NULL, NULL, NULL, '2', '80016278-1', NULL, NULL, NULL),
	(939, 'IRE', 1, 0, 0, 2, 'GRUPO DE CONSTRUCTORES CIVILES DEL PARAGUAY SA ( CCP GROUP SA )', NULL, NULL, NULL, NULL, NULL, '2', '80081216-6', NULL, NULL, NULL),
	(940, 'IRE', 1, 0, 0, 2, 'DISTRIBUIDORA NUCLEO', NULL, NULL, NULL, NULL, NULL, '2', '80009196-5', NULL, NULL, NULL),
	(941, 'IRE', 1, 0, 0, 2, 'NUCLEO SA', NULL, NULL, NULL, NULL, NULL, '2', '80017437-2', NULL, NULL, NULL),
	(942, 'IRE', 1, 0, 0, 2, 'ESTACION A NUCLEO CULTURAL', NULL, NULL, NULL, NULL, NULL, '2', '80021911-2', NULL, NULL, NULL),
	(943, 'IRE', 1, 0, 0, 2, 'NUCLEO MEDICO SA', NULL, NULL, NULL, NULL, NULL, '2', '80057914-3', NULL, NULL, NULL),
	(944, 'IRE', 1, 0, 0, 2, 'GRUPO NUCLEO SRL', NULL, NULL, NULL, NULL, NULL, '2', '80005640-0', NULL, NULL, NULL),
	(945, 'IRE', 1, 0, 0, 2, 'COMISION DEL NUCLEO HABITACIONAL LA CANDELARIA', NULL, NULL, NULL, NULL, NULL, '2', '80075561-8', NULL, NULL, NULL),
	(946, 'IRE', 1, 0, 0, 2, 'NUCLEO JUVENIL DE ACCION CULTURAL', NULL, NULL, NULL, NULL, NULL, '2', '80055693-3', NULL, NULL, NULL),
	(947, 'IRE', 1, 0, 0, 2, 'NUCLEO GRUPO 4P SRL', NULL, NULL, NULL, NULL, NULL, '2', '80106739-1', NULL, NULL, NULL),
	(948, 'IRE', 1, 0, 0, 2, 'NUCLEO ITA MARIA SA', NULL, NULL, NULL, NULL, NULL, '2', '80059890-3', NULL, NULL, NULL),
	(949, 'IRE', 1, 0, 0, 2, 'GRUPO NUCLEO COMERCIAL SRL', NULL, NULL, NULL, NULL, NULL, '2', '80005969-7', NULL, NULL, NULL),
	(950, 'IRE', 1, 0, 0, 2, 'NÚCLEO DE ESPECIALIDADES MEDICAS SRL', NULL, NULL, NULL, NULL, NULL, '2', '80109601-4', NULL, NULL, NULL),
	(951, 'IRE', 1, 0, 0, 2, 'COMISION DIRECTIVA DEL COMITE NUCLEO II', NULL, NULL, NULL, NULL, NULL, '2', '80073817-9', NULL, NULL, NULL),
	(952, 'IRE', 1, 0, 0, 2, 'ASOCIACION DE PRODUCTORES AGROPECUARIO NUCLEO 1 ARROYITO', NULL, NULL, NULL, NULL, NULL, '2', '80090333-1', NULL, NULL, NULL),
	(953, 'IRE', 1, 0, 0, 2, 'COMITE DE PRODUCTORES KA`AGUYRÀ ASENTAMIENTO NUCLEO 5', NULL, NULL, NULL, NULL, NULL, '2', '80065331-9', NULL, NULL, NULL),
	(954, 'IRE', 1, 0, 0, 2, 'COMITE DE MUJERES DEL ASENTAMIENTO FELIPE OSORIO NUCLEO 4', NULL, NULL, NULL, NULL, NULL, '2', '80088235-0', NULL, NULL, NULL),
	(955, 'IRE', 1, 0, 0, 2, 'COMISION VECINAL DE FOMENTO Y DESARROLLO NUCLEO RURAL SAN BLAS', NULL, NULL, NULL, NULL, NULL, '2', '80032400-5', NULL, NULL, NULL),
	(956, 'IRE', 1, 0, 0, 2, 'COMITE DE PRODUCTORES NUCLEO 6 DE LA COMPAÑIA ÑU PYAHU - TAVAI', NULL, NULL, NULL, NULL, NULL, '2', '80063231-1', NULL, NULL, NULL),
	(957, 'IRE', 1, 0, 0, 2, 'ASENTAMIENTO 11 DE MAYO COMPAÑIA NUCLEO 4 SAN ANTONIO', NULL, NULL, NULL, NULL, NULL, '2', '80059775-3', NULL, NULL, NULL),
	(958, 'IRE', 1, 0, 0, 2, 'COMITÉ PRODUCTORES/AS 20 DE SETIEMBRE, ASENTAMIENTO ÑU PYAHU - NUCLEO 2', NULL, NULL, NULL, NULL, NULL, '2', '80067421-9', NULL, NULL, NULL),
	(959, 'IRE', 1, 0, 0, 2, 'ASOCIACIÓN VECINAL CAMPESINA SIN TIERRA ZONA OLERA DEL NUCLEO RURAL COSTA DE SEDA DE SALADILLO', NULL, NULL, NULL, NULL, NULL, '2', '80087917-1', NULL, NULL, NULL),
	(960, 'IRE', 1, 0, 0, 2, 'COMITE DE PRODUCTORES SAN ROQUE ASENTAMIENTO LA GERMANIA NUCLEO 2 DISTRITO DE NUEVA GERMANIA DEPARTAMENTO DE SAN PEDRO.', NULL, NULL, NULL, NULL, NULL, '2', '80071154-8', NULL, NULL, NULL),
	(961, 'IRE', 1, 0, 0, 2, 'COMITE DE PRODUCTORES SAN JUAN ASENTAMIENTO LA GERMANINA NUCLEO 1 - DISTRITO NUEVA GERMANIA DPTO.DE SAN PEDRO', NULL, NULL, NULL, NULL, NULL, '2', '80070455-0', NULL, NULL, NULL),
	(962, 'IRE', 1, 0, 0, 2, 'COMITE SAN ROQUE II ,ASENTAMIENTO LA GERMANIA,NUCLEO 2, DISTRITO DE NUEVA GERMANIA,DEPARTAMENTO DE SAN PEDRO.', NULL, NULL, NULL, NULL, NULL, '2', '80070447-9', NULL, NULL, NULL),
	(963, 'IRE', 1, 0, 0, 2, 'COMITÉ DE PRODUCTORES DEL ASENTAMIENTO 12 DE JULIO DEL NÚCLEO 1, ASENTAMIENTO 12 DE JULIO, DISTRITO DE SAN PEDRO DEL PARANÁ, DEPARTAMENTO DE ITAPÚA', NULL, NULL, NULL, NULL, NULL, '2', '80105750-7', NULL, NULL, NULL),
	(964, 'IRE', 1, 0, 0, 2, 'FIDEICOMISO DE GARANTIA TIGO MONEY', NULL, NULL, NULL, NULL, NULL, '2', '80081820-2', NULL, NULL, NULL),
	(965, 'IRE', 1, 0, 0, 2, 'FIDEICOMISO DE GARANTÍA TIGO MONEY 2', NULL, NULL, NULL, NULL, NULL, '2', '80088892-8', NULL, NULL, NULL),
	(966, 'IRE', 1, 0, 0, 2, 'ANTELL COMUNICACIONES SA ', NULL, NULL, NULL, NULL, NULL, '2', '80021940-6', NULL, NULL, NULL),
	(967, 'IRE', 1, 0, 0, 2, 'FIDEICOMISO DE GARANTIA DOMART SA - BANCO ATLAS SA', NULL, NULL, NULL, NULL, NULL, '2', '80103593-7', NULL, NULL, NULL),
	(968, 'IRE', 1, 0, 0, 2, 'DOMART SA', NULL, NULL, NULL, NULL, NULL, '2', '80084364-9', NULL, NULL, NULL),
	(969, 'IRE', 1, 0, 0, 2, 'FUNDACION TUPI', NULL, NULL, NULL, NULL, NULL, '2', '80026258-1', NULL, NULL, NULL),
	(970, 'IRE', 1, 0, 0, 2, 'AGRO TUPI SRL', NULL, NULL, NULL, NULL, NULL, '2', '80056429-4', NULL, NULL, NULL),
	(971, 'IRE', 1, 0, 0, 2, 'TUPI INMOBILIARIA SRL', NULL, NULL, NULL, NULL, NULL, '2', '80006745-2', NULL, NULL, NULL),
	(972, 'IRE', 1, 0, 0, 2, 'TUPI IMPORT EXPORT SA', NULL, NULL, NULL, NULL, NULL, '2', '80037591-2', NULL, NULL, NULL),
	(973, 'IRE', 1, 0, 0, 2, 'TUPI RAMOS GENERALES SA', NULL, NULL, NULL, NULL, NULL, '2', '80031970-2', NULL, NULL, NULL),
	(974, 'IRE', 1, 0, 0, 2, 'TUPI SAINDUSTRIA Y COMERCIO DE GRANOS', NULL, NULL, NULL, NULL, NULL, '2', '80008996-0', NULL, NULL, NULL),
	(975, 'IRE', 1, 0, 0, 2, 'TUPI INTERNACIONAL IMPORTACIONEXPORTACION SRL', NULL, NULL, NULL, NULL, NULL, '2', '80005856-9', NULL, NULL, NULL),
	(976, 'IRE', 1, 0, 0, 2, 'TUGUA TUPI GUARANI SA IMPORT. EXPORT', NULL, NULL, NULL, NULL, NULL, '2', '80090852-0', NULL, NULL, NULL),
	(977, 'IRE', 1, 0, 0, 2, 'AGROGANADERA TUPI GUARANI SA IMPORTACION - EXPORTACION', NULL, NULL, NULL, NULL, NULL, '2', '80027288-9', NULL, NULL, NULL),
	(978, 'IRE', 1, 0, 0, 2, 'COOPER. MULTIACT. DE PRODUCC. AHORRO Y CREDITO, CONS. Y SERVICIOS TUPI LIMITADA', NULL, NULL, NULL, NULL, NULL, '2', '80009469-7', NULL, NULL, NULL),
	(979, 'IRP', 1, 1, 0, 1, 'GRANCE ADORNO, MARIA ELENA', NULL, NULL, NULL, NULL, NULL, '2', '1711856-5', NULL, NULL, NULL),
	(980, 'IRE', 1, 0, 0, 2, 'GRUPO HENDY SA', NULL, NULL, NULL, NULL, NULL, '2', '80082125-4', NULL, NULL, NULL),
	(981, 'IRE', 1, 0, 0, 2, 'NUEVA AMERICANA SA', NULL, NULL, NULL, NULL, NULL, '2', '80001513-4', NULL, NULL, NULL),
	(982, 'IRE', 1, 0, 0, 2, 'ATALAYA DE INMUEBLES SRL', NULL, NULL, NULL, NULL, NULL, '2', '80002679-9', NULL, NULL, NULL),
	(983, 'IRE', 1, 0, 0, 2, 'ASOCIACIÓN RADIO COMUNITARIA ATALAYA', NULL, NULL, NULL, NULL, NULL, '2', '80078590-8', NULL, NULL, NULL),
	(984, 'IRE', 1, 0, 0, 2, 'ATALAYA DE INMUEBLES Y MANDATOS SA', NULL, NULL, NULL, NULL, NULL, '2', '80007737-7', NULL, NULL, NULL),
	(985, 'IRE', 1, 0, 0, 2, 'ATALAYA SA DE SEGUROS GENERALES', NULL, NULL, NULL, NULL, NULL, '2', '80004518-1', NULL, NULL, NULL),
	(986, 'IRE', 1, 0, 0, 2, 'ASOCIACION RADIO COMUNITARIA CRISTIANA ATALAYA', NULL, NULL, NULL, NULL, NULL, '2', '80050923-4', NULL, NULL, NULL),
	(987, 'IRE', 1, 0, 0, 2, 'CANO HERMANOS SRL', NULL, NULL, NULL, NULL, NULL, '2', '80014206-3', NULL, NULL, NULL),
	(988, 'IRP', 1, 1, 0, 1, 'BUCCI, OSVALDO RICARDO ', NULL, NULL, NULL, NULL, NULL, '2', '1159916-2 ', NULL, NULL, NULL),
	(989, 'IRE', 1, 0, 0, 2, 'JOSEPH SRL', NULL, NULL, NULL, NULL, NULL, '2', '80047800-2', NULL, NULL, NULL),
	(990, 'IRE', 1, 0, 0, 2, 'ASOCIACION INTERNACIONAL DE PELUQUEROS INTERCOIFFURE INTERBEAUTE - PARAGUAY', NULL, NULL, NULL, NULL, NULL, '2', '80076902-3', NULL, NULL, NULL),
	(991, 'IRE', 1, 0, 0, 2, 'VALKYRIE COIFFURE SRL', NULL, NULL, NULL, NULL, NULL, '2', '80067653-0', NULL, NULL, NULL),
	(992, 'IRE', 1, 0, 0, 2, 'PURO COIFFURE SRL', NULL, NULL, NULL, NULL, NULL, '2', '80107863-6', NULL, NULL, NULL),
	(993, 'IRE', 1, 0, 0, 2, 'ROSI COIFFURE SRL', NULL, NULL, NULL, NULL, NULL, '2', '80026408-8', NULL, NULL, NULL),
	(994, 'IRE', 1, 0, 0, 2, 'ROMIMAC COIFFURE SRL', NULL, NULL, NULL, NULL, NULL, '2', '80090639-0', NULL, NULL, NULL),
	(995, 'IRE', 1, 0, 0, 2, 'LILI COIFFURE SA', NULL, NULL, NULL, NULL, NULL, '2', '80096258-3', NULL, NULL, NULL),
	(996, 'IRE', 1, 0, 0, 2, 'FABIAN Y ESTHER INTER COIFFEUR SRL', NULL, NULL, NULL, NULL, NULL, '2', '80014365-5', NULL, NULL, NULL),
	(997, 'IRE', 1, 0, 0, 2, 'VENUS COIFFURE SRL', NULL, NULL, NULL, NULL, NULL, '2', '80111081-5', NULL, NULL, NULL),
	(998, 'IVA', 1, 0, 0, 1, 'ARCE SALINAS, RICHARD ARTURO', NULL, NULL, NULL, NULL, NULL, '2', '3426620-8', NULL, NULL, NULL),
	(999, 'IVA', 1, 0, 0, 1, 'HEYN ARCE, RICHARD ARTEMIO', NULL, NULL, NULL, NULL, NULL, '2', '3561812-4', NULL, NULL, NULL),
	(1000, 'IVA', 1, 0, 0, 1, 'FERREIRA ARCE, RICHARD ABEL', NULL, NULL, NULL, NULL, NULL, '2', '4636862-0', NULL, NULL, NULL),
	(1001, 'IVA', 1, 0, 0, 1, 'ARCE GARCIA, RICHARD MANUEL', NULL, NULL, NULL, NULL, NULL, '2', '4221054-2', NULL, NULL, NULL),
	(1002, 'IVA', 1, 0, 0, 1, 'MONGELOS ARCE, RICHARD OSMAR', NULL, NULL, NULL, NULL, NULL, '2', '3408775-3', NULL, NULL, NULL),
	(1003, 'IVA', 1, 0, 0, 1, 'SANABRIA ARCE, RICHARD VICENTE', NULL, NULL, NULL, NULL, NULL, '2', '5192796-9', NULL, NULL, NULL),
	(1004, 'IVA', 1, 1, 0, 1, 'ARCE CACERES, RICHARD FABIAN', NULL, NULL, NULL, NULL, NULL, '2', '2581618-7', NULL, NULL, NULL),
	(1005, 'IVA', 1, 0, 0, 1, 'CASTILLO ARCE, RICHARD EFREN', NULL, NULL, NULL, NULL, NULL, '2', '3530939-3', NULL, NULL, NULL),
	(1006, 'IVA', 1, 0, 0, 1, 'GARCETE, RICHARD NATIVIDAD', NULL, NULL, NULL, NULL, NULL, '2', '6647678-0', NULL, NULL, NULL),
	(1007, 'IVA', 1, 0, 0, 1, 'RICHARD CHAMORRO, MARCELA PALMIRA', NULL, NULL, NULL, NULL, NULL, '2', '3714740-4', NULL, NULL, NULL),
	(1008, 'IVA', 1, 0, 0, 1, 'TORRES PORTILLO, RICHARD MARCELO', NULL, NULL, NULL, NULL, NULL, '2', '4770880-8', NULL, NULL, NULL),
	(1009, 'IVA', 1, 0, 0, 1, 'RICHARD SAUCEDO, CLAUDIO MARCELO', NULL, NULL, NULL, NULL, NULL, '2', '7420450-5', NULL, NULL, NULL),
	(1010, 'IVA', 1, 0, 0, 1, 'GARCETE CARDOZO, RICHARD ARISTIDES', NULL, NULL, NULL, NULL, NULL, '2', '844850-7', NULL, NULL, NULL),
	(1011, 'IVA', 1, 0, 0, 1, 'RIVEROS MEDEN, RICHARD MARCELO', NULL, NULL, NULL, NULL, NULL, '2', '2047041-0', NULL, NULL, NULL),
	(1012, 'IVA', 1, 0, 0, 1, 'DURE SANABRIA, RICHARD MARCELO', NULL, NULL, NULL, NULL, NULL, '2', '3353781-0', NULL, NULL, NULL),
	(1013, 'IVA', 1, 0, 0, 1, 'INSFRAN ORTIZ, RICHARD MARCELO', NULL, NULL, NULL, NULL, NULL, '2', '1476252-8', NULL, NULL, NULL),
	(1014, 'IVA', 1, 0, 0, 1, 'JIMENEZ VELAZQUEZ, RICHARD MARCELO', NULL, NULL, NULL, NULL, NULL, '2', '3376303-8', NULL, NULL, NULL),
	(1015, 'IVA', 1, 0, 0, 1, 'CHAVEZ GARCETE, RICHARD GUALBERTO', NULL, NULL, NULL, NULL, NULL, '2', '2485014-4', NULL, NULL, NULL),
	(1016, 'IVA', 1, 0, 0, 1, 'FERNANDEZ BAEZ, RICHARD MARCEL', NULL, NULL, NULL, NULL, NULL, '2', '3744054-3', NULL, NULL, NULL),
	(1017, 'IVA', 1, 0, 0, 1, 'RAMIREZ BOGADO, RICHARD MARCELO', NULL, NULL, NULL, NULL, NULL, '2', '5083014-7', NULL, NULL, NULL),
	(1018, 'IVA', 1, 0, 0, 1, 'GARCETE ROMERO, RICHARD ALBERTO', NULL, NULL, NULL, NULL, NULL, '2', '2142395-4', NULL, NULL, NULL),
	(1019, 'IVA', 1, 0, 0, 1, 'AGUERO MOREL, RICHARD MARCELO', NULL, NULL, NULL, NULL, NULL, '2', '5667755-3', NULL, NULL, NULL),
	(1020, 'IVA', 1, 0, 0, 1, 'GARCETE ALCARAZ, RICHARD HERNAN', NULL, NULL, NULL, NULL, NULL, '2', '3231447-7', NULL, NULL, NULL),
	(1021, 'IVA', 1, 0, 0, 1, 'GARCETE REYES, RICHARD RENE', NULL, NULL, NULL, NULL, NULL, '2', '3510968-8', NULL, NULL, NULL),
	(1022, 'IVA', 1, 0, 0, 1, 'GARCETE AYALA, RICHARD JAVIER', NULL, NULL, NULL, NULL, NULL, '2', '3669849-0', NULL, NULL, NULL),
	(1023, 'IVA', 1, 0, 0, 1, 'ACOSTA ZARATE, RICHARD MARCELO', NULL, NULL, NULL, NULL, NULL, '2', '4218939-0', NULL, NULL, NULL),
	(1024, 'IVA', 1, 0, 0, 1, 'ROJAS SALINAS, RICHARD MARCELO', NULL, NULL, NULL, NULL, NULL, '2', '4912849-3', NULL, NULL, NULL),
	(1025, 'IRE', 1, 0, 0, 2, 'FERNANDITO GROUP SA', NULL, NULL, NULL, NULL, NULL, '2', '80069154-7', NULL, NULL, NULL),
	(1026, 'IRE', 6, 0, 0, 2, 'MINISTERIO DEL INTERIOR', NULL, NULL, NULL, NULL, NULL, '2', '80001140-6', NULL, NULL, NULL),
	(1027, 'IRE', 6, 0, 0, 2, 'MINISTERIO PUBLICO', NULL, NULL, NULL, NULL, NULL, '2', '80007821-7', NULL, NULL, NULL),
	(1028, 'IRE', 6, 0, 0, 2, 'MINISTERIO DE LA MUJER', NULL, NULL, NULL, NULL, NULL, '2', '80009971-0', NULL, NULL, NULL),
	(1029, 'IRE', 6, 0, 0, 2, 'MINISTERIO DE INTEGRACION', NULL, NULL, NULL, NULL, NULL, '2', '80006514-0', NULL, NULL, NULL),
	(1030, 'IRE', 6, 0, 0, 2, 'MINISTERIO DE HACIENDA', NULL, NULL, NULL, NULL, NULL, '2', '80024627-6', NULL, NULL, NULL),
	(1031, 'IRE', 6, 0, 0, 2, 'MINISTERIO DE EDUCACIÓN Y CIENCIAS', NULL, NULL, NULL, NULL, NULL, '2', '80005190-4', NULL, NULL, NULL),
	(1032, 'IRE', 6, 0, 0, 2, 'MINISTERIO SIGLO XXI', NULL, NULL, NULL, NULL, NULL, '2', '80066610-0', NULL, NULL, NULL),
	(1033, 'IRE', 6, 0, 0, 2, 'MINISTERIO BUENAS NUEVAS', NULL, NULL, NULL, NULL, NULL, '2', '80018531-5', NULL, NULL, NULL),
	(1034, 'IRE', 6, 0, 0, 2, 'MINISTERIO DE AGRICULTURA Y GANADERIA', NULL, NULL, NULL, NULL, NULL, '2', '80000482-5', NULL, NULL, NULL),
	(1035, 'IRE', 6, 0, 0, 2, 'MINISTERIO DE INDUSTRIA Y COMERCIO.', NULL, NULL, NULL, NULL, NULL, '2', '80009022-5', NULL, NULL, NULL),
	(1036, 'IRE', 6, 0, 0, 2, 'MINISTERIO CASA DE ORACION', NULL, NULL, NULL, NULL, NULL, '2', '80040922-1', NULL, NULL, NULL),
	(1037, 'IRE', 6, 0, 0, 2, 'MINISTERIO DE JUSTICIA Y TRABAJO', NULL, NULL, NULL, NULL, NULL, '2', '80001463-4', NULL, NULL, NULL),
	(1038, 'IRE', 6, 0, 0, 2, 'IGLESIA MINISTERIO DE CRISTO', NULL, NULL, NULL, NULL, NULL, '2', '80076723-3', NULL, NULL, NULL),
	(1039, 'IRE', 6, 0, 0, 2, 'MINISTERIO TIEMPOS DE CLAMOR', NULL, NULL, NULL, NULL, NULL, '2', '80102723-3', NULL, NULL, NULL),
	(1040, 'IRE', 6, 0, 0, 2, 'MINISTERIO DE RELACIONES EXTERIORES', NULL, NULL, NULL, NULL, NULL, '2', '80001464-2', NULL, NULL, NULL),
	(1041, 'IRE', 6, 0, 0, 2, 'MINISTERIO DE LA DEFENSA PUBLICA', NULL, NULL, NULL, NULL, NULL, '2', '80070094-5', NULL, NULL, NULL),
	(1042, 'IRE', 6, 0, 0, 2, 'MINISTERIO ANTORCHAS DE FUEGO', NULL, NULL, NULL, NULL, NULL, '2', '80080114-8', NULL, NULL, NULL),
	(1043, 'IRE', 6, 0, 0, 2, 'MINISTERIO VIDA Y VERDAD', NULL, NULL, NULL, NULL, NULL, '2', '80082254-4', NULL, NULL, NULL),
	(1044, 'IRE', 6, 0, 0, 2, 'MINISTERIO DE DEFENSA NACIONAL', NULL, NULL, NULL, NULL, NULL, '2', '80006415-1', NULL, NULL, NULL),
	(1045, 'IRE', 6, 0, 0, 2, 'MINISTERIO DE DESARROLLO SOCIAL', NULL, NULL, NULL, NULL, NULL, '2', '80015275-1', NULL, NULL, NULL),
	(1046, 'IRE', 6, 0, 0, 2, 'MINISTERIO DE DEFENSA NACIONAL', NULL, NULL, NULL, NULL, NULL, '2', '80000906-1', NULL, NULL, NULL),
	(1047, 'IRE', 6, 0, 0, 2, 'MINISTERIO FAMILIAR TESHUVA', NULL, NULL, NULL, NULL, NULL, '2', '80084966-3', NULL, NULL, NULL),
	(1048, 'IRE', 6, 0, 0, 2, 'ORGANIZACION MINISTERIO ATALAYAS', NULL, NULL, NULL, NULL, NULL, '2', '80065937-6', NULL, NULL, NULL),
	(1049, 'IRE', 6, 0, 0, 2, 'MINISTERIO MANANTIAL DE VIDA', NULL, NULL, NULL, NULL, NULL, '2', '80083777-0', NULL, NULL, NULL),
	(1050, 'IRE', 6, 0, 0, 2, 'ASOCIACION MINISTERIO MARANATHA', NULL, NULL, NULL, NULL, NULL, '2', '80027179-3', NULL, NULL, NULL),
	(1051, 'IRE', 6, 0, 0, 2, 'DIRECCION ADMINISTRATIVA - MINISTERIO DE HACIENDA', NULL, NULL, NULL, NULL, NULL, '2', '80005701-5', NULL, NULL, NULL),
	(1052, 'IRE', 6, 0, 0, 2, 'SINDICATO DE TRABAJADORES DEL MINISTERIO DEL INTERIOR', NULL, NULL, NULL, NULL, NULL, '2', '80078901-6', NULL, NULL, NULL),
	(1053, 'IRE', 6, 0, 0, 2, 'MINISTERIO EVANGELISTICO MARANATA DEL PARAGUAY', NULL, NULL, NULL, NULL, NULL, '2', '80093941-7', NULL, NULL, NULL),
	(1054, 'IRE', 6, 0, 0, 2, 'MINISTERIO JESUCRISTO PAN DE VIDA', NULL, NULL, NULL, NULL, NULL, '2', '80108351-6', NULL, NULL, NULL),
	(1055, 'IRE', 6, 0, 0, 2, 'FUNDACION DAMAS DEL MINISTERIO DE HACIENDA', NULL, NULL, NULL, NULL, NULL, '2', '80020642-8', NULL, NULL, NULL),
	(1056, 'IRE', 6, 0, 0, 2, 'ASOCIACION IGLESIA UN MINISTERIO SANADOR', NULL, NULL, NULL, NULL, NULL, '2', '80029932-9', NULL, NULL, NULL),
	(1057, 'IRE', 6, 0, 0, 2, 'ASOCIACION DE FUNCIONARIOS MINISTERIO DE HACIENDA', NULL, NULL, NULL, NULL, NULL, '2', '80050552-2', NULL, NULL, NULL),
	(1058, 'IRE', 6, 0, 0, 2, 'MINISTERIO CASA DEL BANQUETE MCB', NULL, NULL, NULL, NULL, NULL, '2', '80106152-0', NULL, NULL, NULL),
	(1059, 'IRE', 6, 0, 0, 2, 'MINISTERIO CRISTIANO JESUS EL SALVADOR', NULL, NULL, NULL, NULL, NULL, '2', '80047103-2', NULL, NULL, NULL),
	(1060, 'IRE', 6, 0, 0, 2, 'ASOCIACION MINISTERIO APOSTOLICO REHOBOT', NULL, NULL, NULL, NULL, NULL, '2', '80106783-9', NULL, NULL, NULL),
	(1061, 'IRE', 6, 0, 0, 2, 'MINISTERIO DE LA NIÑEZ Y LA ADOLESCENCIA (MINNA)', NULL, NULL, NULL, NULL, NULL, '2', '80025704-9', NULL, NULL, NULL),
	(1062, 'IRE', 6, 0, 0, 2, 'IGLESIA MINISTERIO FAMILIAS DEL REY', NULL, NULL, NULL, NULL, NULL, '2', '80102664-4', NULL, NULL, NULL),
	(1063, 'IRE', 6, 0, 0, 2, 'MINISTERIO DEL AMBIENTE Y DESARROLLO SOSTENIBLE', NULL, NULL, NULL, NULL, NULL, '2', '80022066-8', NULL, NULL, NULL),
	(1064, 'IRE', 6, 0, 0, 2, 'SINDICATO DE ANESTESIOLOGOS DEL MINISTERIO DE SALUD', NULL, NULL, NULL, NULL, NULL, '2', '80068157-6', NULL, NULL, NULL),
	(1065, 'IRE', 6, 0, 0, 2, 'MINISTERIO EVANGELISTICO LA BUENA SEMILLA', NULL, NULL, NULL, NULL, NULL, '2', '80085837-9', NULL, NULL, NULL),
	(1066, 'IRE', 6, 0, 0, 2, 'MINISTERIO DE TECNOLOGÍAS DE LA INFORMACIÓN Y COMUNICACIÓN', NULL, NULL, NULL, NULL, NULL, '2', '80105217-3', NULL, NULL, NULL),
	(1067, 'IRE', 6, 0, 0, 2, 'SINDICATO DE FUNCIONARIOS DEL MINISTERIO DEL INTERIOR', NULL, NULL, NULL, NULL, NULL, '2', '80036628-0', NULL, NULL, NULL),
	(1068, 'IRE', 6, 0, 0, 2, 'CENTRO COMUNITARIO MINISTERIO CRISTIANO', NULL, NULL, NULL, NULL, NULL, '2', '80067998-9', NULL, NULL, NULL),
	(1069, 'IRE', 6, 0, 0, 2, 'ASOCIACION DE FUNCIONARIOS DEL MINISTERIO DE HACIENDA', NULL, NULL, NULL, NULL, NULL, '2', '80010349-1', NULL, NULL, NULL),
	(1070, 'IRE', 6, 0, 0, 2, 'ASAMBLEA DE DIOS MINISTERIO INTERNACIONAL', NULL, NULL, NULL, NULL, NULL, '2', '80079609-8', NULL, NULL, NULL),
	(1071, 'IRE', 6, 0, 0, 2, 'MINISTERIO DE OBRAS PUBLICAS Y COMUNICACIONES', NULL, NULL, NULL, NULL, NULL, '2', '80004239-5', NULL, NULL, NULL),
	(1072, 'IRE', 6, 0, 0, 2, 'ASOC.DE EMPLEADOS DEL MINISTERIO DE INDUSTRIA Y COMERCIO', NULL, NULL, NULL, NULL, NULL, '2', '80030720-8', NULL, NULL, NULL),
	(1073, 'IRE', 6, 0, 0, 2, 'SINDICATO DE FUNCIONARIOS DEL MINISTERIO DE DEFENSA NACIONAL', NULL, NULL, NULL, NULL, NULL, '2', '80050450-0', NULL, NULL, NULL),
	(1074, 'IRE', 6, 0, 0, 2, 'ASOCIACION MINISTERIO ALTO REFUGIO AMAR', NULL, NULL, NULL, NULL, NULL, '2', '80059130-5', NULL, NULL, NULL),
	(1075, 'IRE', 6, 0, 0, 2, 'IGLESIA PENTECOSTAL MINISTERIO FUENTE DE RESTAURACION', NULL, NULL, NULL, NULL, NULL, '2', '80067890-7', NULL, NULL, NULL),
	(1076, 'IRE', 6, 0, 0, 2, 'IGLESIA ASAMBLEA DE DIOS MINISTERIO POR LA VIDA', NULL, NULL, NULL, NULL, NULL, '2', '80080340-0', NULL, NULL, NULL),
	(1077, 'IRE', 6, 0, 0, 2, 'SINDICATO DEL MINISTERIO PUBLICO DE LA RCA. DEL PARAGUAY', NULL, NULL, NULL, NULL, NULL, '2', '80084350-9', NULL, NULL, NULL),
	(1078, 'IRE', 6, 0, 0, 2, 'MINISTERIO EVANGELICO PARA LAS NACIONES JESUS TE AMA', NULL, NULL, NULL, NULL, NULL, '2', '80029251-0', NULL, NULL, NULL),
	(1079, 'IRE', 6, 0, 0, 2, 'MINISTERIO DE SALUD PUBLICA Y BIENESTAR SOCIAL', NULL, NULL, NULL, NULL, NULL, '2', '80000905-3', NULL, NULL, NULL),
	(1080, 'IRE', 6, 0, 0, 2, 'SINDICATO DE TRABAJADORES DEL MINISTERIO DE HACIENDA (SITRAMH)', NULL, NULL, NULL, NULL, NULL, '2', '80064375-5', NULL, NULL, NULL),
	(1081, 'IRE', 6, 0, 0, 2, 'ASAMBLEA DE DIOS MINISTERIO DE EVANGELISMO Y MISIONES', NULL, NULL, NULL, NULL, NULL, '2', '80077535-0', NULL, NULL, NULL),
	(1082, 'IRE', 6, 0, 0, 2, 'MINISTERIO DEL TRABAJO, EMPLEO Y SEGURIDAD SOCIAL', NULL, NULL, NULL, NULL, NULL, '2', '80082365-6', NULL, NULL, NULL),
	(1083, 'IRE', 6, 0, 0, 2, 'MINISTERIO EVANGELICO CRISTIANO DULCE REFUGIO', NULL, NULL, NULL, NULL, NULL, '2', '80095795-4', NULL, NULL, NULL),
	(1084, 'IRE', 6, 0, 0, 2, 'ASOCIACION DE EMPLEADOS DEL MINISTERIO DE DEFENSA NACIONAL', NULL, NULL, NULL, NULL, NULL, '2', '80029126-3', NULL, NULL, NULL),
	(1085, 'IRE', 6, 0, 0, 2, 'MINISTERIO MONTE SINAI EN LA REPUBLICA DEL PARAGUAY', NULL, NULL, NULL, NULL, NULL, '2', '80058146-6', NULL, NULL, NULL),
	(1086, 'IRE', 6, 0, 0, 2, 'ASOC.DE FUNC.DEL MINISTERIO DE AGRICULTURA Y GANADERIA', NULL, NULL, NULL, NULL, NULL, '2', '80030278-8', NULL, NULL, NULL),
	(1087, 'IRE', 6, 0, 0, 2, 'ASOCIACIÓN DE FUNCIONARIOS DEL MINISTERIO DE EDUCACION Y CULTURA', NULL, NULL, NULL, NULL, NULL, '2', '80081718-4', NULL, NULL, NULL),
	(1088, 'IRE', 6, 0, 0, 2, 'MINISTERIO APOSTÓLICO PROFÉTICO FILADELFIA MAPF', NULL, NULL, NULL, NULL, NULL, '2', '80105988-7', NULL, NULL, NULL),
	(1089, 'IRE', 6, 0, 0, 2, 'CAJA DE PRESTAMOS DE MINISTERIO DE DEFENSA NACIONAL', NULL, NULL, NULL, NULL, NULL, '2', '80032459-5', NULL, NULL, NULL),
	(1090, 'IRE', 6, 0, 0, 2, 'CAJA MUTUAL DE FUNCIONARIOS DEL MINISTERIO PUBLICO', NULL, NULL, NULL, NULL, NULL, '2', '80046429-0', NULL, NULL, NULL),
	(1091, 'IRE', 6, 0, 0, 2, 'MINISTERIO DE URBANISMO, VIVIENDA Y HABITAT (MUVH)', NULL, NULL, NULL, NULL, NULL, '2', '80061133-0', NULL, NULL, NULL),
	(1092, 'IRE', 6, 0, 0, 2, 'FISCALIZACION GENERAL DE OBRAS MINISTERIO DE DEFENSA NAC.', NULL, NULL, NULL, NULL, NULL, '2', '80007000-3', NULL, NULL, NULL),
	(1093, 'IRE', 6, 0, 0, 2, 'ASOCIACION MUTUAL DE FUNCIONARIOS DE MINISTERIO DE JUSTICIA Y TRABAJO', NULL, NULL, NULL, NULL, NULL, '2', '80046880-5', NULL, NULL, NULL),
	(1094, 'IRE', 6, 0, 0, 2, 'SINDICATO DE FUNCIONARIOS Y EMPLEADOS DEL MINISTERIO DE RELACIONES EXTERIORES', NULL, NULL, NULL, NULL, NULL, '2', '80049820-8', NULL, NULL, NULL),
	(1095, 'IRE', 6, 0, 0, 2, 'CENTRO FAMILIAR CRISTIANO - MINISTERIO DE RADIO Y TV', NULL, NULL, NULL, NULL, NULL, '2', '80051020-8', NULL, NULL, NULL),
	(1096, 'IRE', 6, 0, 0, 2, 'MINISTERIO EVANGELISTICO PROFETICO JESUCRISTO UNICO MEDIADOR', NULL, NULL, NULL, NULL, NULL, '2', '80106280-2', NULL, NULL, NULL),
	(1097, 'IRE', 6, 0, 0, 2, 'MINISTERIO INTERNACIONAL PIEDAD EN ACCION A LAS NACIONES ( MIPAN )', NULL, NULL, NULL, NULL, NULL, '2', '80062591-9', NULL, NULL, NULL),
	(1098, 'IRE', 6, 0, 0, 2, 'MINISTERIO PORTAL DEL CIELO Y CASA DE DIOS PARA LAS NACIONES', NULL, NULL, NULL, NULL, NULL, '2', '80109241-8', NULL, NULL, NULL),
	(1099, 'IRE', 6, 0, 0, 2, 'SIND.DE FUNC.PROF.DEL MINISTERIO DE HACIENDA (SIFUPROMH)', NULL, NULL, NULL, NULL, NULL, '2', '80029007-0', NULL, NULL, NULL),
	(1100, 'IRE', 6, 0, 0, 2, 'ASOC.DE AGENTES FISCALES DEL MINISTERIO PUBLICO DEL PARAGUAY', NULL, NULL, NULL, NULL, NULL, '2', '80030047-5', NULL, NULL, NULL),
	(1101, 'IRE', 6, 0, 0, 2, 'SINDICATO DE FUNCIONARIOS Y EMPLEADOS DEL MINISTERIO DE AGRICULTURA Y GANADERIA', NULL, NULL, NULL, NULL, NULL, '2', '80070767-2', NULL, NULL, NULL),
	(1102, 'IRE', 6, 0, 0, 2, 'ASOC.DE FUNC.Y EMPLEADOS DEL MINISTERIO RELAC. EXTERIORES', NULL, NULL, NULL, NULL, NULL, '2', '80010318-1', NULL, NULL, NULL),
	(1103, 'IRE', 6, 0, 0, 2, 'SINDICATO DE TRABAJADORES DE LA SALUD DEL MINISTERIO DE JUSTICIA (SITSAMIJ)', NULL, NULL, NULL, NULL, NULL, '2', '80092658-7', NULL, NULL, NULL),
	(1104, 'IRE', 6, 0, 0, 2, 'PRIMER SIND.DE FUNC.DEL MINISTERIO DE HACIENDA (PRISIFUMIH)', NULL, NULL, NULL, NULL, NULL, '2', '80030639-2', NULL, NULL, NULL),
	(1105, 'IRE', 6, 0, 0, 2, 'SINDICATO DE ASISTENTES FISCALES DEL MINISTERIO PÚBLICO DE LA REPÚBLICA DEL PARAGUAY', NULL, NULL, NULL, NULL, NULL, '2', '80106830-4', NULL, NULL, NULL),
	(1106, 'IRE', 6, 0, 0, 2, 'SINDICATO DE FUNCIONARIOS DE LA DIRECCION DE COMERCIALIZACION DEL MINISTERIO DE AGRICULTURA Y GANADERIA', NULL, NULL, NULL, NULL, NULL, '2', '80068941-0', NULL, NULL, NULL),
	(1107, 'IRE', 6, 0, 0, 2, 'ASOCIACION DE ASISTENTES FISCALES Y OTROS FUNCIONARIOS DEL MINISTERIO PUBLICO DEL PARAGUAY', NULL, NULL, NULL, NULL, NULL, '2', '80097151-5', NULL, NULL, NULL),
	(1108, 'IRE', 6, 0, 0, 2, 'SINDICATO DE TRABAJADORES Y FUNCIONARIOS DEL MINISTERIO DE EDUCACIÓN Y CULTURA (SITRAFUMEC)', NULL, NULL, NULL, NULL, NULL, '2', '80052252-4', NULL, NULL, NULL),
	(1109, 'IRE', 6, 0, 0, 2, 'IGLESIA EVAN.PENTECOSTAL MINISTERIO SOLO ES SEÑOR ES DIOS', NULL, NULL, NULL, NULL, NULL, '2', '80028687-1', NULL, NULL, NULL),
	(1110, 'IRE', 6, 0, 0, 2, 'IGLESIA EVAG.MINISTERIO PENTECOSTAL JESUS CRISTO ES EL SEÑOR', NULL, NULL, NULL, NULL, NULL, '2', '80037669-2', NULL, NULL, NULL),
	(1111, 'IRE', 6, 0, 0, 2, 'IGLESIA PENTECOSTAL ASAMBLEA DE DIOS MINISTERIO RESTAURACION ADRESTAURACION', NULL, NULL, NULL, NULL, NULL, '2', '80070929-2', NULL, NULL, NULL),
	(1112, 'IRE', 6, 0, 0, 2, 'IGLE.EVAN.ASAM.DE DIOS PENTECOSTAL MINISTERIO PALABRA DE FE', NULL, NULL, NULL, NULL, NULL, '2', '80029500-5', NULL, NULL, NULL),
	(1113, 'IRE', 6, 0, 0, 2, 'SINDICATO DE TRABAJADORES LIBRES DEL MINISTERIO DE OBRAS PUBLICAS Y COMUNICACIONES (SITRALMOPC)', NULL, NULL, NULL, NULL, NULL, '2', '80079150-9', NULL, NULL, NULL),
	(1114, 'IRE', 6, 0, 0, 2, 'CLUB SOCIAL Y DEPORTIVO DE FUNCIONARIOS DEL MINISTERIO DE OBRAS PUBLICAS Y COMUNICACIONES', NULL, NULL, NULL, NULL, NULL, '2', '80093673-6', NULL, NULL, NULL),
	(1115, 'IRE', 6, 0, 0, 2, 'SINDICATO DE BIOQUIMICOS DEL MINISTERIO DE SALUD PUBLICA Y BIENESTAR SOCIAL (SBMS)', NULL, NULL, NULL, NULL, NULL, '2', '80077894-4', NULL, NULL, NULL),
	(1116, 'IRE', 6, 0, 0, 2, 'ASOCIACIÓN DE DIPLOMÁTICOS Y FUNCIONARIOS JUBILADOS DEL MINISTERIO DE RELACIONES EXTERIORES DEL PARAGUAY', NULL, NULL, NULL, NULL, NULL, '2', '80107627-7', NULL, NULL, NULL),
	(1117, 'IRE', 6, 0, 0, 2, 'SINDICATO DE TRABAJADORES Y EMPLEADOS DEL MINISTERIO DE JUSTICIA Y TRABAJO DEL PARAGUAY SITEMJT', NULL, NULL, NULL, NULL, NULL, '2', '80067988-1', NULL, NULL, NULL),
	(1118, 'IRE', 6, 0, 0, 2, 'SINDICATO DE TRABAJADORES DEL TRANSPORTE, TALLERES Y AFINES, DEL MINISTERIO DE SALUD PÚBLICA Y BIENESTAR SOCIAL', NULL, NULL, NULL, NULL, NULL, '2', '80085261-3', NULL, NULL, NULL),
	(1119, 'IRE', 6, 0, 0, 2, 'ASOCIACION DE FUNCIONARIOS ESCALAFONADOS DEL SERVICIO ADMINISTRATIVO DEL MINISTERIO DE RELACIONES EXTERIORES DEL PARAGUAY (AFESA)', NULL, NULL, NULL, NULL, NULL, '2', '80089364-6', NULL, NULL, NULL),
	(1120, 'IRE', 6, 0, 0, 2, 'COOPERATIVA MULTIACTIVA DE AHORRO Y CRECITO Y DE CONSUMO DE EMPLEADOS DEL MINISTERIO DE DEFENSA NACIONAL LIMITADA', NULL, NULL, NULL, NULL, NULL, '2', '80050398-8', NULL, NULL, NULL),
	(1121, 'IRE', 6, 0, 0, 2, 'SINDICATO UNICO DE FUNCIONARIOS Y EMPLEADOS DEL MINISTERIO DE TRABAJO, EMPLEO Y SEGURIDAD SOCIAL DEL PARAGUAY', NULL, NULL, NULL, NULL, NULL, '2', '80084569-2', NULL, NULL, NULL),
	(1122, 'IRE', 6, 0, 0, 2, 'COOPERATIVA MULTIACTIVA DE AHORRO Y CREDITO, CONSUMO, PRODUCCION Y SERVICIOS DE FUNCIONARIOS DEL MINISTERIO PUBLICO LIMITADA', NULL, NULL, NULL, NULL, NULL, '2', '80066612-7', NULL, NULL, NULL),
	(1123, 'IRE', 6, 0, 0, 2, 'SINDICATO DE FUNCIONARIOS DE LA ADMINISTRACION CENTRAL E INTERIOR DEL MINISTERIO DE OBRAS PUBLICAS Y COMUNICACIONES (SIFUCEIN-MOPC)', NULL, NULL, NULL, NULL, NULL, '2', '80051315-0', NULL, NULL, NULL),
	(1124, 'IRE', 6, 0, 0, 2, 'SINDICATO DE TRABAJADORES Y EMPLEADOS DEL MINISTERIO DE JUSTICIA Y TRABAJO S.I.T.E.M.J.T.', NULL, NULL, NULL, NULL, NULL, '2', '80046872-4', NULL, NULL, NULL),
	(1125, 'IRE', 6, 0, 0, 2, 'LA CASA DE FORMACION Y ESTUDIOS PARA LA VIDA Y EL MINISTERIO SACERDOTAL SAN IRENEO DE LYON DE LAS COMUNIDADES SACERDOTALES DE SAN JUAN', NULL, NULL, NULL, NULL, NULL, '2', '80080785-5', NULL, NULL, NULL),
	(1126, 'IRE', 6, 0, 0, 2, 'MACISA (MARIA AUXILIADORA COMERCIAL E INDUSTRIAL SA) ', NULL, NULL, NULL, NULL, NULL, '2', '80029742-3', NULL, NULL, NULL),
	(1127, 'IRE', 6, 0, 0, 2, 'FIDEICOMISO DE GARANTIA MACISA - BANCO CONTINENTAL', NULL, NULL, NULL, NULL, NULL, '2', '80080628-0', NULL, NULL, NULL),
	(1128, 'IRE', 6, 0, 0, 2, 'INVERFIN SAECA', NULL, NULL, NULL, NULL, NULL, '2', '80013840-6 ', NULL, NULL, NULL),
	(1129, 'IRE', 6, 0, 0, 2, 'CHACOMER AUTOMOTORES SA ', NULL, NULL, NULL, NULL, NULL, '2', '80060527-6 ', NULL, NULL, NULL),
	(1130, 'IRE', 6, 0, 0, 2, 'CHACOMER SA EMISORA (CHACOMER SAECA) ', NULL, NULL, NULL, NULL, NULL, '2', '80013744-2 ', NULL, NULL, NULL),
	(1131, 'IVA', 6, 1, 0, 1, 'CACERES DELVALLE, ALVA MARLENE', NULL, NULL, NULL, NULL, NULL, '2', '756473-2 ', NULL, NULL, NULL),
	(1132, 'IVA', 6, 0, 0, 1, 'CACERES SOSA, DERLIS MATEO', NULL, NULL, NULL, NULL, NULL, '2', '889981-9 ', NULL, NULL, NULL),
	(1133, 'IVA', 6, 0, 0, 1, 'RIVAS SANABRIA, OMAR ANTONIO ', NULL, NULL, NULL, NULL, NULL, '2', '1243463-9 ', NULL, NULL, NULL),
	(1134, 'IRP', 6, 1, 0, 1, 'JARA CACERES, EDUARDO MARCIAL ', NULL, NULL, NULL, NULL, NULL, '2', '2958201-6 ', NULL, NULL, NULL),
	(1135, 'IVA', 6, 0, 0, 1, 'FLEITAS GONZALEZ, NILSON ELADIO ', NULL, NULL, NULL, NULL, NULL, '2', '1345739-0 ', NULL, NULL, NULL),
	(1136, 'IRE', 6, 1, 0, 1, 'GALEANO BOGADO, BLAS DARIO ', NULL, NULL, NULL, NULL, NULL, '2', '1559549-8', NULL, NULL, NULL),
	(1137, 'IRE', 6, 0, 0, 2, 'SUPER NIÑOS', NULL, NULL, NULL, NULL, NULL, '2', '80107138-0', NULL, NULL, NULL),
	(1138, 'IRE', 6, 0, 0, 2, 'SUPER UNO SA', NULL, NULL, NULL, NULL, NULL, '2', '80060246-3', NULL, NULL, NULL),
	(1139, 'IRE', 6, 0, 0, 2, 'SUPER CAR SA', NULL, NULL, NULL, NULL, NULL, '2', '80021170-7', NULL, NULL, NULL),
	(1140, 'IRE', 6, 0, 0, 2, 'SUPER TINTAS SRL', NULL, NULL, NULL, NULL, NULL, '2', '80014531-3', NULL, NULL, NULL),
	(1141, 'IRE', 6, 0, 0, 2, 'SUPER MAXIMO SRL', NULL, NULL, NULL, NULL, NULL, '2', '80014801-0', NULL, NULL, NULL),
	(1142, 'IRE', 6, 0, 0, 2, 'SUPER MARIO SRL', NULL, NULL, NULL, NULL, NULL, '2', '80033171-0', NULL, NULL, NULL),
	(1143, 'IRE', 6, 0, 0, 2, 'SUPER TIENDA SRL', NULL, NULL, NULL, NULL, NULL, '2', '80097001-2', NULL, NULL, NULL),
	(1144, 'IRE', 6, 0, 0, 2, 'SUPER PLAC SRL', NULL, NULL, NULL, NULL, NULL, '2', '80001292-5', NULL, NULL, NULL),
	(1145, 'IRE', 6, 0, 0, 2, 'SUPER INTENDENCIA DE SALUD', NULL, NULL, NULL, NULL, NULL, '2', '80019702-0', NULL, NULL, NULL),
	(1146, 'IRE', 6, 0, 0, 2, 'SUPER ACUARIO SA', NULL, NULL, NULL, NULL, NULL, '2', '80026002-3', NULL, NULL, NULL),
	(1147, 'IRE', 6, 0, 0, 2, 'SUPER POWER S. A.', NULL, NULL, NULL, NULL, NULL, '2', '80079422-2', NULL, NULL, NULL),
	(1148, 'IRE', 6, 0, 0, 2, 'SUPER CENTRO SRL', NULL, NULL, NULL, NULL, NULL, '2', '80004773-7', NULL, NULL, NULL),
	(1149, 'IRE', 6, 0, 0, 2, 'SUPER CANAL SA', NULL, NULL, NULL, NULL, NULL, '2', '80008033-5', NULL, NULL, NULL),
	(1150, 'IRE', 6, 0, 0, 2, 'SUPER MIX SA', NULL, NULL, NULL, NULL, NULL, '2', '80035754-0', NULL, NULL, NULL),
	(1151, 'IRE', 6, 0, 0, 2, 'SUPER HR SRL-', NULL, NULL, NULL, NULL, NULL, '2', '80082323-0', NULL, NULL, NULL),
	(1152, 'IRE', 6, 0, 0, 2, 'SUPER QUIMICA SRL', NULL, NULL, NULL, NULL, NULL, '2', '80021954-6', NULL, NULL, NULL),
	(1153, 'IRE', 6, 0, 0, 2, 'SUPER 99 SRL', NULL, NULL, NULL, NULL, NULL, '2', '80033055-2', NULL, NULL, NULL),
	(1154, 'IRE', 6, 0, 0, 2, 'SUPER MOTOR SRL', NULL, NULL, NULL, NULL, NULL, '2', '80006206-0', NULL, NULL, NULL),
	(1155, 'IRE', 6, 0, 0, 2, 'SUPER DIESEL SRL', NULL, NULL, NULL, NULL, NULL, '2', '80013716-7', NULL, NULL, NULL),
	(1156, 'IRE', 6, 0, 0, 2, 'SUPER PILAR SA', NULL, NULL, NULL, NULL, NULL, '2', '80026566-1', NULL, NULL, NULL),
	(1157, 'IRE', 6, 0, 0, 2, 'SUPER TOB SRL', NULL, NULL, NULL, NULL, NULL, '2', '80037646-3', NULL, NULL, NULL),
	(1158, 'IRE', 6, 0, 0, 2, 'SUPER AGRO SRL', NULL, NULL, NULL, NULL, NULL, '2', '80023567-3', NULL, NULL, NULL),
	(1159, 'IRE', 6, 0, 0, 2, 'SUPER IDEAL SA', NULL, NULL, NULL, NULL, NULL, '2', '80026197-6', NULL, NULL, NULL),
	(1160, 'IRE', 6, 0, 0, 2, 'SUPER MANA SRL', NULL, NULL, NULL, NULL, NULL, '2', '80047967-0', NULL, NULL, NULL),
	(1161, 'IRE', 6, 0, 0, 2, 'SUPER SAFETY SA', NULL, NULL, NULL, NULL, NULL, '2', '80052078-5', NULL, NULL, NULL),
	(1162, 'IRE', 6, 0, 0, 2, 'MICRO SUPER SRL', NULL, NULL, NULL, NULL, NULL, '2', '80004489-4', NULL, NULL, NULL),
	(1163, 'IRE', 6, 0, 0, 2, 'SUPER PARK SA', NULL, NULL, NULL, NULL, NULL, '2', '80007379-7', NULL, NULL, NULL),
	(1164, 'IRE', 6, 0, 0, 2, 'SUPER ROHNSON SRL', NULL, NULL, NULL, NULL, NULL, '2', '80013839-2', NULL, NULL, NULL),
	(1165, 'IRE', 6, 0, 0, 2, 'SUPER VELOZ SA', NULL, NULL, NULL, NULL, NULL, '2', '80034690-4', NULL, NULL, NULL),
	(1166, 'IRE', 6, 0, 0, 2, 'SUPER NOVA SA', NULL, NULL, NULL, NULL, NULL, '2', '80066500-7', NULL, NULL, NULL),
	(1167, 'IRE', 6, 0, 0, 2, 'SUPER PAOLA SA', NULL, NULL, NULL, NULL, NULL, '2', '80081080-5', NULL, NULL, NULL),
	(1168, 'IRE', 6, 0, 0, 2, 'SUPER SAFETY SA', NULL, NULL, NULL, NULL, NULL, '2', '80106200-4', NULL, NULL, NULL),
	(1169, 'IRE', 6, 0, 0, 2, 'SUPER GAME SA', NULL, NULL, NULL, NULL, NULL, '2', '80059897-0', NULL, NULL, NULL),
	(1170, 'IRE', 6, 0, 0, 2, 'EL SUPER DE LA FAMILIA SA', NULL, NULL, NULL, NULL, NULL, '2', '80076107-3', NULL, NULL, NULL),
	(1171, 'IRE', 6, 0, 0, 2, 'SUPER BIEN SA', NULL, NULL, NULL, NULL, NULL, '2', '80072948-0', NULL, NULL, NULL),
	(1172, 'IRE', 6, 0, 0, 2, 'SUPER AHORRAMAS SA', NULL, NULL, NULL, NULL, NULL, '2', '80080616-6', NULL, NULL, NULL),
	(1173, 'IRE', 6, 0, 0, 2, 'SUPER GAMES SA', NULL, NULL, NULL, NULL, NULL, '2', '80059038-4', NULL, NULL, NULL),
	(1174, 'IRE', 6, 0, 0, 2, 'SUPER FORTRESS SA', NULL, NULL, NULL, NULL, NULL, '2', '80076978-3', NULL, NULL, NULL),
	(1175, 'IRE', 6, 0, 0, 2, 'CONCRET SUPER SA', NULL, NULL, NULL, NULL, NULL, '2', '80083038-5', NULL, NULL, NULL),
	(1176, 'IRE', 6, 0, 0, 2, 'SUPER REPUESTOS SRL', NULL, NULL, NULL, NULL, NULL, '2', '80004340-5', NULL, NULL, NULL),
	(1177, 'IRE', 6, 0, 0, 2, 'SUPER AUTO SRL', NULL, NULL, NULL, NULL, NULL, '2', '80005826-7', NULL, NULL, NULL),
	(1178, 'IRE', 6, 0, 0, 2, 'SUPER KENNEDY SRL', NULL, NULL, NULL, NULL, NULL, '2', '80039576-0', NULL, NULL, NULL),
	(1179, 'IRE', 6, 0, 0, 2, 'SUPER BOX SA', NULL, NULL, NULL, NULL, NULL, '2', '80097512-0', NULL, NULL, NULL),
	(1180, 'IRE', 6, 0, 0, 2, 'SUPER PRIMAVERA S.A', NULL, NULL, NULL, NULL, NULL, '2', '80036323-0', NULL, NULL, NULL),
	(1181, 'IRE', 6, 0, 0, 2, 'SUPER ALIMENTOS SRL', NULL, NULL, NULL, NULL, NULL, '2', '80098873-6', NULL, NULL, NULL),
	(1182, 'IRE', 6, 0, 0, 2, 'SUPER GUILLE ALIMENTOS SRL', NULL, NULL, NULL, NULL, NULL, '2', '80028720-7', NULL, NULL, NULL),
	(1183, 'IRE', 6, 0, 0, 2, 'GEMINIS SUPER CENTER SRL', NULL, NULL, NULL, NULL, NULL, '2', '80068120-7', NULL, NULL, NULL),
	(1184, 'IRE', 6, 0, 0, 2, 'SUPER POWER CELULAR SRL', NULL, NULL, NULL, NULL, NULL, '2', '80033142-7', NULL, NULL, NULL),
	(1185, 'IRE', 6, 0, 0, 2, 'SUPER CONFITERIA LA NEGRITA SRL', NULL, NULL, NULL, NULL, NULL, '2', '80003263-2', NULL, NULL, NULL),
	(1186, 'IRE', 6, 0, 0, 2, 'SUPER SNACKS PARAGUAY SA', NULL, NULL, NULL, NULL, NULL, '2', '80008333-4', NULL, NULL, NULL),
	(1187, 'IRE', 6, 0, 0, 2, 'SUPER SAN JUSTO SRL', NULL, NULL, NULL, NULL, NULL, '2', '80084993-0', NULL, NULL, NULL),
	(1188, 'IRE', 6, 0, 0, 2, 'SUPER STAR GAMES SRL', NULL, NULL, NULL, NULL, NULL, '2', '80094833-5', NULL, NULL, NULL),
	(1189, 'IRE', 6, 0, 0, 2, 'SUPER FACIL AUTOSERVICE SRL', NULL, NULL, NULL, NULL, NULL, '2', '80000047-1', NULL, NULL, NULL),
	(1190, 'IRE', 6, 0, 0, 2, 'SUPER CARNE ALEGRIA SRL', NULL, NULL, NULL, NULL, NULL, '2', '80016037-1', NULL, NULL, NULL),
	(1191, 'IRE', 6, 0, 0, 2, 'SUPER CARNE LA PREFERIDA SRL', NULL, NULL, NULL, NULL, NULL, '2', '80016597-7', NULL, NULL, NULL),
	(1192, 'IRE', 6, 0, 0, 2, 'DISTRIBUIDORA SUPER SIETE SRL', NULL, NULL, NULL, NULL, NULL, '2', '80025567-4', NULL, NULL, NULL),
	(1193, 'IRE', 6, 0, 0, 2, 'PANIFICADORA SUPER 2000 SRL', NULL, NULL, NULL, NULL, NULL, '2', '80044567-8', NULL, NULL, NULL),
	(1194, 'IRE', 6, 0, 0, 2, 'SUPER SPORTS SERVICE SRL', NULL, NULL, NULL, NULL, NULL, '2', '80008339-3', NULL, NULL, NULL),
	(1195, 'IRE', 6, 0, 0, 2, 'SUPER MERCADO EDGAR SA', NULL, NULL, NULL, NULL, NULL, '2', '80026589-0', NULL, NULL, NULL),
	(1196, 'IRE', 6, 0, 0, 2, 'SUPER C.D. SA', NULL, NULL, NULL, NULL, NULL, '2', '80082868-2', NULL, NULL, NULL),
	(1197, 'IRE', 6, 0, 0, 2, 'SUPERMERCADO SUPER 10 SA', NULL, NULL, NULL, NULL, NULL, '2', '80093389-3', NULL, NULL, NULL),
	(1198, 'IRE', 6, 0, 0, 2, 'SUPER MERCADO COLON SA', NULL, NULL, NULL, NULL, NULL, '2', '80085545-0', NULL, NULL, NULL),
	(1199, 'IRE', 6, 0, 0, 2, 'SUPER FOODS GROUP SA', NULL, NULL, NULL, NULL, NULL, '2', '80107249-2', NULL, NULL, NULL),
	(1200, 'IRE', 6, 0, 0, 2, 'SUPER MERCADO REAL SRL', NULL, NULL, NULL, NULL, NULL, '2', '80005313-3', NULL, NULL, NULL),
	(1201, 'IRE', 6, 0, 0, 2, 'PARTY SUPER MARKET SRL', NULL, NULL, NULL, NULL, NULL, '2', '80006434-8', NULL, NULL, NULL),
	(1202, 'IRE', 6, 0, 0, 2, 'SUPER CARNE YSYRY SRL', NULL, NULL, NULL, NULL, NULL, '2', '80006038-5', NULL, NULL, NULL),
	(1203, 'IRE', 6, 0, 0, 2, 'SUPER MERCADO VILLA MORRA SA', NULL, NULL, NULL, NULL, NULL, '2', '80002421-4', NULL, NULL, NULL),
	(1204, 'IRE', 6, 0, 0, 2, 'SUPER PASTAS SAN BLAS SRL', NULL, NULL, NULL, NULL, NULL, '2', '80053684-3', NULL, NULL, NULL),
	(1205, 'IRE', 6, 0, 0, 2, 'SUPER DISC DIGITAL TECHNOLOGY SA', NULL, NULL, NULL, NULL, NULL, '2', '80037229-8', NULL, NULL, NULL),
	(1206, 'IRE', 6, 0, 0, 2, 'MINI MAX SUPER S.R . L.', NULL, NULL, NULL, NULL, NULL, '2', '80065936-8', NULL, NULL, NULL),
	(1207, 'IRE', 6, 0, 0, 2, 'CONSORCIO DE PROPIETARIOS DEL EDIFICIO ASUNCION SUPER CENTRO', NULL, NULL, NULL, NULL, NULL, '2', '80030387-3', NULL, NULL, NULL),
	(1208, 'IRE', 6, 0, 0, 2, 'SUPER DISC SA (USUARIO ZONA FRANCA)', NULL, NULL, NULL, NULL, NULL, '2', '80031257-0', NULL, NULL, NULL),
	(1209, 'IRE', 6, 0, 0, 2, 'SUPER -SAC S.A SERVICIOS DE ATENCION AL CLIENTE', NULL, NULL, NULL, NULL, NULL, '2', '80013836-8', NULL, NULL, NULL),
	(1210, 'IRE', 6, 0, 0, 2, 'SUPER MERCADO SANTO DOMINGO SOCIEDAD RESPONSABILIDAD LIMITADA', NULL, NULL, NULL, NULL, NULL, '2', '80047731-6', NULL, NULL, NULL),
	(1211, 'IRE', 6, 0, 0, 2, 'COMIS.DE APOYO A LA COORD.DPTAL.DE SUPER.EDUC.DE PARAGUARI', NULL, NULL, NULL, NULL, NULL, '2', '80036004-4', NULL, NULL, NULL),
	(1212, 'IRE', 6, 0, 0, 2, 'J.A. SUPER DISTRIBUIDORA PARAGUAYA (J.A. SUDISPAR) SA', NULL, NULL, NULL, NULL, NULL, '2', '80068458-3', NULL, NULL, NULL),
	(1213, 'IRE', 6, 0, 0, 2, 'ESC.SUPER.DE ADMINISTRACION Y GERENCIA DE EMPRE. SA(ESAE SA)', NULL, NULL, NULL, NULL, NULL, '2', '80030323-7', NULL, NULL, NULL),
	(1214, 'IRP', 6, 0, 0, 1, 'COND.FRANCISCO J.MARTINEZ VIERCI Y FELICE S.MARTINEZ VIERCI', NULL, NULL, NULL, NULL, NULL, '2', '80037274-3', NULL, NULL, NULL),
	(1215, 'IRP', 6, 0, 0, 1, 'PERALTA VIERCI, ALEJANDRO', NULL, NULL, NULL, NULL, NULL, '2', '1260233-7', NULL, NULL, NULL),
	(1216, 'IRP', 6, 0, 0, 1, 'MARTINEZ VIERCI, GERMAN', NULL, NULL, NULL, NULL, NULL, '2', '1189885-2', NULL, NULL, NULL),
	(1217, 'IRP', 6, 0, 0, 1, 'VIERCI, FRANCISCO MAXIMIANO', NULL, NULL, NULL, NULL, NULL, '2', '746116-0', NULL, NULL, NULL),
	(1218, 'IRP', 6, 0, 0, 1, 'VIERCI MENDOZA, FRANCISCO', NULL, NULL, NULL, NULL, NULL, '2', '76956-8', NULL, NULL, NULL),
	(1219, 'IRP', 6, 0, 0, 1, 'VIERCI, LUIS ANGEL', NULL, NULL, NULL, NULL, NULL, '2', '3637137-8', NULL, NULL, NULL),
	(1220, 'IRP', 6, 0, 0, 1, 'VIERCI CORPORATION SRL', NULL, NULL, NULL, NULL, NULL, '2', '80008717-8', NULL, NULL, NULL),
	(1221, 'IRP', 6, 0, 0, 1, 'VIERCI HNOS. SA', NULL, NULL, NULL, NULL, NULL, '2', '80001560-6', NULL, NULL, NULL),
	(1222, 'IRP', 6, 0, 0, 1, 'VIERCI, JULIA PATRICIA', NULL, NULL, NULL, NULL, NULL, '2', '4905856-8', NULL, NULL, NULL),
	(1223, 'IRP', 6, 0, 0, 1, 'SAMUDIO VIERCI, JORGE ANTONIO', NULL, NULL, NULL, NULL, NULL, '2', '2335570-0', NULL, NULL, NULL),
	(1224, 'IRP', 6, 0, 0, 1, 'VIERCI DE CANIZA, MARGARITA VICTORIA', NULL, NULL, NULL, NULL, NULL, '2', '296970-0', NULL, NULL, NULL),
	(1225, 'IRP', 6, 0, 0, 1, 'GARCIA VIERCI, ANA BELEN', NULL, NULL, NULL, NULL, NULL, '2', '3413390-9', NULL, NULL, NULL),
	(1226, 'IRP', 6, 0, 0, 1, 'VIERCI PIDAL, MARTIN CHARBEL', NULL, NULL, NULL, NULL, NULL, '2', '4246620-2', NULL, NULL, NULL),
	(1227, 'IRP', 6, 0, 0, 1, 'IRIBAS VIERCI, CARLOS GABRIEL', NULL, NULL, NULL, NULL, NULL, '2', '520270-1', NULL, NULL, NULL),
	(1228, 'IRP', 6, 0, 0, 1, 'ZAVALA DE VIERCI, MARIA LETICIA', NULL, NULL, NULL, NULL, NULL, '2', '592240-2', NULL, NULL, NULL),
	(1229, 'IRP', 6, 0, 0, 1, 'VIERCI ZAVALA, MARIA NATALIA', NULL, NULL, NULL, NULL, NULL, '2', '1146461-5', NULL, NULL, NULL),
	(1230, 'IRP', 6, 0, 0, 1, 'VIERCI URBIETA, GIOVANNA MARIA', NULL, NULL, NULL, NULL, NULL, '2', '3201181-4', NULL, NULL, NULL),
	(1231, 'IRP', 6, 0, 0, 1, 'VIERCI ALVAREZ, JORGE ISAAC', NULL, NULL, NULL, NULL, NULL, '2', '575781-9', NULL, NULL, NULL),
	(1232, 'IRP', 6, 0, 0, 1, 'IRIBAS VIERCI, MARIA DE LOURDES', NULL, NULL, NULL, NULL, NULL, '2', '660311-4', NULL, NULL, NULL),
	(1233, 'IRP', 6, 0, 0, 1, 'INDUSTRIAS DE ALIMENTOS VIERCI SA', NULL, NULL, NULL, NULL, NULL, '2', '80019401-2', NULL, NULL, NULL),
	(1234, 'IRP', 6, 0, 0, 1, 'CONSORCIO VERA VIERCI Y ASOCIADOS', NULL, NULL, NULL, NULL, NULL, '2', '80029221-9', NULL, NULL, NULL),
	(1235, 'IRP', 6, 0, 0, 1, 'VIERCI ALDERETE, PABLO ALFONSO', NULL, NULL, NULL, NULL, NULL, '2', '97311-4', NULL, NULL, NULL),
	(1236, 'IRP', 6, 0, 0, 1, 'MARTINEZ VIERCI, FELICE SANTIAGO', NULL, NULL, NULL, NULL, NULL, '2', '1065662-6', NULL, NULL, NULL),
	(1237, 'IRP', 6, 0, 0, 1, 'PERALTA VIERCI, ARTURO JOAQUIN', NULL, NULL, NULL, NULL, NULL, '2', '1260232-9', NULL, NULL, NULL),
	(1238, 'IRP', 6, 0, 0, 1, 'VIERCI YAKISICH, ANA MARIA', NULL, NULL, NULL, NULL, NULL, '2', '1385052-0', NULL, NULL, NULL),
	(1239, 'IRP', 6, 0, 0, 1, 'VIERCI CODAS, MARIA VICTORIA', NULL, NULL, NULL, NULL, NULL, '2', '2036872-0', NULL, NULL, NULL),
	(1240, 'IRP', 6, 0, 0, 1, 'BRUN VIERCI, AUGUSTO JOSE', NULL, NULL, NULL, NULL, NULL, '2', '243642-6', NULL, NULL, NULL),
	(1241, 'IRP', 6, 0, 0, 1, 'LEON VIERCI, MARIA ESTER', NULL, NULL, NULL, NULL, NULL, '2', '263732-4', NULL, NULL, NULL),
	(1242, 'IRP', 6, 0, 0, 1, 'VIERCI URBIETA, JUAN VICENTE', NULL, NULL, NULL, NULL, NULL, '2', '3329692-8', NULL, NULL, NULL),
	(1243, 'IRP', 6, 0, 0, 1, 'SANABRIA VIERCI, EUGENIO MARIA', NULL, NULL, NULL, NULL, NULL, '2', '454842-6', NULL, NULL, NULL),
	(1244, 'IRP', 6, 0, 0, 1, 'VIERCI LOPEZ, IVONNE ELENA', NULL, NULL, NULL, NULL, NULL, '2', '591092-7', NULL, NULL, NULL),
	(1245, 'IRP', 6, 0, 0, 1, 'VIERCI VILLAGRA, LUIS ALBERTO', NULL, NULL, NULL, NULL, NULL, '2', '1182603-7', NULL, NULL, NULL),
	(1246, 'IRP', 6, 0, 0, 1, 'VIERCI BERTON, EDUARDO RAUL', NULL, NULL, NULL, NULL, NULL, '2', '1439153-8', NULL, NULL, NULL),
	(1247, 'IRP', 6, 0, 0, 1, 'VIERCI ZAVALA, MARTIN FERNANDO', NULL, NULL, NULL, NULL, NULL, '2', '1527643-0', NULL, NULL, NULL),
	(1248, 'IRP', 6, 0, 0, 1, 'VIERCI BRAVARD, JAZMIN MARIA', NULL, NULL, NULL, NULL, NULL, '2', '1545843-1', NULL, NULL, NULL),
	(1249, 'IRP', 6, 0, 0, 1, 'VIERCI CODAS, JOSE MIGUEL', NULL, NULL, NULL, NULL, NULL, '2', '2036873-9', NULL, NULL, NULL),
	(1250, 'IRP', 6, 0, 0, 1, 'CANIZA VIERCI, JOAQUIN JOSE', NULL, NULL, NULL, NULL, NULL, '2', '2355783-4', NULL, NULL, NULL),
	(1251, 'IRP', 6, 0, 0, 1, 'VIERCI PEDRETTI, DANIEL PEDRO', NULL, NULL, NULL, NULL, NULL, '2', '3002673-3', NULL, NULL, NULL),
	(1252, 'IRP', 6, 0, 0, 1, 'MARTINEZ VIERCI, CARMEN GRACIELA', NULL, NULL, NULL, NULL, NULL, '2', '474413-6', NULL, NULL, NULL),
	(1253, 'IRP', 6, 0, 0, 1, 'VIERCI DE RIVAS, AMALIA MERCEDES', NULL, NULL, NULL, NULL, NULL, '2', '487963-5', NULL, NULL, NULL),
	(1254, 'IRP', 6, 0, 0, 1, 'CODAS DE VIERCI, MARIA REGINA', NULL, NULL, NULL, NULL, NULL, '2', '565953-1', NULL, NULL, NULL),
	(1255, 'IRP', 6, 0, 0, 1, 'ASOCIACION DE EMPLEADOS DEL GRUPO VIERCI', NULL, NULL, NULL, NULL, NULL, '2', '80029123-9', NULL, NULL, NULL),
	(1256, 'IRP', 6, 0, 0, 1, 'VIERCI VILLAGRA, MARIA FE', NULL, NULL, NULL, NULL, NULL, '2', '1182604-5', NULL, NULL, NULL),
	(1257, 'IRP', 6, 0, 0, 1, 'VIERCI ZAVALA, SILVANA LETICIA', NULL, NULL, NULL, NULL, NULL, '2', '2166254-1', NULL, NULL, NULL),
	(1258, 'IRP', 6, 0, 0, 1, 'VIERCI PEDRETTI, MARIA PAZ', NULL, NULL, NULL, NULL, NULL, '2', '2286454-7', NULL, NULL, NULL),
	(1259, 'IRP', 6, 0, 0, 1, 'VIERCI BERTON, JUAN DIEGO', NULL, NULL, NULL, NULL, NULL, '2', '2465484-1', NULL, NULL, NULL),
	(1260, 'IRP', 6, 0, 0, 1, 'VIERCI CASACCIA, IGNACIO LUIS', NULL, NULL, NULL, NULL, NULL, '2', '248184-7', NULL, NULL, NULL),
	(1261, 'IRP', 6, 0, 0, 1, 'YAKISICH DE VIERCI, ANA MARIA', NULL, NULL, NULL, NULL, NULL, '2', '263884-3', NULL, NULL, NULL),
	(1262, 'IRP', 6, 0, 0, 1, 'VIERCI CASACCIA, JOSE MIGUEL', NULL, NULL, NULL, NULL, NULL, '2', '474254-0', NULL, NULL, NULL),
	(1263, 'IRP', 6, 0, 0, 1, 'VIERCI, YVONNE MARIA EUGENIA', NULL, NULL, NULL, NULL, NULL, '2', '5513724-5', NULL, NULL, NULL),
	(1264, 'IRP', 6, 0, 0, 1, 'VIERCI ALDERETE, JULIA ENCARNACION', NULL, NULL, NULL, NULL, NULL, '2', '79144-0', NULL, NULL, NULL),
	(1265, 'IRP', 6, 0, 0, 1, 'ARAUJO DE VIERCI, MARIA JULIA', NULL, NULL, NULL, NULL, NULL, '2', '794464-0', NULL, NULL, NULL),
	(1266, 'IRP', 6, 0, 0, 1, 'VIERCI BRAVARD, IGNACIO LUIS', NULL, NULL, NULL, NULL, NULL, '2', '1059665-8', NULL, NULL, NULL),
	(1267, 'IRP', 6, 0, 0, 1, 'VIERCI URBIETA, MARIA SILVANA', NULL, NULL, NULL, NULL, NULL, '2', '2355105-4', NULL, NULL, NULL),
	(1268, 'IRP', 6, 0, 0, 1, 'VIERCI PIDAL, ANTONIO JOSE', NULL, NULL, NULL, NULL, NULL, '2', '2393405-0', NULL, NULL, NULL),
	(1269, 'IRP', 6, 0, 0, 1, 'FRETES VIERCI, MARIA JOSE', NULL, NULL, NULL, NULL, NULL, '2', '3384555-7', NULL, NULL, NULL),
	(1270, 'IRP', 6, 0, 0, 1, 'TROVATO VIERCI, CELIA VIRGINIA', NULL, NULL, NULL, NULL, NULL, '2', '50046545-2', NULL, NULL, NULL),
	(1271, 'IRP', 6, 0, 0, 1, 'DE LA FOND VIERCI, NICOLAS ALBERTO', NULL, NULL, NULL, NULL, NULL, '2', '50080875-9', NULL, NULL, NULL),
	(1272, 'IRP', 6, 0, 0, 1, 'MARTINEZ VIERCI, FRANCISCO JAVIER', NULL, NULL, NULL, NULL, NULL, '2', '520235-3', NULL, NULL, NULL),
	(1273, 'IRP', 6, 0, 0, 1, 'VERA VIERCI, LUIS ALBERTO', NULL, NULL, NULL, NULL, NULL, '2', '72925-6', NULL, NULL, NULL),
	(1274, 'IRP', 6, 0, 0, 1, 'VIERCI ALVAREZ, CLAUDIO GERARDO', NULL, NULL, NULL, NULL, NULL, '2', '745395-7', NULL, NULL, NULL),
	(1275, 'IRP', 6, 0, 0, 1, 'VIERCI DE MUJICA, GILDA ELENA', NULL, NULL, NULL, NULL, NULL, '2', '928075-8', NULL, NULL, NULL),
	(1276, 'IRP', 6, 0, 0, 1, 'VIERCI BERTON, MARIA ANTONELLA', NULL, NULL, NULL, NULL, NULL, '2', '1260316-3', NULL, NULL, NULL),
	(1277, 'IRP', 6, 0, 0, 1, 'VERA VIERCI, ROBERTO ELISEO', NULL, NULL, NULL, NULL, NULL, '2', '150496-7', NULL, NULL, NULL),
	(1278, 'IRP', 6, 0, 0, 1, 'CANIZA VIERCI, HORACIO JOSE', NULL, NULL, NULL, NULL, NULL, '2', '1847536-1', NULL, NULL, NULL),
	(1279, 'IRP', 6, 0, 0, 1, 'RIVAS VIERCI, JESSICA TYARA', NULL, NULL, NULL, NULL, NULL, '2', '5359946-2', NULL, NULL, NULL),
	(1280, 'IRP', 6, 0, 0, 1, 'YRIBAS VIERCI, MARIA DE FATIMA', NULL, NULL, NULL, NULL, NULL, '2', '594816-9', NULL, NULL, NULL),
	(1281, 'IRP', 6, 0, 0, 1, 'VIERCI ROIG, GIOVANNI FRANCESCO', NULL, NULL, NULL, NULL, NULL, '2', '6513996-8', NULL, NULL, NULL),
	(1282, 'IRP', 6, 0, 0, 1, 'VIERCI GRANOTIER, MARIA BELEN', NULL, NULL, NULL, NULL, NULL, '2', '1059617-8', NULL, NULL, NULL),
	(1283, 'IRP', 6, 0, 0, 1, 'VIERCI CODAS, MARIA BEATRIZ', NULL, NULL, NULL, NULL, NULL, '2', '2988757-7', NULL, NULL, NULL),
	(1284, 'IRP', 6, 0, 0, 1, 'VIERCI ALVAREZ, MARIA LETICIA', NULL, NULL, NULL, NULL, NULL, '2', '925247-9', NULL, NULL, NULL),
	(1285, 'IRP', 6, 0, 0, 1, 'VIERCI DE VITTI, MARIA JOSE', NULL, NULL, NULL, NULL, NULL, '2', '1059618-6', NULL, NULL, NULL),
	(1286, 'IRP', 6, 0, 0, 1, 'DELAFOND VIERCI, GASTON ALBERTO', NULL, NULL, NULL, NULL, NULL, '2', '2302738-0', NULL, NULL, NULL),
	(1287, 'IRP', 6, 0, 0, 1, 'VIERCI PIDAL, ALEJANDRO JOSE', NULL, NULL, NULL, NULL, NULL, '2', '2894388-0', NULL, NULL, NULL),
	(1288, 'IRP', 6, 0, 0, 1, 'VILLAGRA DE VIERCI, MARIA ISABEL', NULL, NULL, NULL, NULL, NULL, '2', '301368-5', NULL, NULL, NULL),
	(1289, 'IRP', 6, 0, 0, 1, 'FIGUEREDO VIERCI, LUIS FELIPE', NULL, NULL, NULL, NULL, NULL, '2', '3269638-8', NULL, NULL, NULL),
	(1290, 'IRP', 6, 0, 0, 1, 'RIVAS VIERCI, PABLO EDUARDO', NULL, NULL, NULL, NULL, NULL, '2', '3531408-7', NULL, NULL, NULL),
	(1291, 'IRP', 6, 0, 0, 1, 'CALBO DE VIERCI, SILVIA EDITH', NULL, NULL, NULL, NULL, NULL, '2', '3637138-6', NULL, NULL, NULL),
	(1292, 'IRP', 6, 0, 0, 1, 'VIERCI CASSACCIA, MARTIN SANTIAGO', NULL, NULL, NULL, NULL, NULL, '2', '378748-6', NULL, NULL, NULL),
	(1293, 'IRP', 6, 0, 0, 1, 'VIERCI ALVAREZ, JUAN FRANCISCO', NULL, NULL, NULL, NULL, NULL, '2', '496648-1', NULL, NULL, NULL),
	(1294, 'IRP', 6, 0, 0, 1, 'VIERCI ROIG, GIORGIO ALFREDO', NULL, NULL, NULL, NULL, NULL, '2', '6513978-0', NULL, NULL, NULL),
	(1295, 'IRP', 6, 0, 0, 1, 'VIERCI DE FIGUEREDO, MARIA LIZ', NULL, NULL, NULL, NULL, NULL, '2', '668788-1', NULL, NULL, NULL),
	(1296, 'IRP', 6, 0, 0, 1, 'A.J.VIERCI Y CIA SRL', NULL, NULL, NULL, NULL, NULL, '2', '80006118-7', NULL, NULL, NULL),
	(1297, 'IRP', 6, 0, 0, 1, 'VIERCI BERTON, MAURICIO JAVIER', NULL, NULL, NULL, NULL, NULL, '2', '3009399-6', NULL, NULL, NULL),
	(1298, 'IRP', 6, 0, 0, 1, 'BRIZUELA VIERCI, AMALIA INES', NULL, NULL, NULL, NULL, NULL, '2', '310699-3', NULL, NULL, NULL),
	(1299, 'IRP', 6, 0, 0, 1, 'RIVAS VIERCI, FERNANDO JOSE', NULL, NULL, NULL, NULL, NULL, '2', '3531409-5', NULL, NULL, NULL),
	(1300, 'IRP', 6, 0, 0, 1, 'VIERCI ALVAREZ, ANTONIO JOSE', NULL, NULL, NULL, NULL, NULL, '2', '872868-2', NULL, NULL, NULL),
	(1301, 'IRP', 6, 0, 0, 1, 'VIERCI YAKISICH, MARIA DE LA PAZ', NULL, NULL, NULL, NULL, NULL, '2', '1059619-4', NULL, NULL, NULL),
	(1302, 'IRP', 6, 0, 0, 1, 'VIERCI URBIETA, MARIA LIZ', NULL, NULL, NULL, NULL, NULL, '2', '1875369-8', NULL, NULL, NULL),
	(1303, 'IRP', 6, 0, 0, 1, 'VIERCI VILLAGRA, ALVARO LUIS', NULL, NULL, NULL, NULL, NULL, '2', '2034369-8', NULL, NULL, NULL),
	(1304, 'IRP', 6, 0, 0, 1, 'VIERCI ROIG, GIANNINA MARIA', NULL, NULL, NULL, NULL, NULL, '2', '2139759-7', NULL, NULL, NULL),
	(1305, 'IRP', 6, 0, 0, 1, 'FIGUEREDO VIERCI, VICENTE LUIS', NULL, NULL, NULL, NULL, NULL, '2', '2374099-0', NULL, NULL, NULL),
	(1306, 'IRP', 6, 0, 0, 1, 'VIERCI CASSACCIA, DANIEL PEDRO', NULL, NULL, NULL, NULL, NULL, '2', '378749-4', NULL, NULL, NULL),
	(1307, 'IRP', 6, 0, 0, 1, 'FRANCISCO VIERCI Y COMPAÑIA SA', NULL, NULL, NULL, NULL, NULL, '2', '80038824-0', NULL, NULL, NULL),
	(1308, 'IRE', 6, 0, 0, 2, 'FRANCISCO VIERCI Y COMPAÑIA SA', NULL, NULL, NULL, NULL, NULL, '2', '80052534-5', NULL, NULL, NULL),
	(1309, 'IRE', 6, 0, 0, 2, 'JUAN VIERCI & CIA. SRL', NULL, NULL, NULL, NULL, NULL, '2', '80000836-7', NULL, NULL, NULL),
	(1310, 'IRE', 6, 0, 0, 2, 'FRANCISCO VIERCI Y CIA. SRL', NULL, NULL, NULL, NULL, NULL, '2', '80004265-4', NULL, NULL, NULL),
	(1311, 'IRP', 6, 0, 0, 1, 'VIERCI VILLAGRA, MARIA ALEJANDRA', NULL, NULL, NULL, NULL, NULL, '2', '1454390-7', NULL, NULL, NULL),
	(1312, 'IRP', 6, 0, 0, 1, 'ROIG DE VIERCI, NORMA CONCEPCION', NULL, NULL, NULL, NULL, NULL, '2', '990309-7', NULL, NULL, NULL),
	(1313, 'IRP', 6, 0, 0, 1, 'BRAVARD DE VIERCI, TERESA MONTSERRAT ELENA', NULL, NULL, NULL, NULL, NULL, '2', '308150-8', NULL, NULL, NULL),
	(1314, 'IRE', 6, 0, 0, 2, 'FARMAN SA', NULL, NULL, NULL, NULL, NULL, '2', '80073728-8', NULL, NULL, NULL),
	(1315, 'IRE', 6, 0, 0, 2, 'FARMA SA', NULL, NULL, NULL, NULL, NULL, '2', '80022877-4', NULL, NULL, NULL),
	(1316, 'IRE', 6, 0, 0, 2, 'FARMA VIDA SRL', NULL, NULL, NULL, NULL, NULL, '2', '80020151-5', NULL, NULL, NULL),
	(1317, 'IRE', 6, 0, 0, 2, 'VIDA FARMA SRL', NULL, NULL, NULL, NULL, NULL, '2', '80040871-3', NULL, NULL, NULL),
	(1318, 'IRE', 6, 0, 0, 2, 'FARMA TOP SA', NULL, NULL, NULL, NULL, NULL, '2', '80044681-0', NULL, NULL, NULL),
	(1319, 'IRE', 6, 0, 0, 2, 'FARMA OFERTA SRL', NULL, NULL, NULL, NULL, NULL, '2', '80086971-0', NULL, NULL, NULL),
	(1320, 'IRE', 6, 0, 0, 2, 'FARMA EL ABUELO SRL', NULL, NULL, NULL, NULL, NULL, '2', '80066832-4', NULL, NULL, NULL),
	(1321, 'IRE', 6, 0, 0, 2, 'FARMA GRUP SA', NULL, NULL, NULL, NULL, NULL, '2', '80026983-7', NULL, NULL, NULL),
	(1322, 'IRE', 6, 0, 0, 2, 'GAOS FARMA SRL', NULL, NULL, NULL, NULL, NULL, '2', '80009814-5', NULL, NULL, NULL),
	(1323, 'IRE', 6, 0, 0, 2, 'FARMA ALIANZA SRL', NULL, NULL, NULL, NULL, NULL, '2', '80021494-3', NULL, NULL, NULL),
	(1324, 'IRE', 6, 0, 0, 2, 'FARMA-LUQUE SRL', NULL, NULL, NULL, NULL, NULL, '2', '80028894-7', NULL, NULL, NULL),
	(1325, 'IRE', 6, 0, 0, 2, 'SOCIAL FARMA SRL', NULL, NULL, NULL, NULL, NULL, '2', '80029024-0', NULL, NULL, NULL),
	(1326, 'IRE', 6, 0, 0, 2, 'PANATEM.FARMA SA', NULL, NULL, NULL, NULL, NULL, '2', '80035714-0', NULL, NULL, NULL),
	(1327, 'IRE', 6, 0, 0, 2, 'MC FARMA SA', NULL, NULL, NULL, NULL, NULL, '2', '80083784-3', NULL, NULL, NULL),
	(1328, 'IRE', 6, 0, 0, 2, 'SALUD FARMA SRL', NULL, NULL, NULL, NULL, NULL, '2', '80093754-6', NULL, NULL, NULL),
	(1329, 'IRE', 6, 0, 0, 2, 'FARMA AMERICA SRL', NULL, NULL, NULL, NULL, NULL, '2', '80021265-7', NULL, NULL, NULL),
	(1330, 'IRE', 6, 0, 0, 2, 'FARMA CHIC SRL', NULL, NULL, NULL, NULL, NULL, '2', '80066945-2', NULL, NULL, NULL),
	(1331, 'IRE', 6, 0, 0, 2, 'FARMA BIOMEDIC SRL', NULL, NULL, NULL, NULL, NULL, '2', '80100685-6', NULL, NULL, NULL),
	(1332, 'IRE', 6, 0, 0, 2, 'FARMA SYSTEM SRL', NULL, NULL, NULL, NULL, NULL, '2', '80051496-3', NULL, NULL, NULL),
	(1333, 'IRE', 6, 0, 0, 2, 'FAMI FARMA SA', NULL, NULL, NULL, NULL, NULL, '2', '80040617-6', NULL, NULL, NULL),
	(1334, 'IRE', 6, 0, 0, 2, 'AMERICA FARMA SA', NULL, NULL, NULL, NULL, NULL, '2', '80020988-5', NULL, NULL, NULL),
	(1335, 'IRE', 6, 0, 0, 2, 'FARMA EXPRESS SA', NULL, NULL, NULL, NULL, NULL, '2', '80093221-8', NULL, NULL, NULL),
	(1336, 'IRE', 6, 0, 0, 2, 'MIGUE FARMA SA', NULL, NULL, NULL, NULL, NULL, '2', '80044493-0', NULL, NULL, NULL),
	(1337, 'IRE', 6, 0, 0, 2, 'FARMA SHOPPING SA', NULL, NULL, NULL, NULL, NULL, '2', '80099146-0', NULL, NULL, NULL),
	(1338, 'IRE', 6, 0, 0, 2, 'FARMA GROUP SACI', NULL, NULL, NULL, NULL, NULL, '2', '80067552-5', NULL, NULL, NULL),
	(1339, 'IRE', 6, 0, 0, 2, 'PROSALUD FARMA S.A', NULL, NULL, NULL, NULL, NULL, '2', '80033584-8', NULL, NULL, NULL),
	(1340, 'IRE', 6, 0, 0, 2, 'FARMA GUARANI SA', NULL, NULL, NULL, NULL, NULL, '2', '80060344-3', NULL, NULL, NULL),
	(1341, 'IRE', 6, 0, 0, 2, 'MACRO FARMA SA', NULL, NULL, NULL, NULL, NULL, '2', '80085266-4', NULL, NULL, NULL),
	(1342, 'IRE', 6, 0, 0, 2, 'SOCIAL FARMA SA', NULL, NULL, NULL, NULL, NULL, '2', '80086296-1', NULL, NULL, NULL),
	(1343, 'IRE', 6, 0, 0, 2, 'FARMA KOKE S.A', NULL, NULL, NULL, NULL, NULL, '2', '80109800-9', NULL, NULL, NULL),
	(1344, 'IRE', 6, 0, 0, 2, 'FARMA RED INTERNACIONAL SA', NULL, NULL, NULL, NULL, NULL, '2', '80016216-1', NULL, NULL, NULL),
	(1345, 'IRE', 6, 0, 0, 2, 'MF - MAXI FARMA SRL', NULL, NULL, NULL, NULL, NULL, '2', '80020216-3', NULL, NULL, NULL),
	(1346, 'IRE', 6, 0, 0, 2, 'V Y T FARMA SA', NULL, NULL, NULL, NULL, NULL, '2', '80022776-0', NULL, NULL, NULL),
	(1347, 'IRE', 6, 0, 0, 2, 'MUTUAL DE EMPLEADOS PUNTO FARMA', NULL, NULL, NULL, NULL, NULL, '2', '80108707-4', NULL, NULL, NULL),
	(1348, 'IRE', 6, 0, 0, 2, 'MAXI FARMA ENCARNACION SA', NULL, NULL, NULL, NULL, NULL, '2', '80033464-7', NULL, NULL, NULL),
	(1349, 'IRE', 6, 0, 0, 2, 'L.T. FARMA SA', NULL, NULL, NULL, NULL, NULL, '2', '80063437-3', NULL, NULL, NULL),
	(1350, 'IRE', 6, 0, 0, 2, 'OSVALDO HEISECKE FARMACEUTICA SACI (OH FARMA SACI)', NULL, NULL, NULL, NULL, NULL, '2', '80029944-2', NULL, NULL, NULL),
	(1351, 'IRE', 6, 0, 0, 2, 'EIRL, FLORENTIN MARTINEZ RAMON FARMA J.E.M.', NULL, NULL, NULL, NULL, NULL, '2', '80044045-5', NULL, NULL, NULL),
	(1352, 'IRE', 6, 0, 0, 2, 'FARMA J.E.M. RAMON A.FLORENTIN MARTINEZ E.I.R.L.', NULL, NULL, NULL, NULL, NULL, '2', '80024785-0', NULL, NULL, NULL),
	(1353, 'IRE', 6, 0, 0, 2, 'TOTAL SA', NULL, NULL, NULL, NULL, NULL, '2', '80047480-5', NULL, NULL, NULL),
	(1354, 'IRE', 6, 0, 0, 2, 'VIDA TOTAL C.A', NULL, NULL, NULL, NULL, NULL, '2', '80059991-8', NULL, NULL, NULL),
	(1355, 'IRE', 6, 0, 0, 2, 'ELECTRO TOTAL SRL', NULL, NULL, NULL, NULL, NULL, '2', '80028852-1', NULL, NULL, NULL),
	(1356, 'IRE', 6, 0, 0, 2, 'ENERGIA TOTAL SA', NULL, NULL, NULL, NULL, NULL, '2', '80029872-1', NULL, NULL, NULL),
	(1357, 'IRE', 6, 0, 0, 2, 'TOTAL COMERCIAL SRL', NULL, NULL, NULL, NULL, NULL, '2', '80007434-3', NULL, NULL, NULL),
	(1358, 'IRE', 6, 0, 0, 2, 'ELECTRÓNICA TOTAL SRL', NULL, NULL, NULL, NULL, NULL, '2', '80097644-4', NULL, NULL, NULL),
	(1359, 'IRE', 6, 0, 0, 2, 'ELECTRO TOTAL SRL', NULL, NULL, NULL, NULL, NULL, '2', '80010495-1', NULL, NULL, NULL),
	(1360, 'IRE', 6, 0, 0, 2, 'TOTAL TEXTIL SRL', NULL, NULL, NULL, NULL, NULL, '2', '80005617-5', NULL, NULL, NULL),
	(1361, 'IRE', 6, 0, 0, 2, 'DISTRIBUIDORAS TOTAL SRL', NULL, NULL, NULL, NULL, NULL, '2', '80020137-0', NULL, NULL, NULL),
	(1362, 'IRE', 6, 0, 0, 2, 'TOTAL CARGO SRL', NULL, NULL, NULL, NULL, NULL, '2', '80022777-8', NULL, NULL, NULL),
	(1363, 'IRE', 6, 0, 0, 2, 'LOGISTICA TOTAL SA', NULL, NULL, NULL, NULL, NULL, '2', '80026627-7', NULL, NULL, NULL),
	(1364, 'IRE', 6, 0, 0, 2, 'TOTAL TRADING SRL', NULL, NULL, NULL, NULL, NULL, '2', '80063287-7', NULL, NULL, NULL),
	(1365, 'IRE', 6, 0, 0, 2, 'TURBO TOTAL SRL', NULL, NULL, NULL, NULL, NULL, '2', '80026438-0', NULL, NULL, NULL),
	(1366, 'IRE', 6, 0, 0, 2, 'SERVIS TOTAL SRL', NULL, NULL, NULL, NULL, NULL, '2', '80028608-1', NULL, NULL, NULL),
	(1367, 'IRE', 6, 0, 0, 2, 'AGROVETERINARIA TOTAL SRL', NULL, NULL, NULL, NULL, NULL, '2', '80002739-6', NULL, NULL, NULL),
	(1368, 'IRE', 6, 0, 0, 2, 'GRUPO TOTAL SA', NULL, NULL, NULL, NULL, NULL, '2', '80024839-2', NULL, NULL, NULL),
	(1369, 'IRE', 6, 0, 0, 2, 'TOTAL SOLUCIONES SA', NULL, NULL, NULL, NULL, NULL, '2', '80090690-0', NULL, NULL, NULL),
	(1370, 'IRE', 6, 0, 0, 2, 'TOTAL HEALTH SA', NULL, NULL, NULL, NULL, NULL, '2', '80087743-8', NULL, NULL, NULL),
	(1371, 'IRE', 6, 0, 0, 2, 'PROTECCION TOTAL SA', NULL, NULL, NULL, NULL, NULL, '2', '80105583-0', NULL, NULL, NULL),
	(1372, 'IRE', 6, 0, 0, 2, 'TOTAL INVERSIONES SA', NULL, NULL, NULL, NULL, NULL, '2', '80098912-0', NULL, NULL, NULL),
	(1373, 'IRE', 6, 0, 0, 2, 'TOTAL TRADE SA', NULL, NULL, NULL, NULL, NULL, '2', '80069901-7', NULL, NULL, NULL),
	(1374, 'IRE', 6, 0, 0, 2, 'EMPRENDIMIENTOS TOTAL SA', NULL, NULL, NULL, NULL, NULL, '2', '80079684-5', NULL, NULL, NULL),
	(1375, 'IRE', 6, 0, 0, 2, 'AUTO TOTAL SA', NULL, NULL, NULL, NULL, NULL, '2', '80081685-4', NULL, NULL, NULL),
	(1376, 'IRE', 6, 0, 0, 2, 'NAUTICA TOTAL SA', NULL, NULL, NULL, NULL, NULL, '2', '80075036-5', NULL, NULL, NULL),
	(1377, 'IRE', 6, 0, 0, 2, 'TOTAL GSM SA', NULL, NULL, NULL, NULL, NULL, '2', '80073798-9', NULL, NULL, NULL),
	(1378, 'IRE', 6, 0, 0, 2, 'TOTAL SERVICE SA', NULL, NULL, NULL, NULL, NULL, '2', '80109079-2', NULL, NULL, NULL),
	(1379, 'IRE', 6, 0, 0, 2, 'TOTAL INVESTMENTS SA', NULL, NULL, NULL, NULL, NULL, '2', '80111359-8', NULL, NULL, NULL),
	(1380, 'IRE', 6, 0, 0, 2, 'TRANSAMERICAN TOTAL TRADING SA', NULL, NULL, NULL, NULL, NULL, '2', '80013821-0', NULL, NULL, NULL),
	(1381, 'IRE', 6, 0, 0, 2, 'LOGISTICA TOTAL PARAGUAY SRL', NULL, NULL, NULL, NULL, NULL, '2', '80046592-0', NULL, NULL, NULL),
	(1382, 'IRE', 6, 0, 0, 2, 'SOLUCION TOTAL DE NEGOCIOS SA', NULL, NULL, NULL, NULL, NULL, '2', '80055973-8', NULL, NULL, NULL),
	(1383, 'IRE', 6, 0, 0, 2, 'DISTRIBUIDORA VARIEDAD TOTAL SRL', NULL, NULL, NULL, NULL, NULL, '2', '80045664-5', NULL, NULL, NULL),
	(1384, 'IRE', 6, 0, 0, 2, 'TOTAL RESOURCES EXPLORATION SRL', NULL, NULL, NULL, NULL, NULL, '2', '80101267-8', NULL, NULL, NULL),
	(1385, 'IRE', 6, 0, 0, 2, 'TOTAL IMPORT-EXPORT S.A', NULL, NULL, NULL, NULL, NULL, '2', '80096617-1', NULL, NULL, NULL),
	(1386, 'IRE', 6, 0, 0, 2, 'TOTAL TIM PARAGUAY SA', NULL, NULL, NULL, NULL, NULL, '2', '80037228-0', NULL, NULL, NULL),
	(1387, 'IRE', 6, 0, 0, 2, 'TOTAL MEDIA TELEVISIVA DE PARAGUAY SRL', NULL, NULL, NULL, NULL, NULL, '2', '80103888-0', NULL, NULL, NULL),
	(1388, 'IRE', 6, 0, 0, 2, 'TOTAL LIFE CHANGES PARAGUAY SA', NULL, NULL, NULL, NULL, NULL, '2', '80106426-0', NULL, NULL, NULL),
	(1389, 'IRE', 6, 0, 0, 2, 'MONTAJE Y DESARROLLOS DE SEGURIDAD TOTAL SA', NULL, NULL, NULL, NULL, NULL, '2', '80021144-8', NULL, NULL, NULL),
	(1390, 'IRE', 6, 0, 0, 2, 'SERVICIOS GENERAL SRL (TOTAL SERVIS SRL)', NULL, NULL, NULL, NULL, NULL, '2', '80033190-7', NULL, NULL, NULL),
	(1391, 'IRE', 6, 0, 0, 2, 'TOTAL QUALITY & LOGISTICS SRL SUCURSAL PARAGUAY', NULL, NULL, NULL, NULL, NULL, '2', '80109105-5', NULL, NULL, NULL),
	(1392, 'IRE', 6, 0, 0, 2, 'ESTACION DE SERVICIOS RINCON SA', NULL, NULL, NULL, NULL, NULL, '2', '80022471-0', NULL, NULL, NULL),
	(1393, 'IRE', 6, 0, 0, 2, 'PRIMERA ESTACION DE SERVICIOS SRL', NULL, NULL, NULL, NULL, NULL, '2', '80022351-9', NULL, NULL, NULL),
	(1394, 'IRE', 6, 0, 0, 2, 'ESTACION DE SERVICIOS AMAMBAY SRL', NULL, NULL, NULL, NULL, NULL, '2', '80025091-5', NULL, NULL, NULL),
	(1395, 'IRE', 6, 0, 0, 2, 'ESTACION DE SERVICIO ITURBE SRL', NULL, NULL, NULL, NULL, NULL, '2', '80024982-8', NULL, NULL, NULL),
	(1396, 'IRE', 6, 0, 0, 2, 'ESTACION DE SERVICIO BERGTHAL SRL', NULL, NULL, NULL, NULL, NULL, '2', '80015973-0', NULL, NULL, NULL),
	(1397, 'IRE', 6, 0, 0, 2, 'ESTACION DE SERVICIOS TATARE SRL', NULL, NULL, NULL, NULL, NULL, '2', '80068436-2', NULL, NULL, NULL),
	(1398, 'IRE', 6, 0, 0, 2, 'ESTACION DE SERVICIOS TERMINAL SRL', NULL, NULL, NULL, NULL, NULL, '2', '80002387-0', NULL, NULL, NULL),
	(1399, 'IRE', 6, 0, 0, 2, 'ESTACION DE SERVICIOS PARANA SRL', NULL, NULL, NULL, NULL, NULL, '2', '80015357-0', NULL, NULL, NULL),
	(1400, 'IRE', 6, 0, 0, 2, 'ESTACION DE SERVICIOS ÑANEMBA\'E SRL', NULL, NULL, NULL, NULL, NULL, '2', '80028137-3', NULL, NULL, NULL),
	(1401, 'IRE', 6, 0, 0, 2, 'ESTACION DE SERVICIOS FUTURISTA SA', NULL, NULL, NULL, NULL, NULL, '2', '80032607-5', NULL, NULL, NULL),
	(1402, 'IRE', 6, 0, 0, 2, 'ESTACION DE SERVICIO WILLI SRL', NULL, NULL, NULL, NULL, NULL, '2', '80022278-4', NULL, NULL, NULL),
	(1403, 'IRE', 6, 0, 0, 2, 'ESTACION DE SERVICIO ROMA SRL', NULL, NULL, NULL, NULL, NULL, '2', '80102538-9', NULL, NULL, NULL),
	(1404, 'IRE', 6, 0, 0, 2, 'ESTACION DE SERVICOS DE LA CORDILLERA SRL', NULL, NULL, NULL, NULL, NULL, '2', '80001519-3', NULL, NULL, NULL),
	(1405, 'IRE', 6, 0, 0, 2, 'ESTACION DE SERVICIOS VILLARRICA SRL', NULL, NULL, NULL, NULL, NULL, '2', '80004329-4', NULL, NULL, NULL),
	(1406, 'IRE', 6, 0, 0, 2, 'ESTACION DE SERVICIOS EL CAMIONERO SA', NULL, NULL, NULL, NULL, NULL, '2', '80057671-3', NULL, NULL, NULL),
	(1407, 'IRE', 6, 0, 0, 2, 'ESTACION DE SERVICIOS PIRIBEBUY SA', NULL, NULL, NULL, NULL, NULL, '2', '80103104-4', NULL, NULL, NULL),
	(1408, 'IRE', 6, 0, 0, 2, 'ESTACIONES DE SERVICIOS DEL SUR SA', NULL, NULL, NULL, NULL, NULL, '2', '80095696-6', NULL, NULL, NULL),
	(1409, 'IRE', 6, 0, 0, 2, 'ESTACION DE SERVICIO LA KARRETA SA', NULL, NULL, NULL, NULL, NULL, '2', '80071747-3', NULL, NULL, NULL),
	(1410, 'IRE', 6, 0, 0, 2, 'ESTACION DE SERVICIOS EL SOL SA', NULL, NULL, NULL, NULL, NULL, '2', '80094618-9', NULL, NULL, NULL),
	(1411, 'IRE', 6, 0, 0, 2, 'ESTACIÓN DE SERVICIOS EBENEZER SA', NULL, NULL, NULL, NULL, NULL, '2', '80101949-4', NULL, NULL, NULL),
	(1412, 'IRE', 6, 0, 0, 2, 'ESTACION DE SERVICIO JUSTI SA', NULL, NULL, NULL, NULL, NULL, '2', '80075720-3', NULL, NULL, NULL),
	(1413, 'IRE', 6, 0, 0, 2, 'ESTACIÓN DE SERVICIO ÑANDU S.A', NULL, NULL, NULL, NULL, NULL, '2', '80090170-3', NULL, NULL, NULL),
	(1414, 'IRE', 6, 0, 0, 2, 'ESTACION DE SERVICIO LAGORA S.A', NULL, NULL, NULL, NULL, NULL, '2', '80089511-8', NULL, NULL, NULL),
	(1415, 'IRE', 6, 0, 0, 2, 'ESTACION DE SERVICIO CRISMAR SA', NULL, NULL, NULL, NULL, NULL, '2', '80071353-2', NULL, NULL, NULL),
	(1416, 'IRE', 6, 0, 0, 2, 'ESTACIÓN DE SERVICIOS EL PIONERO S.A', NULL, NULL, NULL, NULL, NULL, '2', '80062956-6', NULL, NULL, NULL),
	(1417, 'IRE', 6, 0, 0, 2, 'ESTACION DE SERVICIOS JUNIOR SA', NULL, NULL, NULL, NULL, NULL, '2', '80086149-3', NULL, NULL, NULL),
	(1418, 'IRE', 6, 0, 0, 2, 'ESTACION DE SERVICIO DE LOS AMIGOS SRL', NULL, NULL, NULL, NULL, NULL, '2', '80001082-5', NULL, NULL, NULL),
	(1419, 'IRE', 6, 0, 0, 2, 'ESTACION DE SERVICIOS ALBERDI SRL', NULL, NULL, NULL, NULL, NULL, '2', '80003855-0', NULL, NULL, NULL),
	(1420, 'IRE', 6, 0, 0, 2, 'ESTACION DE SERVICIOS SATI SRL', NULL, NULL, NULL, NULL, NULL, '2', '80004608-0', NULL, NULL, NULL),
	(1421, 'IRE', 6, 0, 0, 2, 'ESTACION DE SERVICIOS ELPA SA', NULL, NULL, NULL, NULL, NULL, '2', '80037990-0', NULL, NULL, NULL),
	(1422, 'IRE', 6, 0, 0, 2, 'ESTACION DE SERVICIO RAMIREZ SA', NULL, NULL, NULL, NULL, NULL, '2', '80087577-0', NULL, NULL, NULL),
	(1423, 'IRE', 6, 0, 0, 2, 'ESTACION DE SERVICIOS KATUPYRY SRL', NULL, NULL, NULL, NULL, NULL, '2', '80078080-9', NULL, NULL, NULL),
	(1424, 'IRE', 6, 0, 0, 2, 'ESTACION DE SERVICIOS ALPINA SA', NULL, NULL, NULL, NULL, NULL, '2', '80025460-0', NULL, NULL, NULL),
	(1425, 'IRE', 6, 0, 0, 2, 'ESTACIÓN DE SERVICIOS GÓMEZ SA', NULL, NULL, NULL, NULL, NULL, '2', '80110669-9', NULL, NULL, NULL),
	(1426, 'IRE', 6, 0, 0, 2, 'ESTACION DE SERVICIOS SANTA TERESA SRL', NULL, NULL, NULL, NULL, NULL, '2', '80016590-0', NULL, NULL, NULL),
	(1427, 'IRE', 6, 0, 0, 2, 'ESTACION DE SERVICIOS SAN NICOLAS SRL', NULL, NULL, NULL, NULL, NULL, '2', '80024912-7', NULL, NULL, NULL),
	(1428, 'IRE', 6, 0, 0, 2, 'ESTACION DE SERVICIO LOMA PLATA SRL', NULL, NULL, NULL, NULL, NULL, '2', '80029262-6', NULL, NULL, NULL),
	(1429, 'IRE', 6, 0, 0, 2, 'ESTACION DE SERVICIO COE-YU SRL', NULL, NULL, NULL, NULL, NULL, '2', '80029333-9', NULL, NULL, NULL),
	(1430, 'IRE', 6, 0, 0, 2, 'ESTACION DE SERVICIO NUEVA TOLEDO SRL', NULL, NULL, NULL, NULL, NULL, '2', '80061783-5', NULL, NULL, NULL),
	(1431, 'IRE', 6, 0, 0, 2, 'ESTACION DE SERVICIO 14 DE MAYO SRL', NULL, NULL, NULL, NULL, NULL, '2', '80004246-8', NULL, NULL, NULL),
	(1432, 'IRE', 6, 0, 0, 2, 'ESTACION DE SERVICIO CERRO CORA SRL', NULL, NULL, NULL, NULL, NULL, '2', '80023646-7', NULL, NULL, NULL),
	(1433, 'IRE', 6, 0, 0, 2, 'ESTACION DE SERVICIO MINGA PORA SRL', NULL, NULL, NULL, NULL, NULL, '2', '80008327-0', NULL, NULL, NULL),
	(1434, 'IRE', 6, 0, 0, 2, 'ESTACION DE SERVICIOS ALTO PARANA SRL', NULL, NULL, NULL, NULL, NULL, '2', '80052277-0', NULL, NULL, NULL),
	(1435, 'IRE', 6, 0, 0, 2, 'ESTACION DE SERVICIO M. C. SRL', NULL, NULL, NULL, NULL, NULL, '2', '80084477-7', NULL, NULL, NULL),
	(1436, 'IRE', 6, 0, 0, 2, 'ESTACION DE SERVICIO SAN VICENTE SRL', NULL, NULL, NULL, NULL, NULL, '2', '80094837-8', NULL, NULL, NULL),
	(1437, 'IRE', 6, 0, 0, 2, 'ESTACIÓN DE SERVICIOS VILLALBA ACEVAL SRL', NULL, NULL, NULL, NULL, NULL, '2', '80107357-0', NULL, NULL, NULL),
	(1438, 'IRE', 6, 0, 0, 2, 'ESTACION DE SERVICIO ALTO PARANA SRL', NULL, NULL, NULL, NULL, NULL, '2', '80002418-4', NULL, NULL, NULL),
	(1439, 'IRE', 6, 0, 0, 2, 'ESTACION DE SERVICIO CAI PUENTE SRL', NULL, NULL, NULL, NULL, NULL, '2', '80022169-9', NULL, NULL, NULL),
	(1440, 'IRE', 6, 0, 0, 2, 'ESTACIONES DE SERVICIOS K Y M SRL', NULL, NULL, NULL, NULL, NULL, '2', '80097029-2', NULL, NULL, NULL),
	(1441, 'IRE', 6, 0, 0, 2, 'ESTACION DE SERVICIOS G. T. SA', NULL, NULL, NULL, NULL, NULL, '2', '80086755-6', NULL, NULL, NULL),
	(1442, 'IRE', 6, 0, 0, 2, 'ESTACION DE SERVICIO PERLA CONCEPCION SA', NULL, NULL, NULL, NULL, NULL, '2', '80082276-5', NULL, NULL, NULL),
	(1443, 'IRE', 6, 0, 0, 2, 'ESTACIÓN DE SERVICIO MOSQUEIRA LESME SA', NULL, NULL, NULL, NULL, NULL, '2', '80107147-0', NULL, NULL, NULL),
	(1444, 'IRE', 6, 0, 0, 2, 'ESTACION DE SERVICIO TIO TEO SRL', NULL, NULL, NULL, NULL, NULL, '2', '80003538-0', NULL, NULL, NULL),
	(1445, 'IRE', 6, 0, 0, 2, 'ASOCIACION DE PROPIETARIOS Y OPERADORES DE ESTACIONES DE SERVICIOS Y AFINES', NULL, NULL, NULL, NULL, NULL, '2', '80030445-4', NULL, NULL, NULL),
	(1446, 'IRE', 6, 0, 0, 2, 'SERVAZ DEL PARAGUAY SA SERV.DE DESFORESTACION Y CONSTRUCCION', NULL, NULL, NULL, NULL, NULL, '2', '80010647-4', NULL, NULL, NULL),
	(1447, 'IRE', 6, 0, 0, 2, 'ESTACION DE SERVICIO SAN VICENTE II SRL SRL', NULL, NULL, NULL, NULL, NULL, '2', '80100147-1', NULL, NULL, NULL),
	(1448, 'IRE', 6, 0, 0, 2, 'FIDEICOMISO DE GARANTIA ESTACION DE SERVICIO LAGORA SA - BANCO GNB', NULL, NULL, NULL, NULL, NULL, '2', '80110932-9', NULL, NULL, NULL),
	(1449, 'IRE', 6, 0, 0, 2, 'MULTI SHOP SRL', NULL, NULL, NULL, NULL, NULL, '2', '80017280-9', NULL, NULL, NULL),
	(1450, 'IRE', 6, 0, 0, 2, 'CAROL SHOP SRL', NULL, NULL, NULL, NULL, NULL, '2', '80032710-1', NULL, NULL, NULL),
	(1451, 'IRE', 6, 0, 0, 2, 'CELL SHOP SRL', NULL, NULL, NULL, NULL, NULL, '2', '80044750-6', NULL, NULL, NULL),
	(1452, 'IRE', 6, 0, 0, 2, 'GENIAL SHOP SRL', NULL, NULL, NULL, NULL, NULL, '2', '80069860-6', NULL, NULL, NULL),
	(1453, 'IRE', 6, 0, 0, 2, 'TOP SHOP SRL', NULL, NULL, NULL, NULL, NULL, '2', '80006441-0', NULL, NULL, NULL),
	(1454, 'IRE', 6, 0, 0, 2, 'CIGAR SHOP SRL', NULL, NULL, NULL, NULL, NULL, '2', '80020611-8', NULL, NULL, NULL),
	(1455, 'IRE', 6, 0, 0, 2, 'SARI SHOP SA', NULL, NULL, NULL, NULL, NULL, '2', '80032581-8', NULL, NULL, NULL),
	(1456, 'IRE', 6, 0, 0, 2, 'LUBRI SHOP SRL', NULL, NULL, NULL, NULL, NULL, '2', '80039161-6', NULL, NULL, NULL),
	(1457, 'IRE', 6, 0, 0, 2, 'POLI SHOP SRL', NULL, NULL, NULL, NULL, NULL, '2', '80055191-5', NULL, NULL, NULL),
	(1458, 'IRE', 6, 0, 0, 2, 'BAHIA SHOP SRL', NULL, NULL, NULL, NULL, NULL, '2', '80018362-2', NULL, NULL, NULL),
	(1459, 'IRE', 6, 0, 0, 2, 'SPORT SHOP SRL', NULL, NULL, NULL, NULL, NULL, '2', '80049622-1', NULL, NULL, NULL),
	(1460, 'IRE', 6, 0, 0, 2, 'LONDON SHOP SRL', NULL, NULL, NULL, NULL, NULL, '2', '80007423-8', NULL, NULL, NULL),
	(1461, 'IRE', 6, 0, 0, 2, 'STOP SHOP SRL', NULL, NULL, NULL, NULL, NULL, '2', '80029693-1', NULL, NULL, NULL),
	(1462, 'IRE', 6, 0, 0, 2, 'ANJO SHOP SRL', NULL, NULL, NULL, NULL, NULL, '2', '80100973-1', NULL, NULL, NULL),
	(1463, 'IRE', 6, 0, 0, 2, 'TAK SHOP SRL', NULL, NULL, NULL, NULL, NULL, '2', '80032374-2', NULL, NULL, NULL),
	(1464, 'IRE', 6, 0, 0, 2, 'COMPU SHOP SA', NULL, NULL, NULL, NULL, NULL, '2', '80049244-7', NULL, NULL, NULL),
	(1465, 'IRE', 6, 0, 0, 2, 'SOFT-SHOP SRL', NULL, NULL, NULL, NULL, NULL, '2', '80000026-9', NULL, NULL, NULL),
	(1466, 'IRE', 6, 0, 0, 2, 'PANDA SHOP SRL', NULL, NULL, NULL, NULL, NULL, '2', '80012535-5', NULL, NULL, NULL),
	(1467, 'IRE', 6, 0, 0, 2, 'GRIFFIN SHOP SRL', NULL, NULL, NULL, NULL, NULL, '2', '80056165-1', NULL, NULL, NULL),
	(1468, 'IRE', 6, 0, 0, 2, 'DIGITAL SHOP SRL', NULL, NULL, NULL, NULL, NULL, '2', '80059505-0', NULL, NULL, NULL),
	(1469, 'IRE', 6, 0, 0, 2, 'EL SHOP DEL CENTRO SRL', NULL, NULL, NULL, NULL, NULL, '2', '80070625-0', NULL, NULL, NULL),
	(1470, 'IRE', 6, 0, 0, 2, 'MADER SHOP SA', NULL, NULL, NULL, NULL, NULL, '2', '80027206-4', NULL, NULL, NULL),
	(1471, 'IRE', 6, 0, 0, 2, 'OPTI-SHOP SRL', NULL, NULL, NULL, NULL, NULL, '2', '80064616-9', NULL, NULL, NULL),
	(1472, 'IRE', 6, 0, 0, 2, 'FERRE SHOP SRL', NULL, NULL, NULL, NULL, NULL, '2', '80012937-7', NULL, NULL, NULL),
	(1473, 'IRE', 6, 0, 0, 2, 'MOVIL SHOP SA', NULL, NULL, NULL, NULL, NULL, '2', '80053717-3', NULL, NULL, NULL),
	(1474, 'IRE', 6, 0, 0, 2, 'FONO SHOP SA', NULL, NULL, NULL, NULL, NULL, '2', '80025798-7', NULL, NULL, NULL),
	(1475, 'IRE', 6, 0, 0, 2, '7X+SHOP SA', NULL, NULL, NULL, NULL, NULL, '2', '80065383-1', NULL, NULL, NULL),
	(1476, 'IRE', 6, 0, 0, 2, 'ARQUI SHOP SRL', NULL, NULL, NULL, NULL, NULL, '2', '80010908-2', NULL, NULL, NULL),
	(1477, 'IRE', 6, 0, 0, 2, 'SHOP TIME SRL', NULL, NULL, NULL, NULL, NULL, '2', '80037608-0', NULL, NULL, NULL),
	(1478, 'IRE', 6, 0, 0, 2, 'AUTO SHOP SRL', NULL, NULL, NULL, NULL, NULL, '2', '80012219-4', NULL, NULL, NULL),
	(1479, 'IRE', 6, 0, 0, 2, 'AUDIO SHOP SRL', NULL, NULL, NULL, NULL, NULL, '2', '80035519-9', NULL, NULL, NULL),
	(1480, 'IRE', 6, 0, 0, 2, 'MERIDIONAL SHOP SRL', NULL, NULL, NULL, NULL, NULL, '2', '80050109-8', NULL, NULL, NULL),
	(1481, 'IRE', 6, 0, 0, 2, 'CYBER SHOP SRL', NULL, NULL, NULL, NULL, NULL, '2', '80052229-0', NULL, NULL, NULL),
	(1482, 'IRE', 6, 0, 0, 2, 'GALLYA SHOP SA', NULL, NULL, NULL, NULL, NULL, '2', '80047780-4', NULL, NULL, NULL),
	(1483, 'IRE', 6, 0, 0, 2, 'A7 SHOP SA', NULL, NULL, NULL, NULL, NULL, '2', '80095200-6', NULL, NULL, NULL),
	(1484, 'IRE', 6, 0, 0, 2, 'GLOBO SHOP SA', NULL, NULL, NULL, NULL, NULL, '2', '80071481-4', NULL, NULL, NULL),
	(1485, 'IRE', 6, 0, 0, 2, 'LINCOLN SHOP SA', NULL, NULL, NULL, NULL, NULL, '2', '80069242-0', NULL, NULL, NULL),
	(1486, 'IRE', 6, 0, 0, 2, 'POWERLINE SHOP SA', NULL, NULL, NULL, NULL, NULL, '2', '80096753-4', NULL, NULL, NULL),
	(1487, 'IRE', 6, 0, 0, 2, 'AERO SHOP SA', NULL, NULL, NULL, NULL, NULL, '2', '80098185-5', NULL, NULL, NULL),
	(1488, 'IRE', 6, 0, 0, 2, 'MIX SHOP SA', NULL, NULL, NULL, NULL, NULL, '2', '80067656-4', NULL, NULL, NULL),
	(1489, 'IRE', 6, 0, 0, 2, 'POLY SHOP SA', NULL, NULL, NULL, NULL, NULL, '2', '80089567-3', NULL, NULL, NULL),
	(1490, 'IRE', 6, 0, 0, 2, 'DUBAI SHOP SA', NULL, NULL, NULL, NULL, NULL, '2', '80097307-0', NULL, NULL, NULL),
	(1491, 'IRE', 6, 0, 0, 2, 'CLASS SHOP SA', NULL, NULL, NULL, NULL, NULL, '2', '80073081-0', NULL, NULL, NULL),
	(1492, 'IRE', 6, 0, 0, 2, 'BORDER SHOP SA', NULL, NULL, NULL, NULL, NULL, '2', '80036652-2', NULL, NULL, NULL),
	(1493, 'IRE', 6, 0, 0, 2, 'COLOR SHOP SA', NULL, NULL, NULL, NULL, NULL, '2', '80052932-4', NULL, NULL, NULL),
	(1494, 'IRE', 6, 0, 0, 2, 'ZAPA SHOP SA', NULL, NULL, NULL, NULL, NULL, '2', '80053423-9', NULL, NULL, NULL),
	(1495, 'IRE', 6, 0, 0, 2, 'AZ SHOP SA', NULL, NULL, NULL, NULL, NULL, '2', '80065054-9', NULL, NULL, NULL),
	(1496, 'IRE', 6, 0, 0, 2, 'NAVE SHOP SA', NULL, NULL, NULL, NULL, NULL, '2', '80031346-1', NULL, NULL, NULL),
	(1497, 'IRE', 6, 0, 0, 2, 'ARGUS SHOP SA', NULL, NULL, NULL, NULL, NULL, '2', '80092517-3', NULL, NULL, NULL),
	(1498, 'IRE', 6, 0, 0, 2, 'CYCLES SHOP SA', NULL, NULL, NULL, NULL, NULL, '2', '80097587-1', NULL, NULL, NULL),
	(1499, 'IRE', 6, 0, 0, 2, 'GLOBAL SHOP SA', NULL, NULL, NULL, NULL, NULL, '2', '80052919-7', NULL, NULL, NULL),
	(1500, 'IRE', 6, 0, 0, 2, 'PLANETA SHOP SA', NULL, NULL, NULL, NULL, NULL, '2', '80066959-2', NULL, NULL, NULL),
	(1501, 'IRE', 6, 0, 0, 2, 'SPORT SHOP SRL', NULL, NULL, NULL, NULL, NULL, '2', '80005615-9', NULL, NULL, NULL),
	(1502, 'IRE', 6, 0, 0, 2, 'S.A SHOP SRL', NULL, NULL, NULL, NULL, NULL, '2', '80067273-9', NULL, NULL, NULL),
	(1503, 'IRE', 6, 0, 0, 2, 'FREE SHOP DEL ESTE SA', NULL, NULL, NULL, NULL, NULL, '2', '80085796-8', NULL, NULL, NULL),
	(1504, 'IRE', 6, 0, 0, 2, 'CARNI SHOP SRL', NULL, NULL, NULL, NULL, NULL, '2', '80019109-9', NULL, NULL, NULL),
	(1505, 'IRE', 6, 0, 0, 2, 'MINI-SHOP CENTER SRL', NULL, NULL, NULL, NULL, NULL, '2', '80019670-8', NULL, NULL, NULL),
	(1506, 'IRE', 6, 0, 0, 2, 'LENNON RECORD SHOP SRL', NULL, NULL, NULL, NULL, NULL, '2', '80000861-8', NULL, NULL, NULL),
	(1507, 'IRE', 6, 0, 0, 2, 'PARANA FREE SHOP SA', NULL, NULL, NULL, NULL, NULL, '2', '80040151-4', NULL, NULL, NULL),
	(1508, 'IRE', 6, 0, 0, 2, 'IMPORTADORA TOP SHOP SRL', NULL, NULL, NULL, NULL, NULL, '2', '80085981-2', NULL, NULL, NULL),
	(1509, 'IRE', 6, 0, 0, 2, 'NEW SHOP SELLOS SRL', NULL, NULL, NULL, NULL, NULL, '2', '80101521-9', NULL, NULL, NULL),
	(1510, 'IRE', 6, 0, 0, 2, 'WORLD BIKE SHOP SRL', NULL, NULL, NULL, NULL, NULL, '2', '80095743-1', NULL, NULL, NULL),
	(1511, 'IRE', 6, 0, 0, 2, 'COLOR SHOP DIGITAL SA', NULL, NULL, NULL, NULL, NULL, '2', '80011225-3', NULL, NULL, NULL),
	(1512, 'IRE', 6, 0, 0, 2, 'SONY DIGITAL SHOP SRL', NULL, NULL, NULL, NULL, NULL, '2', '80028005-9', NULL, NULL, NULL),
	(1513, 'IRE', 6, 0, 0, 2, 'STYLE SONY SHOP SA', NULL, NULL, NULL, NULL, NULL, '2', '80038335-4', NULL, NULL, NULL),
	(1514, 'IRE', 6, 0, 0, 2, 'BILINGUAL BOOK SHOP SRL', NULL, NULL, NULL, NULL, NULL, '2', '80012169-4', NULL, NULL, NULL),
	(1515, 'IRE', 6, 0, 0, 2, 'SONY FREE SHOP SRL', NULL, NULL, NULL, NULL, NULL, '2', '80046269-6', NULL, NULL, NULL),
	(1516, 'IRE', 6, 0, 0, 2, 'RELOJERIA MINI SHOP SRL', NULL, NULL, NULL, NULL, NULL, '2', '80055989-4', NULL, NULL, NULL),
	(1517, 'IRE', 6, 0, 0, 2, 'CITY SHOP AUTOMOTORES SA', NULL, NULL, NULL, NULL, NULL, '2', '80079832-5', NULL, NULL, NULL),
	(1518, 'IRE', 6, 0, 0, 2, 'PILOT\'S SHOP SA', NULL, NULL, NULL, NULL, NULL, '2', '80077809-0', NULL, NULL, NULL),
	(1519, 'IRE', 6, 0, 0, 2, 'TOURIST FREE SHOP SRL', NULL, NULL, NULL, NULL, NULL, '2', '80005089-4', NULL, NULL, NULL),
	(1520, 'IRE', 6, 0, 0, 2, 'A CHU CHU BABY SHOP SRL', NULL, NULL, NULL, NULL, NULL, '2', '80019192-7', NULL, NULL, NULL),
	(1521, 'IRE', 6, 0, 0, 2, 'ASA SHOP IMPORT EXPORT SRL', NULL, NULL, NULL, NULL, NULL, '2', '80031793-9', NULL, NULL, NULL),
	(1522, 'IRE', 6, 0, 0, 2, 'V & G PC SHOP SRL', NULL, NULL, NULL, NULL, NULL, '2', '80018626-5', NULL, NULL, NULL),
	(1523, 'IRE', 6, 0, 0, 2, 'SHOP R.T.U. SA', NULL, NULL, NULL, NULL, NULL, '2', '80081174-7', NULL, NULL, NULL),
	(1524, 'IRE', 6, 0, 0, 2, 'STYLU\'S PET SHOP SA', NULL, NULL, NULL, NULL, NULL, '2', '80101009-8', NULL, NULL, NULL),
	(1525, 'IRE', 6, 0, 0, 2, 'KAREN SHOP IMPORT EXPORT SA', NULL, NULL, NULL, NULL, NULL, '2', '80054615-6', NULL, NULL, NULL),
	(1526, 'IRE', 6, 0, 0, 2, 'SAN PEDRO SHOP CENTER SA', NULL, NULL, NULL, NULL, NULL, '2', '80057019-7', NULL, NULL, NULL),
	(1527, 'IRE', 6, 0, 0, 2, 'UNIVERSAL PAINT SHOP IMPORT EXPORT SA', NULL, NULL, NULL, NULL, NULL, '2', '80045081-7', NULL, NULL, NULL),
	(1528, 'IRE', 6, 0, 0, 2, 'FREE SHOP SRL (USUARIO ZONA FRANCA)', NULL, NULL, NULL, NULL, NULL, '2', '80002794-9', NULL, NULL, NULL),
	(1529, 'IRE', 6, 0, 0, 2, 'BEAUTY SHOP AND COSMETICS PARAGUAY SA', NULL, NULL, NULL, NULL, NULL, '2', '80101366-6', NULL, NULL, NULL),
	(1530, 'IRE', 6, 0, 0, 2, 'MA DEVA SHOP IMPORTADOS IMPORT - EXPORT SRL', NULL, NULL, NULL, NULL, NULL, '2', '80076782-9', NULL, NULL, NULL),
	(1531, 'IRE', 6, 0, 0, 2, 'FIDEICOMISO DE TITULARIZACION DE FLUJO FUTURO DE CAJA E INVENTARIO PCIZZI ARMAZEN NAVE SHOP 01', NULL, NULL, NULL, NULL, NULL, '2', '80075244-9', NULL, NULL, NULL),
	(1532, 'IVA', 6, 1, 0, 1, 'MEDINA VDA. DE LOPEZ, MARIA NATIVIDAD', NULL, NULL, NULL, NULL, NULL, '2', '4495351-8', NULL, NULL, NULL),
	(1533, 'IVA', 6, 0, 0, 1, 'VAZQUEZ VDA DE SERRATTI, MARIA NATIVIDAD DEL ROSARIO', NULL, NULL, NULL, NULL, NULL, '2', '429943-4', NULL, NULL, NULL),
	(1534, 'IVA', 6, 0, 0, 1, 'HARRISON VDA DE SOSA, NATIVIDAD MARIA JOSEFINA', NULL, NULL, NULL, NULL, NULL, '2', '93083-0', NULL, NULL, NULL),
	(1535, 'IVA', 6, 0, 0, 1, 'COND. MARIA CARMEN NATIVIDAD GARCIA VDA. DE STANLEY Y OTROS', NULL, NULL, NULL, NULL, NULL, '2', '80011240-7', NULL, NULL, NULL),
	(1536, 'IRE', 6, 0, 0, 2, 'COOPERATIVA DE FUNCIONARIOS COOPERATIVOS DE USUARIOS DE VIVIENDAS - FUNCOOP LTDA.', NULL, NULL, NULL, NULL, NULL, '2', '80073092-5', NULL, NULL, NULL),
	(1537, 'IRE', 6, 0, 0, 2, 'COOPERATIVA DE VECINOS DE LUQUE - COOPERATIVA DE VIVIENDAS DE LUQUE - COOVELUQ', NULL, NULL, NULL, NULL, NULL, '2', '80068753-1', NULL, NULL, NULL),
	(1538, 'IRE', 6, 0, 0, 2, 'COOPERATIVA MULTIACTIVA DE AHORRO Y CREDITO,TRABAJO Y SERVICIOS DE PROFESIONALES EN ADMINISTRACION COOPERATIVA Y CARRERAS AFINES', NULL, NULL, NULL, NULL, NULL, '2', '80082234-0', NULL, NULL, NULL),
	(1539, 'IRE', 6, 0, 0, 2, 'COOPERATIVA ARASUNU', NULL, NULL, NULL, NULL, NULL, '2', '80079166-5', NULL, NULL, NULL),
	(1540, 'IRE', 6, 0, 0, 2, 'COOPERATIVA JUVECOOP LTDA.', NULL, NULL, NULL, NULL, NULL, '2', '80036840-1', NULL, NULL, NULL),
	(1541, 'IRE', 6, 0, 0, 2, 'COOPERATIVA HUMAITA LIMITADA', NULL, NULL, NULL, NULL, NULL, '2', '80075640-1', NULL, NULL, NULL),
	(1542, 'IRE', 6, 0, 0, 2, 'COOPERATIVAS REPATRIADOS DEL ESTE LTDA.', NULL, NULL, NULL, NULL, NULL, '2', '80009033-0', NULL, NULL, NULL),
	(1543, 'IRE', 6, 0, 0, 2, 'COOPERATIVA MBURUVICHA LTDA.', NULL, NULL, NULL, NULL, NULL, '2', '80006964-1', NULL, NULL, NULL),
	(1544, 'IRE', 6, 0, 0, 2, 'COOPERATIVA ESTANZUELA LIMITADA', NULL, NULL, NULL, NULL, NULL, '2', '80069044-3', NULL, NULL, NULL),
	(1545, 'IRE', 6, 0, 0, 2, 'CENTRAL REGIONAL DE COOPERATIVAS', NULL, NULL, NULL, NULL, NULL, '2', '80107254-9', NULL, NULL, NULL),
	(1546, 'IRE', 6, 0, 0, 2, 'GESTION COOPERATIVA SA', NULL, NULL, NULL, NULL, NULL, '2', '80099766-2', NULL, NULL, NULL),
	(1547, 'IRE', 6, 0, 0, 2, 'COOPERATIVA CAMPESINA LIMITADA', NULL, NULL, NULL, NULL, NULL, '2', '80084949-3', NULL, NULL, NULL),
	(1548, 'IRE', 6, 0, 0, 2, 'COOPERATIVA CHORTITZER LTDA.', NULL, NULL, NULL, NULL, NULL, '2', '80004464-9', NULL, NULL, NULL),
	(1549, 'IRE', 6, 0, 0, 2, 'COVISA COOPERATIVA DE AVICULTORES LTDA.', NULL, NULL, NULL, NULL, NULL, '2', '80002160-6', NULL, NULL, NULL),
	(1550, 'IRE', 6, 0, 0, 2, 'COOPERATIVA DEL ESPIRITU SANTO LTDA', NULL, NULL, NULL, NULL, NULL, '2', '80059090-2', NULL, NULL, NULL),
	(1551, 'IRE', 6, 0, 0, 2, 'COOPERATIVA DE TRABAJO TELCOOPY LTDA', NULL, NULL, NULL, NULL, NULL, '2', '80064380-1', NULL, NULL, NULL),
	(1552, 'IRE', 6, 0, 0, 2, 'COOPERATIVA MULTIACTIVA LA HERMANDAD LTDA.', NULL, NULL, NULL, NULL, NULL, '2', '80054921-0', NULL, NULL, NULL),
	(1553, 'IRE', 6, 0, 0, 2, 'COOPERATIVA MULTIACTIVA LOS CAMBISTAS LTDA.', NULL, NULL, NULL, NULL, NULL, '2', '80061511-5', NULL, NULL, NULL),
	(1554, 'IRE', 6, 0, 0, 2, 'CENTRAL DE COOPERATIVAS MULTIACTIVAS DEL PARAGUAY', NULL, NULL, NULL, NULL, NULL, '2', '80067581-9', NULL, NULL, NULL),
	(1555, 'IRE', 6, 0, 0, 2, 'COOPERATIVA MULTIACTIVA PYKASU LTDA.', NULL, NULL, NULL, NULL, NULL, '2', '80084311-8', NULL, NULL, NULL),
	(1556, 'IRE', 6, 0, 0, 2, 'COOPERATIVA DE TRANSPORTISTAS TRANSTAXI LIMITADA', NULL, NULL, NULL, NULL, NULL, '2', '80006792-4', NULL, NULL, NULL),
	(1557, 'IRE', 6, 0, 0, 2, 'COOPERATIVA MULTIACTIVA PRESICOOP LTDA', NULL, NULL, NULL, NULL, NULL, '2', '80047573-9', NULL, NULL, NULL),
	(1558, 'IRE', 6, 0, 0, 2, 'COOPERATIVA MULTIACTIVA AMERICANA LTDA', NULL, NULL, NULL, NULL, NULL, '2', '80067153-8', NULL, NULL, NULL),
	(1559, 'IRE', 6, 0, 0, 2, 'COOPERATIVA MULTACTIVA PACHECO LTDA.', NULL, NULL, NULL, NULL, NULL, '2', '80046714-0', NULL, NULL, NULL),
	(1560, 'IRE', 6, 0, 0, 2, 'COOPERATIVA TATÁ REMBIAPÓ LTDA.', NULL, NULL, NULL, NULL, NULL, '2', '80062184-0', NULL, NULL, NULL),
	(1561, 'IRE', 6, 0, 0, 2, 'COOPERATIVA DE TRABAJO COOPDETRAB LTDA.', NULL, NULL, NULL, NULL, NULL, '2', '80064514-6', NULL, NULL, NULL),
	(1562, 'IRE', 6, 0, 0, 2, 'COOPERATIVA MULTIACTIVA COOPARTEK LTDA.', NULL, NULL, NULL, NULL, NULL, '2', '80078274-7', NULL, NULL, NULL),
	(1563, 'IRE', 6, 0, 0, 2, 'FEDERACION DE COOPERATIVAS SOLIDARIAS LIMITADA', NULL, NULL, NULL, NULL, NULL, '2', '80094154-3', NULL, NULL, NULL),
	(1564, 'IRE', 6, 0, 0, 2, 'FEDERACION DE COOPERATIVAS DE PRODUCCION FECOPRODLTDA', NULL, NULL, NULL, NULL, NULL, '2', '80001085-0', NULL, NULL, NULL),
	(1565, 'IRE', 6, 0, 0, 2, 'COOPERATIVA DE PRESTAMOS Y AYUDA SOCIAL', NULL, NULL, NULL, NULL, NULL, '2', '80021945-7', NULL, NULL, NULL),
	(1566, 'IRE', 6, 0, 0, 2, 'COOPERATIVA MULTIACTIVA CHE DUO', NULL, NULL, NULL, NULL, NULL, '2', '80059115-1', NULL, NULL, NULL),
	(1567, 'IRE', 6, 0, 0, 2, 'CENTRAL DE COOPERATIVAS SOLIDARIAS LIMITADA', NULL, NULL, NULL, NULL, NULL, '2', '80094155-1', NULL, NULL, NULL),
	(1568, 'IRE', 6, 0, 0, 2, 'RURAL COOPERATIVA PECUARIA LTDA', NULL, NULL, NULL, NULL, NULL, '2', '80001466-9', NULL, NULL, NULL),
	(1569, 'IRE', 6, 0, 0, 2, 'COOPERATIVA DE PRODUCCION LA GRANJERA LTDA', NULL, NULL, NULL, NULL, NULL, '2', '80009026-8', NULL, NULL, NULL),
	(1570, 'IRE', 6, 0, 0, 2, 'COOPERATIVA MULTIACTIVA LA PASTORA LTDA', NULL, NULL, NULL, NULL, NULL, '2', '80053106-0', NULL, NULL, NULL),
	(1571, 'IRE', 6, 0, 0, 2, 'COOPERATIVA ALIANZA SOLIDARIA LTDA', NULL, NULL, NULL, NULL, NULL, '2', '80053656-8', NULL, NULL, NULL),
	(1572, 'IRE', 6, 0, 0, 2, 'COOPERATIVA DE FUNCIONARIOS DEL HOSPITAL CAPIATA', NULL, NULL, NULL, NULL, NULL, '2', '80084036-4', NULL, NULL, NULL),
	(1573, 'IRE', 6, 0, 0, 2, 'COOPERATIVA ASUNCENA DE HORTICULTORES LIMITADA', NULL, NULL, NULL, NULL, NULL, '2', '80000117-6', NULL, NULL, NULL),
	(1574, 'IRE', 6, 0, 0, 2, 'COOPERATIVA DE TRABAJO MAINUMBY LIMITADA', NULL, NULL, NULL, NULL, NULL, '2', '80007887-0', NULL, NULL, NULL),
	(1575, 'IRE', 6, 0, 0, 2, 'COOPERATIVA MULTIACTIVA YAGUARON LTDA', NULL, NULL, NULL, NULL, NULL, '2', '80010697-0', NULL, NULL, NULL),
	(1576, 'IRE', 6, 0, 0, 2, 'COOPERATIVA MULTIACTIVA HOREB LIMITADA', NULL, NULL, NULL, NULL, NULL, '2', '80024547-4', NULL, NULL, NULL),
	(1577, 'IRE', 6, 0, 0, 2, 'ASOCIACION DE COOPERATIVAS ARGENTINAS LIMITADA', NULL, NULL, NULL, NULL, NULL, '2', '80070517-3', NULL, NULL, NULL),
	(1578, 'IRE', 6, 0, 0, 2, 'COOPERATIVA COSTA ROSADO LTDA.', NULL, NULL, NULL, NULL, NULL, '2', '80086197-3', NULL, NULL, NULL),
	(1579, 'IRE', 6, 0, 0, 2, 'COOPERATIVA AGRÍCOLA FRIESLAND LTDA.', NULL, NULL, NULL, NULL, NULL, '2', '80000748-4', NULL, NULL, NULL),
	(1580, 'IRE', 6, 0, 0, 2, 'COOPERATIVA MULTIACTIVA BSC LTDA', NULL, NULL, NULL, NULL, NULL, '2', '80027148-3', NULL, NULL, NULL),
	(1581, 'IRE', 6, 0, 0, 2, 'COOPERATIVA DE TRABAJO COOSERTEC LTDA.', NULL, NULL, NULL, NULL, NULL, '2', '80046328-5', NULL, NULL, NULL),
	(1582, 'IRE', 6, 0, 0, 2, 'COOPERATIVA MULTIACTIVA DESMOCHADO LTDA.', NULL, NULL, NULL, NULL, NULL, '2', '80070608-0', NULL, NULL, NULL),
	(1583, 'IRE', 6, 0, 0, 2, 'COOPERATIVA AGROINDUSTRIAL MARACANA LIMITADA', NULL, NULL, NULL, NULL, NULL, '2', '80018229-4', NULL, NULL, NULL),
	(1584, 'IRE', 6, 0, 0, 2, 'COOPERATIVA MULTIACTIVA COOPEMAVI LTDA.', NULL, NULL, NULL, NULL, NULL, '2', '80046499-0', NULL, NULL, NULL),
	(1585, 'IRE', 6, 0, 0, 2, 'COOPERATIVA MULTIACTIVA COOPECINCO LTDA', NULL, NULL, NULL, NULL, NULL, '2', '80048729-0', NULL, NULL, NULL),
	(1586, 'IRE', 6, 0, 0, 2, 'COOPERATIVA MULTIACTIVA MANANTIAL LIMITADA', NULL, NULL, NULL, NULL, NULL, '2', '80056289-5', NULL, NULL, NULL),
	(1587, 'IRE', 6, 0, 0, 2, 'COOPERATIVA CHAPARRO ZORRILLA LTDA.', NULL, NULL, NULL, NULL, NULL, '2', '80081099-6', NULL, NULL, NULL),
	(1588, 'IRE', 6, 0, 0, 2, 'COOPERATIVA MULTIACTIVA DE LA UTIC LTDA.', NULL, NULL, NULL, NULL, NULL, '2', '80023468-5', NULL, NULL, NULL),
	(1589, 'IRE', 6, 0, 0, 2, 'COOPERATIVA MULTIACTIVA NEULAND LIMITADA', NULL, NULL, NULL, NULL, NULL, '2', '80017582-4', NULL, NULL, NULL),
	(1590, 'IRE', 6, 0, 0, 2, 'COOPERATIVA LA PAZ AGRICOLA LIMITADA', NULL, NULL, NULL, NULL, NULL, '2', '80002955-0', NULL, NULL, NULL),
	(1591, 'IRE', 6, 0, 0, 2, 'COOPERATIVA YGUAZU AGRICOLA LIMITADA', NULL, NULL, NULL, NULL, NULL, '2', '80011556-2', NULL, NULL, NULL),
	(1592, 'IRE', 6, 0, 0, 2, 'COOPERATIVA DE PRODUCCION AGRICOLA BERGTHALLIMITADA', NULL, NULL, NULL, NULL, NULL, '2', '80001149-0', NULL, NULL, NULL),
	(1593, 'IRE', 6, 0, 0, 2, 'COOPERATIVA DE AHORRO Y CREDITO BARCEQUILLO LIMITADA', NULL, NULL, NULL, NULL, NULL, '2', '80007950-7', NULL, NULL, NULL),
	(1594, 'IRE', 6, 0, 0, 2, 'COOPERATIVA DE TRABAJO DE MEDICOS (UNICOM) LIMITADA', NULL, NULL, NULL, NULL, NULL, '2', '80009890-0', NULL, NULL, NULL),
	(1595, 'IRE', 6, 0, 0, 2, 'COOPERATIVA DE AHORRO Y CREDITO COOECI LTDA', NULL, NULL, NULL, NULL, NULL, '2', '80027780-5', NULL, NULL, NULL),
	(1596, 'IRE', 6, 0, 0, 2, 'SIND.DE TRABAJADORES DE LA COOPERATIVA MEDALLA MILAGROSA', NULL, NULL, NULL, NULL, NULL, '2', '80030340-7', NULL, NULL, NULL),
	(1597, 'IRE', 6, 0, 0, 2, 'COOPERATIVA MULTIACTIVA ISLA DORADA LIMITADA', NULL, NULL, NULL, NULL, NULL, '2', '80068780-9', NULL, NULL, NULL),
	(1598, 'IRE', 6, 0, 0, 2, 'COOPERATIVA DEPORTIVA LTDA.-COOP-DEP-', NULL, NULL, NULL, NULL, NULL, '2', '80000331-4', NULL, NULL, NULL),
	(1599, 'IRE', 6, 0, 0, 2, 'COOPERATIVA DE CONSUMO FAMILIAR COOVEN LTDA.', NULL, NULL, NULL, NULL, NULL, '2', '80008661-9', NULL, NULL, NULL),
	(1600, 'IRE', 6, 0, 0, 2, 'COOPERATIVA DE PRODUCCION AGROINDUSTRIAL ITANARA LTDA.', NULL, NULL, NULL, NULL, NULL, '2', '80011911-8', NULL, NULL, NULL),
	(1601, 'IRE', 6, 0, 0, 2, 'COOPERATIVA DE AHORRO Y CREDITO MUSETEC LTDA.', NULL, NULL, NULL, NULL, NULL, '2', '80023941-5', NULL, NULL, NULL),
	(1602, 'IRE', 6, 0, 0, 2, 'COOPERATIVA MULTIACTIVA LOMA PLATA LTDA.', NULL, NULL, NULL, NULL, NULL, '2', '80024281-5', NULL, NULL, NULL),
	(1603, 'IRE', 6, 0, 0, 2, 'COOPERATIVA PUERTO CASADO POTY LTDA', NULL, NULL, NULL, NULL, NULL, '2', '80035511-3', NULL, NULL, NULL),
	(1604, 'IRE', 6, 0, 0, 2, 'COOPERATIVA DE VIVIENDA 12 DE FEBRERO LTDA.', NULL, NULL, NULL, NULL, NULL, '2', '80078671-8', NULL, NULL, NULL),
	(1605, 'IRE', 6, 0, 0, 2, 'COOPERATIVA DE PRODUCCION AGRICOLA UNIFICADA LTDA.', NULL, NULL, NULL, NULL, NULL, '2', '80005912-3', NULL, NULL, NULL),
	(1606, 'IRE', 6, 0, 0, 2, 'COOPERATIVA DE PRODUCCION AGROINDUSTRIAL MBAAPO LTDA.', NULL, NULL, NULL, NULL, NULL, '2', '80008192-7', NULL, NULL, NULL),
	(1607, 'IRE', 6, 0, 0, 2, 'COOPERATIVA DE CONSUMO MITA KYRE\'Y LTADA.', NULL, NULL, NULL, NULL, NULL, '2', '80009752-1', NULL, NULL, NULL),
	(1608, 'IRE', 6, 0, 0, 2, 'COOPERATIVA DE AHORRO Y CREDITO EL MANGAL LIMITADA', NULL, NULL, NULL, NULL, NULL, '2', '80012292-5', NULL, NULL, NULL),
	(1609, 'IRE', 6, 0, 0, 2, 'COOPERATIVA AGRO-INDUSTRIAL AGUAPEY LIMITADA', NULL, NULL, NULL, NULL, NULL, '2', '80012582-7', NULL, NULL, NULL),
	(1610, 'IRE', 6, 0, 0, 2, 'COOPERATIVA DE AHORRO Y CREDITO PITAGORAS LTDA.', NULL, NULL, NULL, NULL, NULL, '2', '80013582-2', NULL, NULL, NULL),
	(1611, 'IRE', 6, 0, 0, 2, 'COOPERATIVA DE TRABAJO CERRO GUY LTDA.', NULL, NULL, NULL, NULL, NULL, '2', '80026132-1', NULL, NULL, NULL),
	(1612, 'IRE', 6, 0, 0, 2, 'KUIMBA E JHA KUÑA COOPERATIVA MULTIACTIVA', NULL, NULL, NULL, NULL, NULL, '2', '80037422-3', NULL, NULL, NULL),
	(1613, 'IRE', 6, 0, 0, 2, 'COOPERATIVA MBOI CAE DE PRODUCCION LIMITADA', NULL, NULL, NULL, NULL, NULL, '2', '80049432-6', NULL, NULL, NULL),
	(1614, 'IRE', 6, 0, 0, 2, 'COOPERATIVA DE TRABAJO DE COMUNICADORES ATYCOM LTDA.', NULL, NULL, NULL, NULL, NULL, '2', '80052032-7', NULL, NULL, NULL),
	(1615, 'IRE', 6, 0, 0, 2, 'FIDEICOMISO DE GARANTIA COOPERATIVA LA NORTEÑA LTDA', NULL, NULL, NULL, NULL, NULL, '2', '80094512-3', NULL, NULL, NULL),
	(1616, 'IRE', 6, 0, 0, 2, 'CENTRAL COOPERATIVA NACIONAL CREDICOOP LTDA.', NULL, NULL, NULL, NULL, NULL, '2', '80001143-0', NULL, NULL, NULL),
	(1617, 'IRE', 6, 0, 0, 2, 'COOPERATIVA DE PRODUCCION INDUSTRIAL COCAR LIMITADA', NULL, NULL, NULL, NULL, NULL, '2', '80004143-7', NULL, NULL, NULL),
	(1618, 'IRE', 6, 0, 0, 2, 'COOPERATIVA DE AHORRO Y CREDITO ITA LIMITADA', NULL, NULL, NULL, NULL, NULL, '2', '80010303-3', NULL, NULL, NULL),
	(1619, 'IRE', 6, 0, 0, 2, 'COOPERATIVA DE AHORRO Y CREDITO AMERICA LIMITADA', NULL, NULL, NULL, NULL, NULL, '2', '80037533-5', NULL, NULL, NULL),
	(1620, 'IRE', 6, 0, 0, 2, 'COOPERATIVA MULTIACTIVA BACHILLERES DEL PARAGUAY LTDA.', NULL, NULL, NULL, NULL, NULL, '2', '80077933-9', NULL, NULL, NULL),
	(1621, 'IRE', 6, 0, 0, 2, 'CENTRAL DE MEDIANAS Y PEQUEÑAS COOPERATIVAS LTDA.', NULL, NULL, NULL, NULL, NULL, '2', '80079923-2', NULL, NULL, NULL),
	(1622, 'IRE', 6, 0, 0, 2, 'COOPERATIVA DE AHORRO Y CREDITO COFUNJE LTDA.', NULL, NULL, NULL, NULL, NULL, '2', '80080493-7', NULL, NULL, NULL),
	(1623, 'IRE', 6, 0, 0, 2, 'COOPERATIVA MULTIACTIVA AGROINDUSTRIAL MADELON LTDA', NULL, NULL, NULL, NULL, NULL, '2', '80094333-3', NULL, NULL, NULL),
	(1624, 'IRE', 6, 0, 0, 2, 'COOPERATIVA DE CONSUMO FAMIL. DEL PERSONAL DE LA ANDE', NULL, NULL, NULL, NULL, NULL, '2', '80006704-5', NULL, NULL, NULL),
	(1625, 'IRE', 6, 0, 0, 2, 'COOPERATIVA DE PRODUCCION AGRICOLA EL MENSU LIMITADA.', NULL, NULL, NULL, NULL, NULL, '2', '80006644-8', NULL, NULL, NULL),
	(1626, 'IRE', 6, 0, 0, 2, 'COOPERATIVA DE CONSUMO FAMILIAR BARRIO OBREROLTDA.', NULL, NULL, NULL, NULL, NULL, '2', '80007134-4', NULL, NULL, NULL),
	(1627, 'IRE', 6, 0, 0, 2, 'COOPERATIVA DE TRABAJO DE LAS ARTES LIMITADA (COOPERARTE)', NULL, NULL, NULL, NULL, NULL, '2', '80012284-4', NULL, NULL, NULL),
	(1628, 'IRE', 6, 0, 0, 2, 'COOPERATIVA AGROPECUARIA INDUSTRIAL GUAIRA LIMITADA', NULL, NULL, NULL, NULL, NULL, '2', '80015534-3', NULL, NULL, NULL),
	(1629, 'IRE', 6, 0, 0, 2, 'COOPERATIVA DE PRODUC. AGRICOLA CABAÑAS PARA TODOS LIMITADA', NULL, NULL, NULL, NULL, NULL, '2', '80016914-0', NULL, NULL, NULL),
	(1630, 'IRE', 6, 0, 0, 2, 'COOPERATIVA COLONIZADORA MULTIACTIVA FERNHEIM LIMITADA', NULL, NULL, NULL, NULL, NULL, '2', '80016754-6', NULL, NULL, NULL),
	(1631, 'IRE', 6, 0, 0, 2, 'FEDERACION DE COOPERATIVAS DEL PARAGUAY FECOPAR LTDA', NULL, NULL, NULL, NULL, NULL, '2', '80048194-1', NULL, NULL, NULL),
	(1632, 'IRE', 6, 0, 0, 2, 'COOPERATIVA DE AHORRO, CREDITO EDUCADORES Y PROFESIONALES', NULL, NULL, NULL, NULL, NULL, '2', '80056214-3', NULL, NULL, NULL),
	(1633, 'IRE', 6, 0, 0, 2, 'COOPERATIVA MULTIACTIVA ÑAPU\'A HAGUA LTDA.', NULL, NULL, NULL, NULL, NULL, '2', '80065844-2', NULL, NULL, NULL),
	(1634, 'IRE', 6, 0, 0, 2, 'ASOCIACIÓN COOPERATIVA IMPLEMENTADA CON ORGANIZACIONES NACIONALES', NULL, NULL, NULL, NULL, NULL, '2', '80078214-3', NULL, NULL, NULL),
	(1635, 'IRE', 6, 0, 0, 2, 'COOPERATIVA AGROINDUSTRIAL PYTYVO HARA LTDA.', NULL, NULL, NULL, NULL, NULL, '2', '80087684-9', NULL, NULL, NULL),
	(1636, 'IRE', 6, 0, 0, 2, 'ADMINISTRACION NACIONAL DE ELECTRICIDAD - ANDE', NULL, NULL, NULL, NULL, NULL, '2', '80009735-1', NULL, NULL, NULL),
	(1637, 'IRE', 6, 0, 0, 2, 'SOUTH ANDEAN TRADING COMPANY SA', NULL, NULL, NULL, NULL, NULL, '2', '80025760-0', NULL, NULL, NULL),
	(1638, 'IRE', 6, 0, 0, 2, 'COOPERATIVA DE CONSUMO FAMIL. DEL PERSONAL DE LA ANDE', NULL, NULL, NULL, NULL, NULL, '2', '80006704-5', NULL, NULL, NULL),
	(1639, 'IRE', 6, 0, 0, 2, 'SINDICATO DE PROFESIONALES GRADUADOS UNIVERSITARIOS DE LA ANDE', NULL, NULL, NULL, NULL, NULL, '2', '80083084-9', NULL, NULL, NULL),
	(1640, 'IRE', 6, 0, 0, 2, 'ASOC.DE JUBI.Y PENS.DE LA CAJA DE JUB.Y PEN.DEL PER.DE ANDE', NULL, NULL, NULL, NULL, NULL, '2', '80028954-4', NULL, NULL, NULL),
	(1641, 'IRE', 6, 0, 0, 2, 'COOP.MULT.CON.CRE.SER.DEL PERS.DE LA ANDE (COOPERANDE) LTDA.', NULL, NULL, NULL, NULL, NULL, '2', '80021797-7', NULL, NULL, NULL),
	(1642, 'IRE', 6, 0, 0, 2, 'LA COMISION VECINAL DEL BARRIO SAN PEDRO DE LA LOCALIDAD DE NATALIO LINEA ANDE DE ÉSTE DISTRITO', NULL, NULL, NULL, NULL, NULL, '2', '80069470-8', NULL, NULL, NULL),
	(1643, 'IRE', 6, 0, 0, 2, 'COOP.MULT.AH.CRED.Y SERV.SEG.ELEC.RES.ANDE COOPSEGERANDE LTD', NULL, NULL, NULL, NULL, NULL, '2', '80016496-2', NULL, NULL, NULL),
	(1644, 'IRE', 6, 0, 0, 2, 'INDUSTRIAS PET SAECA (INPET SAECA)', NULL, NULL, NULL, NULL, NULL, '2', '80024881-3', NULL, NULL, NULL),
	(1645, 'IRE', 6, 0, 0, 2, 'CIA.QUIMICA FARMAC.INTERNAC.DEL PY. SAECA - CHEMINTER SAECA', NULL, NULL, NULL, NULL, NULL, '2', '80017871-8', NULL, NULL, NULL),
	(1646, 'IRE', 6, 0, 0, 2, 'SERVICIOS SOCIALES BANCARIOS SAECA (S.S.B. BANCO SAECA)', NULL, NULL, NULL, NULL, NULL, '2', '80017379-1', NULL, NULL, NULL),
	(1647, 'IRE', 6, 0, 0, 2, 'FIDEICOMISO DE GARANTÍA PUBLIMOVIL SRL- FINANCIERA RIO SAECA- BANCO CONTINENTAL SAECA', NULL, NULL, NULL, NULL, NULL, '2', '80104448-0', NULL, NULL, NULL),
	(1648, 'IRE', 6, 0, 0, 2, 'FIDEICOMISO DE GARANTÍA RENE ALFREDO MANCHINI VERA- FINANCIERA RÍO SAECA- BANCO CONTINENTAL SAECA', NULL, NULL, NULL, NULL, NULL, '2', '80105300-5', NULL, NULL, NULL),
	(1649, 'IRE', 6, 0, 0, 2, 'FIDEICOMISO DE GARANTÍA AGROGANADERA PIRO\'Y SA- SOLAR AHORRO Y FINANZAS SAECA- BANCO CONTINENTAL SAECA', NULL, NULL, NULL, NULL, NULL, '2', '80104453-7', NULL, NULL, NULL),
	(1650, 'IRE', 6, 0, 0, 2, 'FIDEICOMISO DE GARANTÍA- PRV STORES PY SAECA- PRV PROPERTIES PY SA- BANCO CONTINENTAL SAECA', NULL, NULL, NULL, NULL, NULL, '2', '80110437-8', NULL, NULL, NULL),
	(1651, 'IRE', 6, 0, 0, 2, 'FIDEICOMISO DE GARANTÍA INMOBILIARIA EARTH BUSINESS COMPANY SA FLORIDA CENTER SA- SOLAR AHORRO Y FINANZAS SAECA- BANCO CONTINENTAL SAECA', NULL, NULL, NULL, NULL, NULL, '2', '80104449-9', NULL, NULL, NULL),
	(1652, 'IRE', 6, 0, 0, 2, 'CREDICALL SAECA', NULL, NULL, NULL, NULL, NULL, '2', '80073235-9', NULL, NULL, NULL),
	(1653, 'IRE', 6, 0, 0, 2, 'HARDY SAECA', NULL, NULL, NULL, NULL, NULL, '2', '80032656-3', NULL, NULL, NULL),
	(1654, 'IRE', 6, 0, 0, 2, 'INNOVARE SAECA', NULL, NULL, NULL, NULL, NULL, '2', '80076847-7', NULL, NULL, NULL),
	(1655, 'IRE', 6, 0, 0, 2, 'ROSANTI SAECA', NULL, NULL, NULL, NULL, NULL, '2', '80064970-2', NULL, NULL, NULL),
	(1656, 'IRE', 6, 0, 0, 2, 'SILAGRO SAECA', NULL, NULL, NULL, NULL, NULL, '2', '80028771-1', NULL, NULL, NULL),
	(1657, 'IRE', 6, 0, 0, 2, 'STEVIALINE SAECA', NULL, NULL, NULL, NULL, NULL, '2', '80072643-0', NULL, NULL, NULL),
	(1658, 'IRE', 6, 0, 0, 2, 'NAIPEX SAECA', NULL, NULL, NULL, NULL, NULL, '2', '80085533-7', NULL, NULL, NULL),
	(1659, 'IRE', 6, 0, 0, 2, 'A. CONSTRUCCIONES SAECA', NULL, NULL, NULL, NULL, NULL, '2', '80059024-4', NULL, NULL, NULL),
	(1660, 'IRE', 6, 0, 0, 2, 'TERMOASUNCIÓN SAECA', NULL, NULL, NULL, NULL, NULL, '2', '80107504-1', NULL, NULL, NULL),
	(1661, 'IRE', 6, 0, 0, 2, 'NEGOFIN SAECA', NULL, NULL, NULL, NULL, NULL, '2', '80030805-0', NULL, NULL, NULL),
	(1662, 'IRE', 6, 0, 0, 2, 'LA DE ORO SAECA', NULL, NULL, NULL, NULL, NULL, '2', '80040885-3', NULL, NULL, NULL),
	(1663, 'IRE', 6, 0, 0, 2, 'LCR SAECA', NULL, NULL, NULL, NULL, NULL, '2', '80053166-3', NULL, NULL, NULL),
	(1664, 'IRE', 6, 0, 0, 2, 'TU FINANCIERA SAECA', NULL, NULL, NULL, NULL, NULL, '2', '80064698-3', NULL, NULL, NULL),
	(1665, 'IRE', 6, 0, 0, 2, 'GROW SAECA', NULL, NULL, NULL, NULL, NULL, '2', '80085579-5', NULL, NULL, NULL),
	(1666, 'IRE', 6, 0, 0, 2, 'OLIER SAECA', NULL, NULL, NULL, NULL, NULL, '2', '80026692-7', NULL, NULL, NULL),
	(1667, 'IRE', 6, 0, 0, 2, 'INVERFIN SAECA', NULL, NULL, NULL, NULL, NULL, '2', '80013840-6', NULL, NULL, NULL),
	(1668, 'IRE', 6, 0, 0, 2, 'CREDICENTRO SAECA', NULL, NULL, NULL, NULL, NULL, '2', '80011000-5', NULL, NULL, NULL),
	(1669, 'IRE', 6, 0, 0, 2, 'ASEGURADORA PARAGUAYA SAECA', NULL, NULL, NULL, NULL, NULL, '2', '80002091-0', NULL, NULL, NULL),
	(1670, 'IRE', 6, 0, 0, 2, 'CASA CENTRO SAECA', NULL, NULL, NULL, NULL, NULL, '2', '80022151-6', NULL, NULL, NULL),
	(1671, 'IRE', 6, 0, 0, 2, 'SUDAMERIS BANK SAECA', NULL, NULL, NULL, NULL, NULL, '2', '80034461-8', NULL, NULL, NULL),
	(1672, 'IRE', 6, 0, 0, 2, 'DAHAVA PETROLEOS SAECA', NULL, NULL, NULL, NULL, NULL, '2', '80076741-1', NULL, NULL, NULL),
	(1673, 'IRE', 6, 0, 0, 2, 'NORTE CAMBIOS SAECA', NULL, NULL, NULL, NULL, NULL, '2', '80016432-6', NULL, NULL, NULL),
	(1674, 'IRE', 6, 0, 0, 2, 'CREDI SOLUCION SAECA', NULL, NULL, NULL, NULL, NULL, '2', '80062163-8', NULL, NULL, NULL),
	(1675, 'IRE', 6, 0, 0, 2, 'PRO PACK SAECA', NULL, NULL, NULL, NULL, NULL, '2', '80022868-5', NULL, NULL, NULL),
	(1676, 'IRE', 6, 0, 0, 2, 'FINANCIERA RURAL SAECA', NULL, NULL, NULL, NULL, NULL, '2', '80020999-0', NULL, NULL, NULL),
	(1677, 'IRE', 6, 0, 0, 2, 'CENTRAL PARKING SAECA', NULL, NULL, NULL, NULL, NULL, '2', '80107330-8', NULL, NULL, NULL),
	(1678, 'IRE', 6, 0, 0, 2, 'SUPERSPUMA DEL PARAGUAY SAECA', NULL, NULL, NULL, NULL, NULL, '2', '80031782-3', NULL, NULL, NULL),
	(1679, 'IRE', 6, 0, 0, 2, 'SANITARIOS MATERSAN SAECA', NULL, NULL, NULL, NULL, NULL, '2', '80012423-5', NULL, NULL, NULL),
	(1680, 'IRE', 6, 0, 0, 2, 'PRESTIGIO AUTOMOVILES SAECA', NULL, NULL, NULL, NULL, NULL, '2', '80054744-6', NULL, NULL, NULL),
	(1681, 'IRE', 6, 0, 0, 2, 'TIROLEO VEGETAL SAECA', NULL, NULL, NULL, NULL, NULL, '2', '80044945-2', NULL, NULL, NULL),
	(1682, 'IRE', 6, 0, 0, 2, 'RECORD ELECTRIC SAECA', NULL, NULL, NULL, NULL, NULL, '2', '80016166-1', NULL, NULL, NULL),
	(1683, 'IRE', 6, 0, 0, 2, 'TRADE FACTORING SAECA', NULL, NULL, NULL, NULL, NULL, '2', '80054438-2', NULL, NULL, NULL),
	(1684, 'IRE', 6, 0, 0, 2, 'EASTERN COMPANY SAECA', NULL, NULL, NULL, NULL, NULL, '2', '80070118-6', NULL, NULL, NULL),
	(1685, 'IRE', 6, 0, 0, 2, 'BANCO REGIONAL SAECA', NULL, NULL, NULL, NULL, NULL, '2', '80020981-8', NULL, NULL, NULL),
	(1686, 'IRE', 6, 0, 0, 2, 'VISION BANCO SAECA', NULL, NULL, NULL, NULL, NULL, '2', '80009310-0', NULL, NULL, NULL),
	(1687, 'IRE', 6, 0, 0, 2, 'BANCO RIO SAECA', NULL, NULL, NULL, NULL, NULL, '2', '80002227-0', NULL, NULL, NULL),
	(1688, 'IRE', 6, 0, 0, 2, 'AUTOMOTORES Y MAQUINARIA SAECA', NULL, NULL, NULL, NULL, NULL, '2', '80013366-8', NULL, NULL, NULL),
	(1689, 'IRE', 6, 0, 0, 2, 'FINANCIERA EL COMERCIO SAECA', NULL, NULL, NULL, NULL, NULL, '2', '80026157-7', NULL, NULL, NULL),
	(1690, 'IRE', 6, 0, 0, 2, 'GAS CORONA SAECA', NULL, NULL, NULL, NULL, NULL, '2', '80030609-0', NULL, NULL, NULL),
	(1691, 'IRE', 6, 0, 0, 2, 'PTP PARAGUAY SAECA', NULL, NULL, NULL, NULL, NULL, '2', '80063732-1', NULL, NULL, NULL),
	(1692, 'IRE', 6, 0, 0, 2, 'FINANCIERA RIO SAECA', NULL, NULL, NULL, NULL, NULL, '2', '80059206-9', NULL, NULL, NULL),
	(1693, 'IRE', 6, 0, 0, 2, 'BANCO FAMILIAR SAECA', NULL, NULL, NULL, NULL, NULL, '2', '80022570-8', NULL, NULL, NULL),
	(1694, 'IRE', 6, 0, 0, 2, 'BANCO UNION SAECA EN QUIEBRAS', NULL, NULL, NULL, NULL, NULL, '2', '80011261-0', NULL, NULL, NULL),
	(1695, 'IRE', 6, 0, 0, 2, 'GRUPO INTERN. DE FINANZAS SAECA', NULL, NULL, NULL, NULL, NULL, '2', '80016889-5', NULL, NULL, NULL),
	(1696, 'IRE', 6, 0, 0, 2, 'PRV PROPERTIES PY SAECA', NULL, NULL, NULL, NULL, NULL, '2', '80081562-9', NULL, NULL, NULL),
	(1697, 'IRE', 6, 0, 0, 2, 'S.C.A TECHNOLOGIES SAECA', NULL, NULL, NULL, NULL, NULL, '2', '80027550-0', NULL, NULL, NULL),
	(1698, 'IRE', 6, 0, 0, 2, 'VILLALBA RAMIREZ & COMPAÑIA (SAECA)', NULL, NULL, NULL, NULL, NULL, '2', '80048761-3', NULL, NULL, NULL),
	(1699, 'IRE', 6, 0, 0, 2, 'COLONIZADORA SAN AGUSTIN SAECA', NULL, NULL, NULL, NULL, NULL, '2', '80005067-3', NULL, NULL, NULL),
	(1700, 'IRE', 6, 0, 0, 2, 'ASOCIACION DE EMPLEADOS NEXO SAECA', NULL, NULL, NULL, NULL, NULL, '2', '80032959-7', NULL, NULL, NULL),
	(1701, 'IRE', 6, 0, 0, 2, 'MCI SERVICIOS MEDICOS SAECA', NULL, NULL, NULL, NULL, NULL, '2', '80024379-0', NULL, NULL, NULL),
	(1702, 'IRE', 6, 0, 0, 2, 'PRV STORES PY SAECA', NULL, NULL, NULL, NULL, NULL, '2', '80081566-1', NULL, NULL, NULL),
	(1703, 'IRE', 6, 0, 0, 2, 'FINANCIERA PARAGUAYO JAPONESA SAECA', NULL, NULL, NULL, NULL, NULL, '2', '80026277-8', NULL, NULL, NULL),
	(1704, 'IRE', 6, 0, 0, 2, 'SOLAR AHORRO Y FINANZAS SAECA', NULL, NULL, NULL, NULL, NULL, '2', '80002283-1', NULL, NULL, NULL),
	(1705, 'IRE', 6, 0, 0, 2, 'ASOCIACION DE EMPLEADOS DE VISION BANCO SAECA', NULL, NULL, NULL, NULL, NULL, '2', '80031552-9', NULL, NULL, NULL),
	(1706, 'IRE', 6, 0, 0, 2, 'COINPA COMERCIAL E INDUSTRIAL DEL PARANA SAECA', NULL, NULL, NULL, NULL, NULL, '2', '80002721-3', NULL, NULL, NULL),
	(1707, 'IRE', 6, 0, 0, 2, 'INTEC INGENIERIA SA EMISORA SAECA', NULL, NULL, NULL, NULL, NULL, '2', '80004396-0', NULL, NULL, NULL),
	(1708, 'IRE', 6, 0, 0, 2, 'COMPAÑIA ESPECIALIZADA DE PRODUCTOS AGRICOLAS SAECA', NULL, NULL, NULL, NULL, NULL, '2', '80056516-9', NULL, NULL, NULL),
	(1709, 'IRE', 6, 0, 0, 2, 'FIDEICOMISO DE GARANTIA BLUE DESING SAECA', NULL, NULL, NULL, NULL, NULL, '2', '80092907-1', NULL, NULL, NULL),
	(1710, 'IRE', 6, 0, 0, 2, 'SIND. DE EMPLEADOS DEL SUDAMERIS BANK SAECA', NULL, NULL, NULL, NULL, NULL, '2', '80038248-0', NULL, NULL, NULL),
	(1711, 'IRE', 6, 0, 0, 2, 'ECO ENERGY INVESTMENTS PARAGUAY SAECA', NULL, NULL, NULL, NULL, NULL, '2', '80044789-1', NULL, NULL, NULL),
	(1712, 'IRE', 6, 0, 0, 2, 'CHACOMER SA EMISORA (CHACOMER SAECA)', NULL, NULL, NULL, NULL, NULL, '2', '80013744-2', NULL, NULL, NULL),
	(1713, 'IRE', 6, 0, 0, 2, 'EMPRESA IZAGUIRRE BARRAIL INVERSORA SAECA', NULL, NULL, NULL, NULL, NULL, '2', '80014904-1', NULL, NULL, NULL),
	(1714, 'IRE', 6, 0, 0, 2, 'CONSULT.INTEGRAL PARA EL DESARROLLO EMPRESARIAL SAECA (CIDESA)', NULL, NULL, NULL, NULL, NULL, '2', '80027987-5', NULL, NULL, NULL),
	(1715, 'IRE', 6, 0, 0, 2, 'FIDEICOMISO DE GARANTIA OSCAR BALBUENA- PASFIN SAECA', NULL, NULL, NULL, NULL, NULL, '2', '80107608-0', NULL, NULL, NULL),
	(1716, 'IRE', 6, 0, 0, 2, 'FIDEICOMISO DE GARANTIA MARIA MAIDANA - PASFIN SAECA', NULL, NULL, NULL, NULL, NULL, '2', '80099261-0', NULL, NULL, NULL),
	(1717, 'IRE', 6, 0, 0, 2, 'FIDEICOMISO DE GARANTIA VICTOR PANIAGUA - PASFIN SAECA', NULL, NULL, NULL, NULL, NULL, '2', '80105211-4', NULL, NULL, NULL),
	(1718, 'IRE', 6, 0, 0, 2, 'FIDEICOMISO DE ADMINISTRACION DE CARTERA DEL BANCO ITAPUA SAECA', NULL, NULL, NULL, NULL, NULL, '2', '80092912-8', NULL, NULL, NULL),
	(1719, 'IRE', 6, 0, 0, 2, 'FIDEICOMISO DE ADMINISTRACION DE CARTERA VISION BANCO SAECA', NULL, NULL, NULL, NULL, NULL, '2', '80106582-8', NULL, NULL, NULL),
	(1720, 'IRE', 6, 0, 0, 2, 'FIDEICOMISISO DE GARANTIA WINSTON STANLEY - PASFIN SAECA', NULL, NULL, NULL, NULL, NULL, '2', '80095423-8', NULL, NULL, NULL),
	(1721, 'IRE', 6, 0, 0, 2, 'FIDEICOMISO DE GARANTIA NORA ROMERO - PASFIN SAECA', NULL, NULL, NULL, NULL, NULL, '2', '80097423-9', NULL, NULL, NULL),
	(1722, 'IRE', 6, 0, 0, 2, 'FIDEICOMISO DE GARANTIA JAZMIN GIRETT - PASFIN SAECA', NULL, NULL, NULL, NULL, NULL, '2', '80100333-4', NULL, NULL, NULL),
	(1723, 'IRE', 6, 0, 0, 2, 'FIDEICOMISO DE GARANTIA EL CID S.A -PASFIN SAECA', NULL, NULL, NULL, NULL, NULL, '2', '80106163-6', NULL, NULL, NULL),
	(1724, 'IRE', 6, 0, 0, 2, 'FIDEICOMISO DE GARANTIA ELIAS SARQUIS - PASFIN SAECA', NULL, NULL, NULL, NULL, NULL, '2', '80096586-8', NULL, NULL, NULL),
	(1725, 'IRE', 6, 0, 0, 2, 'FIDEICOMISO DE ADMINISTRACION DE CARTERA DE FINANCIERA EL COMERCIO SAECA', NULL, NULL, NULL, NULL, NULL, '2', '80106126-1', NULL, NULL, NULL),
	(1726, 'IRE', 6, 0, 0, 2, 'FIDEICOMISO DE GARANTIA HEDIL ORTIZ - PASFIN SAECA', NULL, NULL, NULL, NULL, NULL, '2', '80095327-4', NULL, NULL, NULL),
	(1727, 'IRE', 6, 0, 0, 2, 'FIDEICOMISO DE GARANTIA BRUNEL BANKS - PASFIN SAECA', NULL, NULL, NULL, NULL, NULL, '2', '80099637-2', NULL, NULL, NULL),
	(1728, 'IRE', 6, 0, 0, 2, 'FIDEICOMISO DE GARANTÍA BRICAPAR SAECA - BANCO CONTINENTAL', NULL, NULL, NULL, NULL, NULL, '2', '80101387-9', NULL, NULL, NULL),
	(1729, 'IRE', 6, 0, 0, 2, 'FIDEICOMOSO DE GARANTIA OSCAR CROTTA - PASFIN SAECA', NULL, NULL, NULL, NULL, NULL, '2', '80094718-5', NULL, NULL, NULL),
	(1730, 'IRE', 6, 0, 0, 2, 'FIDEICOMISO RUBEN DARIO COMERCIAL - PASFIN SAECA', NULL, NULL, NULL, NULL, NULL, '2', '80107259-0', NULL, NULL, NULL),
	(1731, 'IRE', 6, 0, 0, 2, 'AGUA & TECNOLOGIA SA EMISORA (A & T SAECA)', NULL, NULL, NULL, NULL, NULL, '2', '80029576-5', NULL, NULL, NULL),
	(1732, 'IRE', 6, 0, 0, 2, 'CEMENTOS CONCEPCIÓN SA EMISORA (CECON SAECA)', NULL, NULL, NULL, NULL, NULL, '2', '80022117-6', NULL, NULL, NULL),
	(1733, 'IRE', 6, 0, 0, 2, 'ASOC.DE EMPLEADOS DE NICOLAS GONZALEZ ODDONE SAECA (AENGO)', NULL, NULL, NULL, NULL, NULL, '2', '80029343-6', NULL, NULL, NULL),
	(1734, 'IRE', 6, 0, 0, 2, 'FIDEICOMISO DE GARANTIA MAHER MERHI-BANCO CONTINENTAL SAECA', NULL, NULL, NULL, NULL, NULL, '2', '80089793-5', NULL, NULL, NULL),
	(1735, 'IRE', 6, 0, 0, 2, 'IGISA SA EMISORA DE CAPITAL ABIERTO (IGISA SAECA)', NULL, NULL, NULL, NULL, NULL, '2', '80012036-1', NULL, NULL, NULL),
	(1736, 'IRE', 6, 0, 0, 2, 'FIDEICOMISO DE GARANTIA TRANSPORTADORA NUNES SA - PASFIN SAECA', NULL, NULL, NULL, NULL, NULL, '2', '80101930-3', NULL, NULL, NULL),
	(1737, 'IRE', 6, 0, 0, 2, 'FIDEICOMISO DE GARANTIA ACE SAC - BANCO CONTINENTAL SAECA', NULL, NULL, NULL, NULL, NULL, '2', '80095681-8', NULL, NULL, NULL),
	(1738, 'IRE', 6, 0, 0, 2, 'FIDEICOMISO DE ADMINISTRACION DE CARTERA DE SOLAR AHORRO Y FINANZAS SAECA', NULL, NULL, NULL, NULL, NULL, '2', '80099251-2', NULL, NULL, NULL),
	(1739, 'IRE', 6, 0, 0, 2, 'FIDIECOMISO DE GARANTIA GUIDO DIAZ DOMINGUEZ - FINEXPAR SAECA', NULL, NULL, NULL, NULL, NULL, '2', '80103241-5', NULL, NULL, NULL),
	(1740, 'IRE', 6, 0, 0, 2, 'FIDEICOMISO DE GARANTÍA PLANAGRO SA- BANCO CONTINENTAL SAECA', NULL, NULL, NULL, NULL, NULL, '2', '80106521-6', NULL, NULL, NULL),
	(1741, 'IRE', 6, 0, 0, 2, 'FIDEICOMISO DE GARANTIA MARTA ANTONIA JARA - PASFIN SAECA', NULL, NULL, NULL, NULL, NULL, '2', '80099284-9', NULL, NULL, NULL),
	(1742, 'IRE', 6, 0, 0, 2, 'FIDEICOMISO DE GARANTIA CORPORATIVA ÑACUNDAY - BANCO CONTINENTAL SAECA', NULL, NULL, NULL, NULL, NULL, '2', '80083235-3', NULL, NULL, NULL),
	(1743, 'IRE', 6, 0, 0, 2, 'CONTRATO DE FIDEICOMISO DE ADMINISTRACION DE CARTERA DE SUDAMERIS BANK SAECA', NULL, NULL, NULL, NULL, NULL, '2', '80097395-0', NULL, NULL, NULL),
	(1744, 'IRE', 6, 0, 0, 2, 'VIDRIO LUZ SRL', NULL, NULL, NULL, NULL, NULL, '2', '80002524-5', NULL, NULL, NULL),
	(1745, 'IRE', 6, 0, 0, 2, 'VIDRIOS AMERICANA SRL', NULL, NULL, NULL, NULL, NULL, '2', '80005396-6', NULL, NULL, NULL),
	(1746, 'IRE', 6, 0, 0, 2, 'VIDRIO Y METAL SRL', NULL, NULL, NULL, NULL, NULL, '2', '80013437-0', NULL, NULL, NULL),
	(1747, 'IRE', 6, 0, 0, 2, 'MRC VIDRIOS SA', NULL, NULL, NULL, NULL, NULL, '2', '80084520-0', NULL, NULL, NULL),
	(1748, 'IRE', 6, 0, 0, 2, 'DG VIDRIOS SA', NULL, NULL, NULL, NULL, NULL, '2', '80089025-6', NULL, NULL, NULL),
	(1749, 'IRE', 6, 0, 0, 2, 'VIDRIO TEC SA', NULL, NULL, NULL, NULL, NULL, '2', '80108506-3', NULL, NULL, NULL),
	(1750, 'IRE', 6, 0, 0, 2, 'VIDRIOS & COMPAÑIA SA', NULL, NULL, NULL, NULL, NULL, '2', '80074349-0', NULL, NULL, NULL),
	(1751, 'IRE', 6, 0, 0, 2, 'ALIANZA VIDRIOS SA', NULL, NULL, NULL, NULL, NULL, '2', '80084241-3', NULL, NULL, NULL),
	(1752, 'IRE', 6, 0, 0, 2, 'AUTO VIDRIO DEL ESTE SRL', NULL, NULL, NULL, NULL, NULL, '2', '80020101-9', NULL, NULL, NULL),
	(1753, 'IRE', 6, 0, 0, 2, 'VIDRIO CAR SA', NULL, NULL, NULL, NULL, NULL, '2', '80017740-1', NULL, NULL, NULL),
	(1754, 'IRE', 6, 0, 0, 2, 'FABRICA PARAGUAYA DE VIDRIOS SA', NULL, NULL, NULL, NULL, NULL, '2', '80003450-3', NULL, NULL, NULL),
	(1755, 'IRE', 6, 0, 0, 2, 'VENTANAS Y VIDRIOS METALGLASS SRL', NULL, NULL, NULL, NULL, NULL, '2', '80078574-6', NULL, NULL, NULL),
	(1756, 'IRE', 6, 0, 0, 2, 'CH VIDRIOS IMPORT SRL', NULL, NULL, NULL, NULL, NULL, '2', '80027107-6', NULL, NULL, NULL),
	(1757, 'IRE', 6, 0, 0, 2, 'CAMARA PARAGUAYA DE ALUMNIO Y DEL VIDRIO', NULL, NULL, NULL, NULL, NULL, '2', '80055467-1', NULL, NULL, NULL),
	(1758, 'IRE', 6, 0, 0, 2, 'VIDRIOS DEL PARAGUAY- VIDRIOPAR SA', NULL, NULL, NULL, NULL, NULL, '2', '80072398-8', NULL, NULL, NULL),
	(1759, 'IRE', 6, 0, 0, 2, 'J.F. VIDRIOS SA', NULL, NULL, NULL, NULL, NULL, '2', '80078499-5', NULL, NULL, NULL),
	(1760, 'IRE', 6, 0, 0, 2, 'SPEED BOX VIDRIOS SA', NULL, NULL, NULL, NULL, NULL, '2', '80092469-0', NULL, NULL, NULL),
	(1761, 'IRE', 6, 0, 0, 2, 'A.G.R.A. VIDRIOS & ALUMINIOS SRL', NULL, NULL, NULL, NULL, NULL, '2', '80106103-2', NULL, NULL, NULL),
	(1762, 'IRE', 6, 0, 0, 2, 'ASO. DE EMPLEADOS DE LA FABRICA PARAGUAYA DE VIDRIOS', NULL, NULL, NULL, NULL, NULL, '2', '80038767-8', NULL, NULL, NULL),
	(1763, 'IRE', 6, 0, 0, 2, 'FABRICA DE VIDRIOS TEMPLADOS SALINAS SA', NULL, NULL, NULL, NULL, NULL, '2', '80075311-9', NULL, NULL, NULL),
	(1764, 'IRE', 6, 0, 0, 2, 'FIBRAS DE VIDRIO CAAGUAZU SA (FIBRAC SA)', NULL, NULL, NULL, NULL, NULL, '2', '80028686-3', NULL, NULL, NULL),
	(1765, 'IRE', 6, 0, 0, 2, 'SPEED BOX DISTRIBUIDORA DE VIDRIOS Y ALUMINIOS SA', NULL, NULL, NULL, NULL, NULL, '2', '80111195-1', NULL, NULL, NULL),
	(1766, 'IRE', 6, 0, 0, 2, 'COMITE DE DESARROLLO CALLE PIRIBEBUY DE LA COMPAÑIA CALLE PIRIBEBUY DISTRITO REPATRIACION', NULL, NULL, NULL, NULL, NULL, '2', '80057875-9', NULL, NULL, NULL),
	(1767, 'IRE', 6, 0, 0, 2, 'MUNICIPALIDAD DE PIRIBEBUY.', NULL, NULL, NULL, NULL, NULL, '2', '80022368-3', NULL, NULL, NULL),
	(1768, 'IRE', 6, 0, 0, 2, 'PIRIBEBUY SRL', NULL, NULL, NULL, NULL, NULL, '2', '80024388-9', NULL, NULL, NULL),
	(1769, 'IRE', 6, 0, 0, 2, 'ASOCIACION DE EDUCADORES DE PIRIBEBUY', NULL, NULL, NULL, NULL, NULL, '2', '80071310-9', NULL, NULL, NULL),
	(1770, 'IRE', 6, 0, 0, 2, 'JUNTA DE SANEAMIENTO DE PIRIBEBUY', NULL, NULL, NULL, NULL, NULL, '2', '80051211-1', NULL, NULL, NULL),
	(1771, 'IRE', 6, 0, 0, 2, 'ENTRETENIMIENTOS PIRIBEBUY SA', NULL, NULL, NULL, NULL, NULL, '2', '80026463-0', NULL, NULL, NULL),
	(1772, 'IRE', 6, 0, 0, 2, '8 PIRIBEBUY SA', NULL, NULL, NULL, NULL, NULL, '2', '80001645-9', NULL, NULL, NULL),
	(1773, 'IRE', 6, 0, 0, 2, 'LIGA DEPORTIVA DE PIRIBEBUY', NULL, NULL, NULL, NULL, NULL, '2', '80050765-7', NULL, NULL, NULL),
	(1774, 'IRE', 6, 0, 0, 2, 'ASOCIACIÓN DE MUJERES PIRIBEBUY', NULL, NULL, NULL, NULL, NULL, '2', '80107945-4', NULL, NULL, NULL),
	(1775, 'IRE', 6, 0, 0, 2, 'CERAMICA PIRIBEBUY SRL', NULL, NULL, NULL, NULL, NULL, '2', '80010037-9', NULL, NULL, NULL),
	(1776, 'IRE', 6, 0, 0, 2, 'ESTACIONAMIENTO PIRIBEBUY SRL', NULL, NULL, NULL, NULL, NULL, '2', '80014808-8', NULL, NULL, NULL),
	(1777, 'IRE', 6, 0, 0, 2, 'INMOBILIARIA PIRIBEBUY SA', NULL, NULL, NULL, NULL, NULL, '2', '80012239-9', NULL, NULL, NULL),
	(1778, 'IRE', 6, 0, 0, 2, 'CASA PIRIBEBUY SA', NULL, NULL, NULL, NULL, NULL, '2', '80050560-3', NULL, NULL, NULL),
	(1779, 'IRE', 6, 0, 0, 2, 'COMERCIAL PIRIBEBUY SRL', NULL, NULL, NULL, NULL, NULL, '2', '80002649-7', NULL, NULL, NULL),
	(1780, 'IRE', 6, 0, 0, 2, 'CLUB DE AMIGOS DE PIRIBEBUY', NULL, NULL, NULL, NULL, NULL, '2', '80110379-7', NULL, NULL, NULL),
	(1781, 'IRE', 6, 0, 0, 2, 'CERAMICA PIRIBEBUY DEL PARAGUAY SRL', NULL, NULL, NULL, NULL, NULL, '2', '80010300-9', NULL, NULL, NULL),
	(1782, 'IRE', 6, 0, 0, 2, 'COMISIÓN DE MUJERES EMPRENDEDORAS DE PIRIBEBUY', NULL, NULL, NULL, NULL, NULL, '2', '80081290-5', NULL, NULL, NULL),
	(1783, 'IRE', 6, 0, 0, 2, 'CLUB SOL DE MAYO DE PIRIBEBUY', NULL, NULL, NULL, NULL, NULL, '2', '80109350-3', NULL, NULL, NULL),
	(1784, 'IRE', 6, 0, 0, 2, 'CLUB SPORT UNION DE PIRIBEBUY', NULL, NULL, NULL, NULL, NULL, '2', '80086702-5', NULL, NULL, NULL),
	(1785, 'IRE', 6, 0, 0, 2, 'CLUB 3 DE FEBRERO - PIRIBEBUY', NULL, NULL, NULL, NULL, NULL, '2', '80087243-6', NULL, NULL, NULL),
	(1786, 'IRE', 6, 0, 0, 2, 'ASOCIACION DE ENFERMOS AUTOINMUNES DE PIRIBEBUY', NULL, NULL, NULL, NULL, NULL, '2', '80065424-2', NULL, NULL, NULL),
	(1787, 'IRE', 6, 0, 0, 2, 'SAN BLAS PIRIBEBUY SRL .-', NULL, NULL, NULL, NULL, NULL, '2', '80058336-1', NULL, NULL, NULL),
	(1788, 'IRE', 6, 0, 0, 2, 'CLUB JUVENTUD CORDILLERANA DE PIRIBEBUY', NULL, NULL, NULL, NULL, NULL, '2', '80091626-3', NULL, NULL, NULL),
	(1789, 'IRE', 6, 0, 0, 2, 'CUERPO DE BOMBEROS VOLUNTARIOS DE PIRIBEBUY', NULL, NULL, NULL, NULL, NULL, '2', '80045227-5', NULL, NULL, NULL),
	(1790, 'IRE', 6, 0, 0, 2, 'CONSORCIO DE PROPIETARIOS DEL EDIFICIO PIRIBEBUY', NULL, NULL, NULL, NULL, NULL, '2', '80028079-2', NULL, NULL, NULL),
	(1791, 'IRE', 6, 0, 0, 2, 'CENTRO MEDICO PIRIBEBUY SA', NULL, NULL, NULL, NULL, NULL, '2', '80028329-5', NULL, NULL, NULL),
	(1792, 'IRE', 6, 0, 0, 2, 'CLUB DE LEONES LA HEROICA PIRIBEBUY', NULL, NULL, NULL, NULL, NULL, '2', '80062629-0', NULL, NULL, NULL),
	(1793, 'IRE', 6, 0, 0, 2, 'ESTACION DE SERVICIOS PIRIBEBUY SA', NULL, NULL, NULL, NULL, NULL, '2', '80103104-4', NULL, NULL, NULL),
	(1794, 'IRE', 6, 0, 0, 2, 'COM. E IND. PIRIBEBUY SA', NULL, NULL, NULL, NULL, NULL, '2', '80003820-7', NULL, NULL, NULL),
	(1795, 'IRE', 6, 0, 0, 2, 'CLUB CAPITAN FABRICIANO CRISTALDO - PIRIBEBUY', NULL, NULL, NULL, NULL, NULL, '2', '80086780-7', NULL, NULL, NULL),
	(1796, 'IRE', 6, 0, 0, 2, 'COMITE DE AGRICULTORES - CÑIA. CORDILLERITA , PIRIBEBUY', NULL, NULL, NULL, NULL, NULL, '2', '80061231-0', NULL, NULL, NULL),
	(1797, 'IRE', 6, 0, 0, 2, 'ASOCIACION DE EDUCADORES DEL NIVEL MEDIO DE PIRIBEBUY', NULL, NULL, NULL, NULL, NULL, '2', '80008023-8', NULL, NULL, NULL),
	(1798, 'IRE', 6, 0, 0, 2, 'COMITE DE MUJERES DE LA COMPAÑIA OJOPOI PIRIBEBUY', NULL, NULL, NULL, NULL, NULL, '2', '80037383-9', NULL, NULL, NULL),
	(1799, 'IRE', 6, 0, 0, 2, 'COMITE DE AGRICULTORES CÑIA. TAPEGUAZU -PIRIBEBUY', NULL, NULL, NULL, NULL, NULL, '2', '80061236-1', NULL, NULL, NULL),
	(1800, 'IRE', 6, 0, 0, 2, 'CONCERTACION FRENTE GUASU DISTRITO DE PIRIBEBUY', NULL, NULL, NULL, NULL, NULL, '2', '80063586-8', NULL, NULL, NULL),
	(1801, 'IRE', 6, 0, 0, 2, 'COMISION DE GESTION AMBIENTAL ROHAYHU PIRIBEBUY', NULL, NULL, NULL, NULL, NULL, '2', '80080366-3', NULL, NULL, NULL),
	(1802, 'IRE', 6, 0, 0, 2, 'LA FABRIL PIRIBEBUY SOCIEDAD COLECTIVA & CIA.', NULL, NULL, NULL, NULL, NULL, '2', '80001057-4', NULL, NULL, NULL),
	(1803, 'IRE', 6, 0, 0, 2, 'IGLESIA EVANGELICA HERMANOS MENONITAS DE PIRIBEBUY', NULL, NULL, NULL, NULL, NULL, '2', '80037408-8', NULL, NULL, NULL),
	(1804, 'IRE', 6, 0, 0, 2, 'COMITE DE PRODUCTORES SAN RAMON DE PIRIBEBUY', NULL, NULL, NULL, NULL, NULL, '2', '80084988-4', NULL, NULL, NULL),
	(1805, 'IRE', 6, 0, 0, 2, 'IGLESIA EVANGELICA NEO TESTAMENTARIA DE PIRIBEBUY', NULL, NULL, NULL, NULL, NULL, '2', '80049159-9', NULL, NULL, NULL),
	(1806, 'IRE', 6, 0, 0, 2, 'COMISIÓN OÑONDIVEPA COMPAÑIA ITAMOROTI-PIRIBEBUY', NULL, NULL, NULL, NULL, NULL, '2', '80077769-7', NULL, NULL, NULL),
	(1807, 'IRE', 6, 0, 0, 2, 'AGRO INDUSTRIAL Y COMERCIAL PIRIBEBUY SA', NULL, NULL, NULL, NULL, NULL, '2', '80002762-0', NULL, NULL, NULL),
	(1808, 'IRE', 6, 0, 0, 2, 'COMITE DE AGRICULTORES , CÑIA. YACAREY -DISTRITO DE PIRIBEBUY', NULL, NULL, NULL, NULL, NULL, '2', '80058020-6', NULL, NULL, NULL),
	(1809, 'IRE', 6, 0, 0, 2, 'COMITE DE PEQUEÑOS AGRICULTORES , CÑIA. NARANJO - PIRIBEBUY', NULL, NULL, NULL, NULL, NULL, '2', '80061230-2', NULL, NULL, NULL),
	(1810, 'IRE', 6, 0, 0, 2, 'COMISIÓN DE APOYO COMUNITARIO DE LA CÑIA CAÑADA-PIRIBEBUY', NULL, NULL, NULL, NULL, NULL, '2', '80081160-7', NULL, NULL, NULL),
	(1811, 'IRE', 6, 0, 0, 2, 'COMISION DE DESARROLLO COMUNITARIO DE LA CIA. ITAGUYRA - PIRIBEBUY', NULL, NULL, NULL, NULL, NULL, '2', '80089160-0', NULL, NULL, NULL),
	(1812, 'IRE', 6, 0, 0, 2, 'CONSEJO LOCAL DE SALUD DEL DISTRITO DE PIRIBEBUY - CORDILLERA .-', NULL, NULL, NULL, NULL, NULL, '2', '80058251-9', NULL, NULL, NULL),
	(1813, 'IRE', 6, 0, 0, 2, 'COMITE AGRICOLA CAPILLA CUE POTY - PIRIBEBUY', NULL, NULL, NULL, NULL, NULL, '2', '80064991-5', NULL, NULL, NULL),
	(1814, 'IRE', 6, 0, 0, 2, 'EMPRESA PIRIBEBUY SA DE TRASP.COM. Y DE SERVICIOS', NULL, NULL, NULL, NULL, NULL, '2', '80002182-7', NULL, NULL, NULL),
	(1815, 'IRE', 6, 0, 0, 2, 'COMITE DE AGRICULTORES CÑIA. MCAL. LOPEZ - PIRIBEBUY', NULL, NULL, NULL, NULL, NULL, '2', '80061232-9', NULL, NULL, NULL),
	(1816, 'IRE', 6, 0, 0, 2, 'COMITE DE PRODUCTORES , CÑIA. MCAL. LOPEZ - PIRIBEBUY', NULL, NULL, NULL, NULL, NULL, '2', '80061233-7', NULL, NULL, NULL),
	(1817, 'IRE', 6, 0, 0, 2, 'JUNTA DE SANEAMIENTO DE PASO JHU ,DISTRITO DE PIRIBEBUY', NULL, NULL, NULL, NULL, NULL, '2', '80062533-1', NULL, NULL, NULL),
	(1818, 'IRE', 6, 0, 0, 2, 'COMISION VECINAL DE GUAZU ROCAI - CIUDAD DE PIRIBEBUY .-', NULL, NULL, NULL, NULL, NULL, '2', '80055244-0', NULL, NULL, NULL),
	(1819, 'IRE', 6, 0, 0, 2, 'COMITE DE PRODUCCION DE PISCICULTURA DE LA CÑIA. PIRARETA DE PIRIBEBUY', NULL, NULL, NULL, NULL, NULL, '2', '80085085-8', NULL, NULL, NULL),
	(1820, 'IRE', 6, 0, 0, 2, 'COMISION PRO ORATORIO CRISTO REY - PIRIBEBUY', NULL, NULL, NULL, NULL, NULL, '2', '80083778-9', NULL, NULL, NULL),
	(1821, 'IRE', 6, 0, 0, 2, 'EMPREDIMIENTOS PIRIBEBUY SOCIEDAD ANOMINA E.P.SA', NULL, NULL, NULL, NULL, NULL, '2', '80059286-7', NULL, NULL, NULL),
	(1822, 'IRE', 6, 0, 0, 2, 'COMITÉ PERPETUO SOCORRO , CÑIA. PIRARETÁ , DISTRITO DE PIRIBEBUY', NULL, NULL, NULL, NULL, NULL, '2', '80054340-8', NULL, NULL, NULL),
	(1823, 'IRE', 6, 0, 0, 2, 'COMISION MUJERES UNIDAS, DE LA COMPAÑIA ITA GUYRA - PIRIBEBUY', NULL, NULL, NULL, NULL, NULL, '2', '80092240-9', NULL, NULL, NULL),
	(1824, 'IRE', 6, 0, 0, 2, 'COMITE DE MUJERES NIÑO JESUS DE LA CÑIA. YHAGUYMI - PIRIBEBUY', NULL, NULL, NULL, NULL, NULL, '2', '80083371-6', NULL, NULL, NULL),
	(1825, 'IRE', 6, 0, 0, 2, 'COMISIÓN COORDINADORA DEL ORATORIO DEL BARRIO VIRGEN DEL ROSARIO - PIRIBEBUY', NULL, NULL, NULL, NULL, NULL, '2', '80085301-6', NULL, NULL, NULL),
	(1826, 'IRE', 6, 0, 0, 2, 'COMISION DEL ORATORIO SAN RAFAEL - CÑIA. PASITO - PIRIBEBUY', NULL, NULL, NULL, NULL, NULL, '2', '80085991-0', NULL, NULL, NULL),
	(1827, 'IRE', 6, 0, 0, 2, 'COMITE KUÑA ÑEPYTYVO, CÑIA. PASITO, DISTRITO DE PIRIBEBUY', NULL, NULL, NULL, NULL, NULL, '2', '80053882-0', NULL, NULL, NULL),
	(1828, 'IRE', 6, 0, 0, 2, 'CLUB MCAL. ESTIGARRIBIA DE LA COMPAÑIA YACAREY - DISTRITO DE PIRIBEBUY .-', NULL, NULL, NULL, NULL, NULL, '2', '80056972-5', NULL, NULL, NULL),
	(1829, 'IRE', 6, 0, 0, 2, 'LA COMISION VECINAL DESARROLLO COMUNITARIO DE LA FRACCION PAISAJE DE PIRIBEBUY', NULL, NULL, NULL, NULL, NULL, '2', '80065552-4', NULL, NULL, NULL),
	(1830, 'IRE', 6, 0, 0, 2, 'COMISION JUNTA DE SANEAMIENTO DE LA COMP.YCUA PORA-PIRIBEBUY', NULL, NULL, NULL, NULL, NULL, '2', '80038104-1', NULL, NULL, NULL),
	(1831, 'IRE', 6, 0, 0, 2, 'CENT.DE DESA.VECI.DE LA COMP.CAPILLACUE DEL DIST.PIRIBEBUY', NULL, NULL, NULL, NULL, NULL, '2', '80038624-8', NULL, NULL, NULL),
	(1832, 'IRE', 6, 0, 0, 2, 'COMITE DE AGRICULTORES Y PRODUCTORES - CÑIA. MCAL.LOPEZ - PIRIBEBUY', NULL, NULL, NULL, NULL, NULL, '2', '80061234-5', NULL, NULL, NULL),
	(1833, 'IRE', 6, 0, 0, 2, 'SUB-COMISION DE SEÑORAS DE DESARROLLO Y FOMENTO DE YATAITY-PIRIBEBUY', NULL, NULL, NULL, NULL, NULL, '2', '80053475-1', NULL, NULL, NULL),
	(1834, 'IRE', 6, 0, 0, 2, 'COMITE NUEVA ESPERANZA CÑIA YATAITY - CIUDAD DE PIRIBEBUY .-', NULL, NULL, NULL, NULL, NULL, '2', '80056385-9', NULL, NULL, NULL),
	(1835, 'IRE', 6, 0, 0, 2, 'JUNTA DE SANEAMIENTO DE LA COLONIA OYOPOI - DISTRITO DE PIRIBEBUY - CORDILLERA', NULL, NULL, NULL, NULL, NULL, '2', '80056036-1', NULL, NULL, NULL),
	(1836, 'IRE', 6, 0, 0, 2, 'COMISION DE VECINOS UNIDOS - CÑIA. CAPILLA CUE - PIRIBEBUY', NULL, NULL, NULL, NULL, NULL, '2', '80074266-4', NULL, NULL, NULL),
	(1837, 'IRE', 6, 0, 0, 2, 'COMITE DE AGRICULTORES SAN JUAN - CÑIA. CHOLOLO - PIRIBEBUY.', NULL, NULL, NULL, NULL, NULL, '2', '80061237-0', NULL, NULL, NULL),
	(1838, 'IRE', 6, 0, 0, 2, 'COMISION KUÑA ATY DEL BARRIO VIRGEN DEL ROSARIO -PIRIBEBUY', NULL, NULL, NULL, NULL, NULL, '2', '80069147-4', NULL, NULL, NULL),
	(1839, 'IRE', 6, 0, 0, 2, 'COMITE DE PRODUCTORES 15 DE AGOSTO - COMPAÑIA OJOPOI PIRIBEBUY.', NULL, NULL, NULL, NULL, NULL, '2', '80071577-2', NULL, NULL, NULL),
	(1840, 'IRE', 6, 0, 0, 2, 'COMITE DE MUJERES SAN CAYETANO DE LA CÑIA YHAGUYMI - PIRIBEBUY', NULL, NULL, NULL, NULL, NULL, '2', '80082987-5', NULL, NULL, NULL),
	(1841, 'IRE', 6, 0, 0, 2, 'EMPRESA DE TRANSP.PUBLICO DE PASAJ.Y TURISMO PIRIBEBUY SRL.', NULL, NULL, NULL, NULL, NULL, '2', '80009288-0', NULL, NULL, NULL),
	(1842, 'IRE', 6, 0, 0, 2, 'COMISION DE APOYO A ACTIVIDADES CULTURALES PIRI - CULTURA - PIRIBEBUY .-', NULL, NULL, NULL, NULL, NULL, '2', '80058689-1', NULL, NULL, NULL),
	(1843, 'IRE', 6, 0, 0, 2, 'COMITE DE PRODUCTORES OJOPOI, DE LA COMPAÑIA OJOPOI, DEL DISTRITO DE PIRIBEBUY', NULL, NULL, NULL, NULL, NULL, '2', '80060669-8', NULL, NULL, NULL),
	(1844, 'IRE', 6, 0, 0, 2, 'COMISION PRO-PLAZA DEL BARRIO MARIA AUXILIADORA DE PIRIBEBUY', NULL, NULL, NULL, NULL, NULL, '2', '80063069-6', NULL, NULL, NULL),
	(1845, 'IRE', 6, 0, 0, 2, 'COMITE DE PRODUCTORES AGRICOLAS -CÑIA YCUA PORA -PIRIBEBUY', NULL, NULL, NULL, NULL, NULL, '2', '80081529-7', NULL, NULL, NULL),
	(1846, 'IRE', 6, 0, 0, 2, 'COOP.DE AHORRO Y CREDITO,SERVICIOS Y PRODUCCION PIRIBEBUY POTY LTDA.', NULL, NULL, NULL, NULL, NULL, '2', '80018400-9', NULL, NULL, NULL),
	(1847, 'IRE', 6, 0, 0, 2, 'COMISION KUÑA GUAPA, CÑIA ITA MOROTI - PIRIBEBUY - CORDILLERA', NULL, NULL, NULL, NULL, NULL, '2', '80066181-8', NULL, NULL, NULL),
	(1848, 'IRE', 6, 0, 0, 2, 'COOP.MULT.DE AHOR.CRED.Y SERV.DOCENTES DE PIRIBEBUY LIMITADA', NULL, NULL, NULL, NULL, NULL, '2', '80029192-1', NULL, NULL, NULL),
	(1849, 'IRE', 6, 0, 0, 2, 'COMITE DE PRODUCTORES/AS DE LA COMPAÑIA CAPILLA CUE-PIRIBEBUY, CORDILLERA', NULL, NULL, NULL, NULL, NULL, '2', '80059993-4', NULL, NULL, NULL),
	(1850, 'IRE', 6, 0, 0, 2, 'ASOCIACION COOPERACION ESCOLAR DEL COLEGIO NACIONAL - SAN BLAS - PIRIBEBUY', NULL, NULL, NULL, NULL, NULL, '2', '80068693-4', NULL, NULL, NULL),
	(1851, 'IRE', 6, 0, 0, 2, 'ASOCIACION DE MUJERES RURALES DE LA COMPAÑIA YKUA PORA DEL DISTRITO DE PIRIBEBUY', NULL, NULL, NULL, NULL, NULL, '2', '80107503-3', NULL, NULL, NULL),
	(1852, 'IRE', 6, 0, 0, 2, 'COMITE DE MUJERES ROSA MISTICA DE LA COMPAÑIA PASITO DISTRITO - PIRIBEBUY', NULL, NULL, NULL, NULL, NULL, '2', '80082984-0', NULL, NULL, NULL),
	(1853, 'IRE', 6, 0, 0, 2, 'COMISION PRO -AGUA, CÑIA. PIRARETA - ITAPE, DISTRITO DE PIRIBEBUY', NULL, NULL, NULL, NULL, NULL, '2', '80056725-0', NULL, NULL, NULL),
	(1854, 'IRE', 6, 0, 0, 2, 'COMISION VECINAL DE FOMENTO COMUNITARIO - CÑIA CORDILLERA - DISTRITO DE PIRIBEBUY .-', NULL, NULL, NULL, NULL, NULL, '2', '80058045-1', NULL, NULL, NULL),
	(1855, 'IRE', 6, 0, 0, 2, 'COMITE DE MUJERES ÑEPYTYVO REKAVO - COMPAÑIA PTE. FRANCO - PIRIBEBUY', NULL, NULL, NULL, NULL, NULL, '2', '80061285-0', NULL, NULL, NULL),
	(1856, 'IRE', 6, 0, 0, 2, 'COMITE DE PRODUCTORES ORGANICOS TEKO PYAHU - COMPAÑIA YACAREY , PIRIBEBUY', NULL, NULL, NULL, NULL, NULL, '2', '80077995-9', NULL, NULL, NULL),
	(1857, 'IRE', 6, 0, 0, 2, 'COMITE DE AGRICULTORES SANTA LIBRADA CÑIA OJOPOI DISTRITO PIRIBEBUY', NULL, NULL, NULL, NULL, NULL, '2', '80082875-5', NULL, NULL, NULL),
	(1858, 'IRE', 6, 0, 0, 2, 'ASO.COOP.ESC. DE LA ESC.BAS. 688 DEFENSORES DE PIRIBEBUY', NULL, NULL, NULL, NULL, NULL, '2', '80036016-8', NULL, NULL, NULL),
	(1859, 'IRE', 6, 0, 0, 2, 'COMITE DE MUJERES KUÑA GUAPA DE LA COMPAÑIA ITA GUYRA DE PIRIBEBUY', NULL, NULL, NULL, NULL, NULL, '2', '80063206-0', NULL, NULL, NULL),
	(1860, 'IRE', 6, 0, 0, 2, 'COMISION PRO.AGUA POTABLE - CÑIA.GUAZU ROCAI- PIRIBEBUY', NULL, NULL, NULL, NULL, NULL, '2', '80064656-8', NULL, NULL, NULL),
	(1861, 'IRE', 6, 0, 0, 2, 'COMITE DE AGRICULTORES 4 DE JULIO - CÑIA 4 DE JULIO -PIRIBEBUY', NULL, NULL, NULL, NULL, NULL, '2', '80081516-5', NULL, NULL, NULL),
	(1862, 'IRE', 6, 0, 0, 2, 'COMISION VECINAL DE PRESIDENTE FRANCO DE LA CÑIA. PRESIDENTE FRANCO - PIRIBEBUY', NULL, NULL, NULL, NULL, NULL, '2', '80090216-5', NULL, NULL, NULL),
	(1863, 'IRE', 6, 0, 0, 2, 'COMISION VECINAL PRO AGUA - CÑIA . MARISCAL LOPEZ - PIRIBEBUY.', NULL, NULL, NULL, NULL, NULL, '2', '80069047-8', NULL, NULL, NULL),
	(1864, 'IRE', 6, 0, 0, 2, 'COMITE DE PRODUCTORES NTRA. SRA.DE LA ASUNCIÓN-CÑIA-NARANJO-PIRIBEBUY', NULL, NULL, NULL, NULL, NULL, '2', '80078817-6', NULL, NULL, NULL),
	(1865, 'IRE', 6, 0, 0, 2, 'COMITE DE PRODUCTORAS PERPETUO SOCORRO DE LA CÑIA. PTE. FRANCO - PIRIBEBUY', NULL, NULL, NULL, NULL, NULL, '2', '80083367-8', NULL, NULL, NULL),
	(1866, 'IRE', 6, 0, 0, 2, 'COMISION DE SEGURIDAD CIUDADANA CAACUPE SEGURO - CAACUPE', NULL, NULL, NULL, NULL, NULL, '2', '80081482-7', NULL, NULL, NULL),
	(1867, 'IRE', 6, 0, 0, 2, 'COMISION ARTISTAS DE CAACUPE Y ASOCIADOS ( A.C.A.) DE LA CIUDAD DE CAACUPE.', NULL, NULL, NULL, NULL, NULL, '2', '80060780-5', NULL, NULL, NULL),
	(1868, 'IRE', 6, 0, 0, 2, 'COMISIÓN VECINAL VIRGEN DE CAACUPE DEL BARRIO VIRGEN CAACUPE', NULL, NULL, NULL, NULL, NULL, '2', '80084386-0', NULL, NULL, NULL),
	(1869, 'IRE', 6, 0, 0, 2, 'CONSEJO DISTRITAL DE PRODUCTORES/AS TUPASY CAACUPE , DISTRITO CAACUPE - DEPARTAMENTO CORDILLERA', NULL, NULL, NULL, NULL, NULL, '2', '80081965-9', NULL, NULL, NULL),
	(1870, 'IRE', 6, 0, 0, 2, 'DIOCESIS DE CAACUPE', NULL, NULL, NULL, NULL, NULL, '2', '80023991-1', NULL, NULL, NULL),
	(1871, 'IRE', 6, 0, 0, 2, 'COMITE CAACUPE', NULL, NULL, NULL, NULL, NULL, '2', '80038131-9', NULL, NULL, NULL),
	(1872, 'IRE', 6, 0, 0, 2, 'MUNICIPALIDAD DE CAACUPE', NULL, NULL, NULL, NULL, NULL, '2', '80004726-5', NULL, NULL, NULL),
	(1873, 'IRE', 6, 0, 0, 2, 'SERRANIAS DE CAACUPE SRL', NULL, NULL, NULL, NULL, NULL, '2', '80010020-4', NULL, NULL, NULL),
	(1874, 'IRE', 6, 0, 0, 2, 'COMITE DE PRODUCCION CAACUPE', NULL, NULL, NULL, NULL, NULL, '2', '80049430-0', NULL, NULL, NULL),
	(1875, 'IRE', 6, 0, 0, 2, 'CONTRALORIA CIUDADANA DE CAACUPE', NULL, NULL, NULL, NULL, NULL, '2', '80036381-7', NULL, NULL, NULL),
	(1876, 'IRE', 6, 0, 0, 2, 'ASOCIACION DE CHIPEROS DE CAACUPE', NULL, NULL, NULL, NULL, NULL, '2', '80057061-8', NULL, NULL, NULL),
	(1877, 'IRE', 6, 0, 0, 2, 'HIJAS DE NUESTRA SEÑORA DE CAACUPE', NULL, NULL, NULL, NULL, NULL, '2', '80096451-9', NULL, NULL, NULL),
	(1878, 'IRE', 6, 0, 0, 2, 'ASOCIACION DE CHIPEROS DE CAACUPE', NULL, NULL, NULL, NULL, NULL, '2', '80034132-5', NULL, NULL, NULL),
	(1879, 'IRE', 6, 0, 0, 2, 'PARROQUIA NUESTRA SEÑORA DE CAACUPE', NULL, NULL, NULL, NULL, NULL, '2', '80030373-3', NULL, NULL, NULL),
	(1880, 'IRE', 6, 0, 0, 2, 'ASOCIACION FILARMONICA DE CAACUPE', NULL, NULL, NULL, NULL, NULL, '2', '80083513-1', NULL, NULL, NULL),
	(1881, 'IRE', 6, 0, 0, 2, 'PARROQUIA NUESTRA SEÑORA DE CAACUPE', NULL, NULL, NULL, NULL, NULL, '2', '80035404-4', NULL, NULL, NULL),
	(1882, 'IRE', 6, 0, 0, 2, 'NUCLEO CULTURAL CAACUPE', NULL, NULL, NULL, NULL, NULL, '2', '80053384-4', NULL, NULL, NULL),
	(1883, 'IRE', 6, 0, 0, 2, 'COMITE DE PRODUCTORES CAACUPE', NULL, NULL, NULL, NULL, NULL, '2', '80035166-5', NULL, NULL, NULL),
	(1884, 'IRE', 6, 0, 0, 2, 'BALLET MUNICIPAL CAACUPE', NULL, NULL, NULL, NULL, NULL, '2', '80088146-0', NULL, NULL, NULL),
	(1885, 'IRE', 6, 0, 0, 2, 'CABLEVISION CAACUPE SA', NULL, NULL, NULL, NULL, NULL, '2', '80017657-0', NULL, NULL, NULL),
	(1886, 'IRE', 6, 0, 0, 2, 'COMISION ROHAYHU DE CAACUPE.', NULL, NULL, NULL, NULL, NULL, '2', '80068467-2', NULL, NULL, NULL),
	(1887, 'IRE', 6, 0, 0, 2, 'COMITE BARRIO CAACUPE', NULL, NULL, NULL, NULL, NULL, '2', '80077017-0', NULL, NULL, NULL),
	(1888, 'IRE', 6, 0, 0, 2, 'BRIZUELA, RAMONA CAACUPE', NULL, NULL, NULL, NULL, NULL, '2', '2831658-4', NULL, NULL, NULL),
	(1889, 'IRE', 6, 0, 0, 2, 'COMITE VIRGEN DE CAACUPE', NULL, NULL, NULL, NULL, NULL, '2', '80037078-3', NULL, NULL, NULL),
	(1890, 'IRE', 6, 0, 0, 2, 'COMITE VIRGEN DE CAACUPE', NULL, NULL, NULL, NULL, NULL, '2', '80083398-8', NULL, NULL, NULL),
	(1891, 'IRE', 6, 0, 0, 2, 'GRUPO AMBIENTAL CAACUPE', NULL, NULL, NULL, NULL, NULL, '2', '80083888-2', NULL, NULL, NULL),
	(1892, 'IRE', 6, 0, 0, 2, 'COMITE VIRGEN DE CAACUPE', NULL, NULL, NULL, NULL, NULL, '2', '80090928-3', NULL, NULL, NULL),
	(1893, 'IRE', 6, 0, 0, 2, 'CÁMARA DE SUPERMERCADOS DE CAACUPÉ', NULL, NULL, NULL, NULL, NULL, '2', '80104249-6', NULL, NULL, NULL),
	(1894, 'IRE', 6, 0, 0, 2, 'COMERCIAL CAACUPE SA', NULL, NULL, NULL, NULL, NULL, '2', '80099616-0', NULL, NULL, NULL),
	(1895, 'IRE', 6, 0, 0, 2, 'CAACUPE ALIMENTOS S.A', NULL, NULL, NULL, NULL, NULL, '2', '80069978-5', NULL, NULL, NULL),
	(1896, 'IRE', 6, 0, 0, 2, 'MARTINEZ VERA, AIDA CAACUPE', NULL, NULL, NULL, NULL, NULL, '2', '3428210-6', NULL, NULL, NULL),
	(1897, 'IRE', 6, 0, 0, 2, 'IGLESIA HERMANOS MENONITAS DE CAACUPE', NULL, NULL, NULL, NULL, NULL, '2', '80036910-6', NULL, NULL, NULL),
	(1898, 'IRE', 6, 0, 0, 2, 'CUERPO DE BOMBEROS VOLUNTARIOS DE CAACUPE', NULL, NULL, NULL, NULL, NULL, '2', '80037820-2', NULL, NULL, NULL),
	(1899, 'IRE', 6, 0, 0, 2, 'COMISION VECINAL VIRGEN DE CAACUPE', NULL, NULL, NULL, NULL, NULL, '2', '80082010-0', NULL, NULL, NULL),
	(1900, 'IRE', 6, 0, 0, 2, 'SARUBBI BERNAL, CINTHIA CAACUPE', NULL, NULL, NULL, NULL, NULL, '2', '3610401-9', NULL, NULL, NULL),
	(1901, 'IRE', 6, 0, 0, 2, 'WEILER ROMAN, LILIANA CAACUPE', NULL, NULL, NULL, NULL, NULL, '2', '3725071-0', NULL, NULL, NULL),
	(1902, 'IRE', 6, 0, 0, 2, 'MARTINEZ RAMIREZ, MARIA CAACUPE', NULL, NULL, NULL, NULL, NULL, '2', '3952981-9', NULL, NULL, NULL),
	(1903, 'IRE', 6, 0, 0, 2, 'GALEANO ESCOBAR, ADRIANA CAACUPE', NULL, NULL, NULL, NULL, NULL, '2', '5489101-9', NULL, NULL, NULL),
	(1904, 'IRE', 6, 0, 0, 2, 'PRIMERA IGLESIA BAUTISTA DE CAACUPE', NULL, NULL, NULL, NULL, NULL, '2', '80038261-7', NULL, NULL, NULL),
	(1905, 'IRE', 6, 0, 0, 2, 'ASOCIACION DE CHIPEROS DE LA CIUDAD DE CAACUPE .-', NULL, NULL, NULL, NULL, NULL, '2', '80054441-2', NULL, NULL, NULL),
	(1906, 'IRE', 6, 0, 0, 2, 'COMITE DE PRODUCTORAS VIRGEN DE CAACUPE', NULL, NULL, NULL, NULL, NULL, '2', '80066841-3', NULL, NULL, NULL),
	(1907, 'IRE', 6, 0, 0, 2, 'MARTINEZ AREVALO, MARIA DE CAACUPE', NULL, NULL, NULL, NULL, NULL, '2', '1125172-7', NULL, NULL, NULL),
	(1908, 'IRE', 6, 0, 0, 2, 'NACRUR CALCENA, TATIANA CAACUPE', NULL, NULL, NULL, NULL, NULL, '2', '3780882-6', NULL, NULL, NULL),
	(1909, 'IRE', 6, 0, 0, 2, 'GALEANO ESPINOZA, YACY CAACUPE', NULL, NULL, NULL, NULL, NULL, '2', '3849732-8', NULL, NULL, NULL),
	(1910, 'IRE', 6, 0, 0, 2, 'ASOCIACION DE EDUCADORES DE CAACUPE- AECA', NULL, NULL, NULL, NULL, NULL, '2', '80048522-0', NULL, NULL, NULL),
	(1911, 'IRE', 6, 0, 0, 2, 'COMITE DE PRODUCCION VIRGEN DE CAACUPE', NULL, NULL, NULL, NULL, NULL, '2', '80050152-7', NULL, NULL, NULL),
	(1912, 'IRE', 6, 0, 0, 2, 'ASOCIACION CASA VIRGEN DE CAACUPE', NULL, NULL, NULL, NULL, NULL, '2', '80054382-3', NULL, NULL, NULL),
	(1913, 'IRE', 6, 0, 0, 2, 'JUNTA DE SANEAMIENTO VIRGEN DE CAACUPE', NULL, NULL, NULL, NULL, NULL, '2', '80106632-8', NULL, NULL, NULL),
	(1914, 'IRE', 6, 0, 0, 2, 'ASOCIACION DE CONSERVACION VIAL CAACUPE', NULL, NULL, NULL, NULL, NULL, '2', '80107992-6', NULL, NULL, NULL),
	(1915, 'IRE', 6, 0, 0, 2, 'PEREZ CORONEL, ANDREA CAACUPE', NULL, NULL, NULL, NULL, NULL, '2', '4281364-6', NULL, NULL, NULL),
	(1916, 'IRE', 6, 0, 0, 2, 'COMISION VECINAL VIRGEN DE CAACUPE', NULL, NULL, NULL, NULL, NULL, '2', '80038874-7', NULL, NULL, NULL),
	(1917, 'IRE', 6, 0, 0, 2, 'COMISION VECINAL VIRGEN DE CAACUPE', NULL, NULL, NULL, NULL, NULL, '2', '80047804-5', NULL, NULL, NULL),
	(1918, 'IRE', 6, 0, 0, 2, 'COMITE DE PRODUCTORES VIRGENCITA DE CAACUPE', NULL, NULL, NULL, NULL, NULL, '2', '80058644-1', NULL, NULL, NULL),
	(1919, 'IRE', 6, 0, 0, 2, 'ASOCIACION DENOMINADA SIN BARRERAS DE CAACUPE', NULL, NULL, NULL, NULL, NULL, '2', '80062584-6', NULL, NULL, NULL),
	(1920, 'IRE', 6, 0, 0, 2, 'BELOTTO DE CENTURION, ROSSANA CAACUPE', NULL, NULL, NULL, NULL, NULL, '2', '2301915-8', NULL, NULL, NULL),
	(1921, 'IRE', 6, 0, 0, 2, 'QUEVEDO OVELAR, CELESTE CAACUPE', NULL, NULL, NULL, NULL, NULL, '2', '3825365-8', NULL, NULL, NULL),
	(1922, 'IRE', 6, 0, 0, 2, 'CONSEJO LOCAL DE SALUD DE CAACUPE', NULL, NULL, NULL, NULL, NULL, '2', '80034905-9', NULL, NULL, NULL),
	(1923, 'IRE', 6, 0, 0, 2, 'COMITE DE MUJERES VIRGENCITA DE CAACUPE', NULL, NULL, NULL, NULL, NULL, '2', '80044345-4', NULL, NULL, NULL),
	(1924, 'IRE', 6, 0, 0, 2, 'COMITÉ DE PRODUCTORES VIRGEN DE CAACUPE', NULL, NULL, NULL, NULL, NULL, '2', '80096496-9', NULL, NULL, NULL),
	(1925, 'IRE', 6, 0, 0, 2, 'AGUILERA GONZALEZ, CAACUPE ALEJANDRA', NULL, NULL, NULL, NULL, NULL, '2', '4474197-9', NULL, NULL, NULL),
	(1926, 'IRE', 6, 0, 0, 2, 'COMITE DE PRODUCTORES VIRGEN DE CAACUPE', NULL, NULL, NULL, NULL, NULL, '2', '80062457-2', NULL, NULL, NULL),
	(1927, 'IRE', 6, 0, 0, 2, 'COMITE DE MUJERES VIRGEN DE CAACUPE', NULL, NULL, NULL, NULL, NULL, '2', '80073317-7', NULL, NULL, NULL),
	(1928, 'IRE', 6, 0, 0, 2, 'COMISION DE FINANZAS DE LA CAPILLA CAACUPE', NULL, NULL, NULL, NULL, NULL, '2', '80073747-4', NULL, NULL, NULL),
	(1929, 'IRE', 6, 0, 0, 2, 'TRINIDAD APODACA, MARIA CAACUPE', NULL, NULL, NULL, NULL, NULL, '2', '1867898-0', NULL, NULL, NULL),
	(1930, 'IRE', 6, 0, 0, 2, 'JUNTA DE SANEAMIENTO DE AZCURRA - CAACUPE', NULL, NULL, NULL, NULL, NULL, '2', '80069368-0', NULL, NULL, NULL),
	(1931, 'IRE', 6, 0, 0, 2, 'COMITÉ DE PRODUCTORAS VIRGEN DE CAACUPÉ.', NULL, NULL, NULL, NULL, NULL, '2', '80073158-1', NULL, NULL, NULL),
	(1932, 'IRE', 6, 0, 0, 2, 'COMITÉ DE PRODUCTORES VIRGEN DE CAACUPE', NULL, NULL, NULL, NULL, NULL, '2', '80109508-5', NULL, NULL, NULL),
	(1933, 'IRE', 6, 0, 0, 2, 'SANTACRUZ AVEZADA, MARIA CAACUPE', NULL, NULL, NULL, NULL, NULL, '2', '4044339-6', NULL, NULL, NULL),
	(1934, 'IRE', 6, 0, 0, 2, 'MIERES VIGO, ESTEFANI CAACUPE', NULL, NULL, NULL, NULL, NULL, '2', '5447749-2', NULL, NULL, NULL),
	(1935, 'IRE', 6, 0, 0, 2, 'COMITE MUJERES VIRGEN DE CAACUPE', NULL, NULL, NULL, NULL, NULL, '2', '80036799-5', NULL, NULL, NULL),
	(1936, 'IRE', 6, 0, 0, 2, 'COMITÉ DE PRODUCTORES VIRGEN DE CAACUPÉ', NULL, NULL, NULL, NULL, NULL, '2', '80108759-7', NULL, NULL, NULL),
	(1937, 'IRE', 6, 0, 0, 2, 'DAVALOS CARISIMO, ANA CAACUPE', NULL, NULL, NULL, NULL, NULL, '2', '826519-4', NULL, NULL, NULL),
	(1938, 'IRE', 6, 0, 0, 2, 'CAACUPE - DISTRIBUIDORA DE PINTURAS SA', NULL, NULL, NULL, NULL, NULL, '2', '80106831-2', NULL, NULL, NULL),
	(1939, 'IRE', 6, 0, 0, 2, 'CAACUPE CABLE VISION SA', NULL, NULL, NULL, NULL, NULL, '2', '80048279-4', NULL, NULL, NULL),
	(1940, 'IRE', 6, 0, 0, 2, 'CAACUPE SERVICIOS SOCIALES SRL', NULL, NULL, NULL, NULL, NULL, '2', '80003716-2', NULL, NULL, NULL),
	(1941, 'IRE', 6, 0, 0, 2, 'TRANSPORTE VIRGEN DE CAACUPE SRL', NULL, NULL, NULL, NULL, NULL, '2', '80063474-8', NULL, NULL, NULL),
	(1942, 'IRE', 6, 0, 0, 2, 'PAIVA ESCOBAR, ANDREA CAACUPE', NULL, NULL, NULL, NULL, NULL, '2', '5172494-4', NULL, NULL, NULL),
	(1943, 'IRE', 6, 0, 0, 2, 'RODRIGUEZ ESCURRA, LUZ MARIA CAACUPE', NULL, NULL, NULL, NULL, NULL, '2', '3578300-1', NULL, NULL, NULL),
	(1944, 'IRE', 6, 0, 0, 2, 'COMISION PRO COMISARIA CABAÑAS - CAACUPE', NULL, NULL, NULL, NULL, NULL, '2', '80082720-1', NULL, NULL, NULL),
	(1945, 'IRE', 6, 0, 0, 2, 'CAMPOS MONGELOS, ROSA MARIA DE CAACUPE', NULL, NULL, NULL, NULL, NULL, '2', '2371311-9', NULL, NULL, NULL),
	(1946, 'IRE', 6, 0, 0, 2, 'ASOCIACION DE MOTOTAXISTAS - AMOTCA. DE LA CIUDAD DE CAACUPE', NULL, NULL, NULL, NULL, NULL, '2', '80057921-6', NULL, NULL, NULL),
	(1947, 'IRE', 6, 0, 0, 2, 'COMISION DE FESTEJOS DEL CARNAVAL DE CAACUPE 2016.-', NULL, NULL, NULL, NULL, NULL, '2', '80092061-9', NULL, NULL, NULL),
	(1948, 'IRE', 6, 0, 0, 2, 'RADICE SCHMIDBAUER, GLORIA MARIA DE CAACUPE', NULL, NULL, NULL, NULL, NULL, '2', '914701-2', NULL, NULL, NULL),
	(1949, 'IRE', 6, 0, 0, 2, 'BURGOS TORRES, MARIA DE LOURDES CAACUPE', NULL, NULL, NULL, NULL, NULL, '2', '3497712-0', NULL, NULL, NULL),
	(1950, 'IRE', 6, 0, 0, 2, 'COMISION DE DESARROLLO YTU GUAZU (CAACUPE)', NULL, NULL, NULL, NULL, NULL, '2', '80078402-2', NULL, NULL, NULL),
	(1951, 'IRE', 6, 0, 0, 2, 'COMISION DE FOMENTO DE LA COMPAÑIA YTUMI - CAACUPE', NULL, NULL, NULL, NULL, NULL, '2', '80053883-8', NULL, NULL, NULL),
	(1952, 'IRE', 6, 0, 0, 2, 'MUSSTTO SANABRIA, MINERVA MONSERRAT CAACUPE', NULL, NULL, NULL, NULL, NULL, '2', '3544884-9', NULL, NULL, NULL),
	(1953, 'IRE', 6, 0, 0, 2, 'ASOC.DE FUNC.DE LA ESCUELA AGROMECANICA DE CAACUPE', NULL, NULL, NULL, NULL, NULL, '2', '80031394-1', NULL, NULL, NULL),
	(1954, 'IRE', 6, 0, 0, 2, 'COMITE EL TRIUNFO COMPAÑIA CABAÑAS DE CAACUPE ..', NULL, NULL, NULL, NULL, NULL, '2', '80059864-4', NULL, NULL, NULL),
	(1955, 'IRE', 6, 0, 0, 2, 'COMISION DE ARTESANOS EN PLATERIA DE LA CIUDAD DE CAACUPE.', NULL, NULL, NULL, NULL, NULL, '2', '80061144-6', NULL, NULL, NULL),
	(1956, 'IRE', 6, 0, 0, 2, 'CONSEJO DISTRITAL DE EDUCACION Y CULTURA DE CAACUPE', NULL, NULL, NULL, NULL, NULL, '2', '80093494-6', NULL, NULL, NULL),
	(1957, 'IRE', 6, 0, 0, 2, 'COMISION PRO ORATORIO VIRGEN DE CAACUPE', NULL, NULL, NULL, NULL, NULL, '2', '80036635-2', NULL, NULL, NULL),
	(1958, 'IRE', 6, 0, 0, 2, 'COMISION ORGANIZADORA DE LOS DIAS DE OFERTAS -CAACUPE', NULL, NULL, NULL, NULL, NULL, '2', '80072805-0', NULL, NULL, NULL),
	(1959, 'IRE', 6, 0, 0, 2, 'COMISIÓN VECINAL FOMENTO TUPASY CAACUPE', NULL, NULL, NULL, NULL, NULL, '2', '80108445-8', NULL, NULL, NULL),
	(1960, 'IRE', 6, 0, 0, 2, 'COMITE VIRGEN DEL ROSARIO ,CABAÑAS - CAACUPE', NULL, NULL, NULL, NULL, NULL, '2', '80059756-7', NULL, NULL, NULL),
	(1961, 'IRE', 6, 0, 0, 2, 'COMISION PRO CAPILLA VIRGEN DE CAACUPE', NULL, NULL, NULL, NULL, NULL, '2', '80072286-8', NULL, NULL, NULL),
	(1962, 'IRE', 6, 0, 0, 2, 'COMITE AGROPECUARIO DE MUJERES VIRGEN DE CAACUPE', NULL, NULL, NULL, NULL, NULL, '2', '80080216-0', NULL, NULL, NULL),
	(1963, 'IRE', 6, 0, 0, 2, 'SINDICATO DE FUNCIONARIOS DEL HOSPITAL REGIONAL DE CAACUPE', NULL, NULL, NULL, NULL, NULL, '2', '80053147-7', NULL, NULL, NULL),
	(1964, 'IRE', 6, 0, 0, 2, 'ASOCIACION DE CONSERVACION VIAL CAACUPE POTY', NULL, NULL, NULL, NULL, NULL, '2', '80076777-2', NULL, NULL, NULL),
	(1965, 'IRE', 6, 0, 0, 2, 'COMISION DE FOMENTO DE LA CÑIA. ITAYBUMI - CAACUPE', NULL, NULL, NULL, NULL, NULL, '2', '80084777-6', NULL, NULL, NULL),
	(1966, 'IRE', 6, 0, 0, 2, 'CCP SRL', NULL, NULL, NULL, NULL, NULL, '2', '80108733-3', NULL, NULL, NULL),
	(1967, 'IRE', 6, 0, 0, 2, 'CENTRAL REGIONAL DE COOPERATIVAS (CERCOOP) - CCP LIMITADA', NULL, NULL, NULL, NULL, NULL, '2', '80016278-1', NULL, NULL, NULL),
	(1968, 'IRE', 6, 0, 0, 2, 'GRUPO DE CONSTRUCTORES CIVILES DEL PARAGUAY SA ( CCP GROUP SA )', NULL, NULL, NULL, NULL, NULL, '2', '80081216-6', NULL, NULL, NULL),
	(1969, 'IRE', 6, 0, 0, 2, 'DISTRIBUIDORA NUCLEO', NULL, NULL, NULL, NULL, NULL, '2', '80009196-5', NULL, NULL, NULL),
	(1970, 'IRE', 6, 0, 0, 2, 'NUCLEO SA', NULL, NULL, NULL, NULL, NULL, '2', '80017437-2', NULL, NULL, NULL),
	(1971, 'IRE', 6, 0, 0, 2, 'ESTACION A NUCLEO CULTURAL', NULL, NULL, NULL, NULL, NULL, '2', '80021911-2', NULL, NULL, NULL),
	(1972, 'IRE', 6, 0, 0, 2, 'NUCLEO CULTURAL CAACUPE', NULL, NULL, NULL, NULL, NULL, '2', '80053384-4', NULL, NULL, NULL),
	(1973, 'IRE', 6, 0, 0, 2, 'NUCLEO MEDICO SA', NULL, NULL, NULL, NULL, NULL, '2', '80057914-3', NULL, NULL, NULL),
	(1974, 'IRE', 6, 0, 0, 2, 'GRUPO NUCLEO SRL', NULL, NULL, NULL, NULL, NULL, '2', '80005640-0', NULL, NULL, NULL),
	(1975, 'IRE', 6, 0, 0, 2, 'COMISION DEL NUCLEO HABITACIONAL LA CANDELARIA', NULL, NULL, NULL, NULL, NULL, '2', '80075561-8', NULL, NULL, NULL),
	(1976, 'IRE', 6, 0, 0, 2, 'NUCLEO JUVENIL DE ACCION CULTURAL', NULL, NULL, NULL, NULL, NULL, '2', '80055693-3', NULL, NULL, NULL),
	(1977, 'IRE', 6, 0, 0, 2, 'NUCLEO GRUPO 4P SRL', NULL, NULL, NULL, NULL, NULL, '2', '80106739-1', NULL, NULL, NULL),
	(1978, 'IRE', 6, 0, 0, 2, 'NUCLEO ITA MARIA SA', NULL, NULL, NULL, NULL, NULL, '2', '80059890-3', NULL, NULL, NULL),
	(1979, 'IRE', 6, 0, 0, 2, 'GRUPO NUCLEO COMERCIAL SRL', NULL, NULL, NULL, NULL, NULL, '2', '80005969-7', NULL, NULL, NULL),
	(1980, 'IRE', 6, 0, 0, 2, 'NÚCLEO DE ESPECIALIDADES MEDICAS SRL', NULL, NULL, NULL, NULL, NULL, '2', '80109601-4', NULL, NULL, NULL),
	(1981, 'IRE', 6, 0, 0, 2, 'COMISION DIRECTIVA DEL COMITE NUCLEO II', NULL, NULL, NULL, NULL, NULL, '2', '80073817-9', NULL, NULL, NULL),
	(1982, 'IRE', 6, 0, 0, 2, 'ASOCIACION DE PRODUCTORES AGROPECUARIO NUCLEO 1 ARROYITO', NULL, NULL, NULL, NULL, NULL, '2', '80090333-1', NULL, NULL, NULL),
	(1983, 'IRE', 6, 0, 0, 2, 'COMITE DE PRODUCTORES KA`AGUYRÀ ASENTAMIENTO NUCLEO 5', NULL, NULL, NULL, NULL, NULL, '2', '80065331-9', NULL, NULL, NULL),
	(1984, 'IRE', 6, 0, 0, 2, 'COMITE DE MUJERES DEL ASENTAMIENTO FELIPE OSORIO NUCLEO 4', NULL, NULL, NULL, NULL, NULL, '2', '80088235-0', NULL, NULL, NULL),
	(1985, 'IRE', 6, 0, 0, 2, 'COMISION VECINAL DE FOMENTO Y DESARROLLO NUCLEO RURAL SAN BLAS', NULL, NULL, NULL, NULL, NULL, '2', '80032400-5', NULL, NULL, NULL),
	(1986, 'IRE', 6, 0, 0, 2, 'COMITE DE PRODUCTORES NUCLEO 6 DE LA COMPAÑIA ÑU PYAHU - TAVAI', NULL, NULL, NULL, NULL, NULL, '2', '80063231-1', NULL, NULL, NULL),
	(1987, 'IRE', 6, 0, 0, 2, 'ASENTAMIENTO 11 DE MAYO COMPAÑIA NUCLEO 4 SAN ANTONIO', NULL, NULL, NULL, NULL, NULL, '2', '80059775-3', NULL, NULL, NULL),
	(1988, 'IRE', 6, 0, 0, 2, 'COMITÉ PRODUCTORES/AS 20 DE SETIEMBRE, ASENTAMIENTO ÑU PYAHU - NUCLEO 2', NULL, NULL, NULL, NULL, NULL, '2', '80067421-9', NULL, NULL, NULL),
	(1989, 'IRE', 6, 0, 0, 2, 'ASOCIACIÓN VECINAL CAMPESINA SIN TIERRA ZONA OLERA DEL NUCLEO RURAL COSTA DE SEDA DE SALADILLO', NULL, NULL, NULL, NULL, NULL, '2', '80087917-1', NULL, NULL, NULL),
	(1990, 'IRE', 6, 0, 0, 2, 'COMITE DE PRODUCTORES SAN ROQUE ASENTAMIENTO LA GERMANIA NUCLEO 2 DISTRITO DE NUEVA GERMANIA DEPARTAMENTO DE SAN PEDRO.', NULL, NULL, NULL, NULL, NULL, '2', '80071154-8', NULL, NULL, NULL),
	(1991, 'IRE', 6, 0, 0, 2, 'COMITE DE PRODUCTORES SAN JUAN ASENTAMIENTO LA GERMANINA NUCLEO 1 - DISTRITO NUEVA GERMANIA DPTO.DE SAN PEDRO', NULL, NULL, NULL, NULL, NULL, '2', '80070455-0', NULL, NULL, NULL),
	(1992, 'IRE', 6, 0, 0, 2, 'COMITE SAN ROQUE II ,ASENTAMIENTO LA GERMANIA,NUCLEO 2, DISTRITO DE NUEVA GERMANIA,DEPARTAMENTO DE SAN PEDRO.', NULL, NULL, NULL, NULL, NULL, '2', '80070447-9', NULL, NULL, NULL),
	(1993, 'IRE', 6, 0, 0, 2, 'COMITÉ DE PRODUCTORES DEL ASENTAMIENTO 12 DE JULIO DEL NÚCLEO 1, ASENTAMIENTO 12 DE JULIO, DISTRITO DE SAN PEDRO DEL PARANÁ, DEPARTAMENTO DE ITAPÚA', NULL, NULL, NULL, NULL, NULL, '2', '80105750-7', NULL, NULL, NULL),
	(1994, 'IRE', 6, 0, 0, 2, 'FIDEICOMISO DE GARANTIA TIGO MONEY', NULL, NULL, NULL, NULL, NULL, '2', '80081820-2', NULL, NULL, NULL),
	(1995, 'IRE', 6, 0, 0, 2, 'FIDEICOMISO DE GARANTÍA TIGO MONEY 2', NULL, NULL, NULL, NULL, NULL, '2', '80088892-8', NULL, NULL, NULL),
	(1996, 'IRE', 6, 0, 0, 2, 'ANTELL COMUNICACIONES SA ', NULL, NULL, NULL, NULL, NULL, '2', '80021940-6', NULL, NULL, NULL),
	(1997, 'IRE', 6, 0, 0, 2, 'FIDEICOMISO DE GARANTIA DOMART SA - BANCO ATLAS SA', NULL, NULL, NULL, NULL, NULL, '2', '80103593-7', NULL, NULL, NULL),
	(1998, 'IRE', 6, 0, 0, 2, 'DOMART SA', NULL, NULL, NULL, NULL, NULL, '2', '80084364-9', NULL, NULL, NULL),
	(1999, 'IRE', 6, 0, 0, 2, 'FUNDACION TUPI', NULL, NULL, NULL, NULL, NULL, '2', '80026258-1', NULL, NULL, NULL),
	(2000, 'IRE', 6, 0, 0, 2, 'AGRO TUPI SRL', NULL, NULL, NULL, NULL, NULL, '2', '80056429-4', NULL, NULL, NULL),
	(2001, 'IRE', 6, 0, 0, 2, 'TUPI INMOBILIARIA SRL', NULL, NULL, NULL, NULL, NULL, '2', '80006745-2', NULL, NULL, NULL),
	(2002, 'IRE', 6, 0, 0, 2, 'TUPI IMPORT EXPORT SA', NULL, NULL, NULL, NULL, NULL, '2', '80037591-2', NULL, NULL, NULL),
	(2003, 'IRE', 6, 0, 0, 2, 'TUPI RAMOS GENERALES SA', NULL, NULL, NULL, NULL, NULL, '2', '80031970-2', NULL, NULL, NULL),
	(2004, 'IRE', 6, 0, 0, 2, 'TUPI SAINDUSTRIA Y COMERCIO DE GRANOS', NULL, NULL, NULL, NULL, NULL, '2', '80008996-0', NULL, NULL, NULL),
	(2005, 'IRE', 6, 0, 0, 2, 'TUPI INTERNACIONAL IMPORTACIONEXPORTACION SRL', NULL, NULL, NULL, NULL, NULL, '2', '80005856-9', NULL, NULL, NULL),
	(2006, 'IRE', 6, 0, 0, 2, 'TUGUA TUPI GUARANI SA IMPORT. EXPORT', NULL, NULL, NULL, NULL, NULL, '2', '80090852-0', NULL, NULL, NULL),
	(2007, 'IRE', 6, 0, 0, 2, 'AGROGANADERA TUPI GUARANI SA IMPORTACION - EXPORTACION', NULL, NULL, NULL, NULL, NULL, '2', '80027288-9', NULL, NULL, NULL),
	(2008, 'IRE', 6, 0, 0, 2, 'COOPER. MULTIACT. DE PRODUCC. AHORRO Y CREDITO, CONS. Y SERVICIOS TUPI LIMITADA', NULL, NULL, NULL, NULL, NULL, '2', '80009469-7', NULL, NULL, NULL),
	(2009, 'IRP', 6, 1, 0, 1, 'GRANCE ADORNO, MARIA ELENA', NULL, NULL, NULL, NULL, NULL, '2', '1711856-5', NULL, NULL, NULL),
	(2010, 'IRE', 6, 0, 0, 2, 'GRUPO HENDY SA', NULL, NULL, NULL, NULL, NULL, '2', '80082125-4', NULL, NULL, NULL),
	(2011, 'IRE', 6, 0, 0, 2, 'NUEVA AMERICANA SA', NULL, NULL, NULL, NULL, NULL, '2', '80001513-4', NULL, NULL, NULL),
	(2012, 'IRE', 6, 0, 0, 2, 'ORGANIZACION MINISTERIO ATALAYAS', NULL, NULL, NULL, NULL, NULL, '2', '80065937-6', NULL, NULL, NULL),
	(2013, 'IRE', 6, 0, 0, 2, 'ATALAYA DE INMUEBLES SRL', NULL, NULL, NULL, NULL, NULL, '2', '80002679-9', NULL, NULL, NULL),
	(2014, 'IRE', 6, 0, 0, 2, 'ASOCIACIÓN RADIO COMUNITARIA ATALAYA', NULL, NULL, NULL, NULL, NULL, '2', '80078590-8', NULL, NULL, NULL),
	(2015, 'IRE', 6, 0, 0, 2, 'ATALAYA DE INMUEBLES Y MANDATOS SA', NULL, NULL, NULL, NULL, NULL, '2', '80007737-7', NULL, NULL, NULL),
	(2016, 'IRE', 6, 0, 0, 2, 'ATALAYA SA DE SEGUROS GENERALES', NULL, NULL, NULL, NULL, NULL, '2', '80004518-1', NULL, NULL, NULL),
	(2017, 'IRE', 6, 0, 0, 2, 'ASOCIACION RADIO COMUNITARIA CRISTIANA ATALAYA', NULL, NULL, NULL, NULL, NULL, '2', '80050923-4', NULL, NULL, NULL),
	(2018, 'IRE', 6, 0, 0, 2, 'CANO HERMANOS SRL', NULL, NULL, NULL, NULL, NULL, '2', '80014206-3', NULL, NULL, NULL),
	(2019, 'IRP', 6, 1, 0, 1, 'BUCCI, OSVALDO RICARDO ', NULL, NULL, NULL, NULL, NULL, '2', '1159916-2 ', NULL, NULL, NULL),
	(2020, 'IRE', 6, 0, 0, 2, 'JOSEPH SRL', NULL, NULL, NULL, NULL, NULL, '2', '80047800-2', NULL, NULL, NULL),
	(2021, 'IRE', 6, 0, 0, 2, 'ASOCIACION INTERNACIONAL DE PELUQUEROS INTERCOIFFURE INTERBEAUTE - PARAGUAY', NULL, NULL, NULL, NULL, NULL, '2', '80076902-3', NULL, NULL, NULL),
	(2022, 'IRE', 6, 0, 0, 2, 'VALKYRIE COIFFURE SRL', NULL, NULL, NULL, NULL, NULL, '2', '80067653-0', NULL, NULL, NULL),
	(2023, 'IRE', 6, 0, 0, 2, 'PURO COIFFURE SRL', NULL, NULL, NULL, NULL, NULL, '2', '80107863-6', NULL, NULL, NULL),
	(2024, 'IRE', 6, 0, 0, 2, 'ROSI COIFFURE SRL', NULL, NULL, NULL, NULL, NULL, '2', '80026408-8', NULL, NULL, NULL),
	(2025, 'IRE', 6, 0, 0, 2, 'ROMIMAC COIFFURE SRL', NULL, NULL, NULL, NULL, NULL, '2', '80090639-0', NULL, NULL, NULL),
	(2026, 'IRE', 6, 0, 0, 2, 'LILI COIFFURE SA', NULL, NULL, NULL, NULL, NULL, '2', '80096258-3', NULL, NULL, NULL),
	(2027, 'IRE', 6, 0, 0, 2, 'FABIAN Y ESTHER INTER COIFFEUR SRL', NULL, NULL, NULL, NULL, NULL, '2', '80014365-5', NULL, NULL, NULL),
	(2028, 'IRE', 6, 0, 0, 2, 'VENUS COIFFURE SRL', NULL, NULL, NULL, NULL, NULL, '2', '80111081-5', NULL, NULL, NULL),
	(2029, 'IVA', 6, 0, 0, 1, 'ARCE SALINAS, RICHARD ARTURO', NULL, NULL, NULL, NULL, NULL, '2', '3426620-8', NULL, NULL, NULL),
	(2030, 'IVA', 6, 0, 0, 1, 'HEYN ARCE, RICHARD ARTEMIO', NULL, NULL, NULL, NULL, NULL, '2', '3561812-4', NULL, NULL, NULL),
	(2031, 'IVA', 6, 0, 0, 1, 'FERREIRA ARCE, RICHARD ABEL', NULL, NULL, NULL, NULL, NULL, '2', '4636862-0', NULL, NULL, NULL),
	(2032, 'IVA', 6, 0, 0, 1, 'ARCE GARCIA, RICHARD MANUEL', NULL, NULL, NULL, NULL, NULL, '2', '4221054-2', NULL, NULL, NULL),
	(2033, 'IVA', 6, 0, 0, 1, 'MONGELOS ARCE, RICHARD OSMAR', NULL, NULL, NULL, NULL, NULL, '2', '3408775-3', NULL, NULL, NULL),
	(2034, 'IVA', 6, 0, 0, 1, 'SANABRIA ARCE, RICHARD VICENTE', NULL, NULL, NULL, NULL, NULL, '2', '5192796-9', NULL, NULL, NULL),
	(2035, 'IVA', 6, 1, 0, 1, 'ARCE CACERES, RICHARD FABIAN', NULL, NULL, NULL, NULL, NULL, '2', '2581618-7', NULL, NULL, NULL),
	(2036, 'IVA', 6, 0, 0, 1, 'CASTILLO ARCE, RICHARD EFREN', NULL, NULL, NULL, NULL, NULL, '2', '3530939-3', NULL, NULL, NULL),
	(2037, 'IVA', 6, 0, 0, 1, 'GARCETE, RICHARD NATIVIDAD', NULL, NULL, NULL, NULL, NULL, '2', '6647678-0', NULL, NULL, NULL),
	(2038, 'IVA', 6, 0, 0, 1, 'RICHARD CHAMORRO, MARCELA PALMIRA', NULL, NULL, NULL, NULL, NULL, '2', '3714740-4', NULL, NULL, NULL),
	(2039, 'IVA', 6, 0, 0, 1, 'TORRES PORTILLO, RICHARD MARCELO', NULL, NULL, NULL, NULL, NULL, '2', '4770880-8', NULL, NULL, NULL),
	(2040, 'IVA', 6, 0, 0, 1, 'RICHARD SAUCEDO, CLAUDIO MARCELO', NULL, NULL, NULL, NULL, NULL, '2', '7420450-5', NULL, NULL, NULL),
	(2041, 'IVA', 6, 0, 0, 1, 'GARCETE CARDOZO, RICHARD ARISTIDES', NULL, NULL, NULL, NULL, NULL, '2', '844850-7', NULL, NULL, NULL),
	(2042, 'IVA', 6, 0, 0, 1, 'RIVEROS MEDEN, RICHARD MARCELO', NULL, NULL, NULL, NULL, NULL, '2', '2047041-0', NULL, NULL, NULL),
	(2043, 'IVA', 6, 0, 0, 1, 'DURE SANABRIA, RICHARD MARCELO', NULL, NULL, NULL, NULL, NULL, '2', '3353781-0', NULL, NULL, NULL),
	(2044, 'IVA', 6, 0, 0, 1, 'INSFRAN ORTIZ, RICHARD MARCELO', NULL, NULL, NULL, NULL, NULL, '2', '1476252-8', NULL, NULL, NULL),
	(2045, 'IVA', 6, 0, 0, 1, 'JIMENEZ VELAZQUEZ, RICHARD MARCELO', NULL, NULL, NULL, NULL, NULL, '2', '3376303-8', NULL, NULL, NULL),
	(2046, 'IVA', 6, 0, 0, 1, 'CHAVEZ GARCETE, RICHARD GUALBERTO', NULL, NULL, NULL, NULL, NULL, '2', '2485014-4', NULL, NULL, NULL),
	(2047, 'IVA', 6, 0, 0, 1, 'FERNANDEZ BAEZ, RICHARD MARCEL', NULL, NULL, NULL, NULL, NULL, '2', '3744054-3', NULL, NULL, NULL),
	(2048, 'IVA', 6, 0, 0, 1, 'RAMIREZ BOGADO, RICHARD MARCELO', NULL, NULL, NULL, NULL, NULL, '2', '5083014-7', NULL, NULL, NULL),
	(2049, 'IVA', 6, 0, 0, 1, 'GARCETE ROMERO, RICHARD ALBERTO', NULL, NULL, NULL, NULL, NULL, '2', '2142395-4', NULL, NULL, NULL),
	(2050, 'IVA', 6, 0, 0, 1, 'AGUERO MOREL, RICHARD MARCELO', NULL, NULL, NULL, NULL, NULL, '2', '5667755-3', NULL, NULL, NULL),
	(2051, 'IVA', 6, 0, 0, 1, 'GARCETE ALCARAZ, RICHARD HERNAN', NULL, NULL, NULL, NULL, NULL, '2', '3231447-7', NULL, NULL, NULL),
	(2052, 'IVA', 6, 0, 0, 1, 'GARCETE REYES, RICHARD RENE', NULL, NULL, NULL, NULL, NULL, '2', '3510968-8', NULL, NULL, NULL),
	(2053, 'IVA', 6, 0, 0, 1, 'GARCETE AYALA, RICHARD JAVIER', NULL, NULL, NULL, NULL, NULL, '2', '3669849-0', NULL, NULL, NULL),
	(2054, 'IVA', 6, 0, 0, 1, 'ACOSTA ZARATE, RICHARD MARCELO', NULL, NULL, NULL, NULL, NULL, '2', '4218939-0', NULL, NULL, NULL),
	(2055, 'IVA', 6, 0, 0, 1, 'ROJAS SALINAS, RICHARD MARCELO', NULL, NULL, NULL, NULL, NULL, '2', '4912849-3', NULL, NULL, NULL),
	(2056, 'IRE', 6, 0, 0, 2, 'FERNANDITO GROUP SA', NULL, NULL, NULL, NULL, NULL, '2', '80069154-7', NULL, NULL, NULL);
/*!40000 ALTER TABLE `contribuyente` ENABLE KEYS */;

-- Volcando estructura para tabla pyaeve.empresas
CREATE TABLE IF NOT EXISTS `empresas` (
  `id` int(11) NOT NULL AUTO_INCREMENT,
  `user_id` int(11) NOT NULL DEFAULT '0',
  `exportador` int(1) NOT NULL DEFAULT '0',
  `desc` varchar(255) DEFAULT NULL,
  `ciudad` varchar(45) DEFAULT NULL,
  `direccion` varchar(45) DEFAULT NULL,
  `barrio` varchar(45) DEFAULT NULL,
  `cel` varchar(45) DEFAULT NULL,
  `email` varchar(45) DEFAULT NULL,
  `tipo_doc_id` varchar(45) DEFAULT NULL,
  `tipo_doc_id_codigo` varchar(225) DEFAULT NULL,
  `timbrado_codigo` varchar(255) DEFAULT NULL,
  `timbrado_inicio` date DEFAULT NULL,
  `timbrado_fin` date DEFAULT NULL,
  PRIMARY KEY (`id`)
) ENGINE=InnoDB AUTO_INCREMENT=7 DEFAULT CHARSET=utf8;

-- Volcando datos para la tabla pyaeve.empresas: ~6 rows (aproximadamente)
/*!40000 ALTER TABLE `empresas` DISABLE KEYS */;
INSERT INTO `empresas` (`id`, `user_id`, `exportador`, `desc`, `ciudad`, `direccion`, `barrio`, `cel`, `email`, `tipo_doc_id`, `tipo_doc_id_codigo`, `timbrado_codigo`, `timbrado_inicio`, `timbrado_fin`) VALUES
	(1, 1, 0, 'Pyaeve.com', NULL, NULL, NULL, NULL, NULL, NULL, NULL, NULL, NULL, NULL),
	(2, 0, 0, 'ASTR', 'Piribebuy', 'ghfghfgfghfg', 'Centro', '+595971880010', 'naty@pyaeve.com', '2', '2581618-7', '1234567899', '2020-04-01', '2020-04-30'),
	(3, 0, 0, 'Empresa de Prueba', NULL, NULL, NULL, NULL, NULL, NULL, NULL, NULL, NULL, NULL),
	(4, 0, 0, 'Empresa de Prueba', NULL, NULL, NULL, NULL, NULL, NULL, NULL, NULL, NULL, NULL),
	(5, 0, 0, 'Ortega-Grance & Asoc', NULL, NULL, NULL, NULL, NULL, NULL, NULL, NULL, NULL, NULL),
	(6, 0, 0, 'Ortega-Grance & Asoc', NULL, NULL, NULL, NULL, NULL, NULL, NULL, NULL, NULL, NULL);
/*!40000 ALTER TABLE `empresas` ENABLE KEYS */;

-- Volcando estructura para tabla pyaeve.empresa_usuario
CREATE TABLE IF NOT EXISTS `empresa_usuario` (
  `empresa_id` int(11) DEFAULT NULL,
  `user_id` int(11) DEFAULT NULL
) ENGINE=InnoDB DEFAULT CHARSET=latin1;

-- Volcando datos para la tabla pyaeve.empresa_usuario: ~6 rows (aproximadamente)
/*!40000 ALTER TABLE `empresa_usuario` DISABLE KEYS */;
INSERT INTO `empresa_usuario` (`empresa_id`, `user_id`) VALUES
	(1, 1),
	(2, 2),
	(4, 3),
	(4, 4),
	(4, 5),
	(2, 6),
	(6, 7);
/*!40000 ALTER TABLE `empresa_usuario` ENABLE KEYS */;

-- Volcando estructura para tabla pyaeve.familiares
CREATE TABLE IF NOT EXISTS `familiares` (
  `id` int(11) NOT NULL AUTO_INCREMENT,
  `empresa_id` int(11) NOT NULL DEFAULT '0',
  `cliente_id` int(11) NOT NULL DEFAULT '0',
  `identificacion` varchar(255) DEFAULT NULL,
  `nombre` varchar(255) DEFAULT NULL,
  `regimen` varchar(255) DEFAULT NULL,
  `regimen_texto` varchar(255) DEFAULT NULL,
  `vinculo` varchar(255) DEFAULT NULL,
  `vinculo_texto` varchar(255) DEFAULT NULL,
  `ruc` varchar(255) DEFAULT NULL,
  `periodo` varchar(255) DEFAULT NULL,
  `fecha_nacimiento` date DEFAULT NULL,
  PRIMARY KEY (`id`)
) ENGINE=InnoDB AUTO_INCREMENT=8 DEFAULT CHARSET=utf8;

-- Volcando datos para la tabla pyaeve.familiares: ~7 rows (aproximadamente)
/*!40000 ALTER TABLE `familiares` DISABLE KEYS */;
INSERT INTO `familiares` (`id`, `empresa_id`, `cliente_id`, `identificacion`, `nombre`, `regimen`, `regimen_texto`, `vinculo`, `vinculo_texto`, `ruc`, `periodo`, `fecha_nacimiento`) VALUES
	(1, 1, 2, '12312312312', 'Rosa', '1', NULL, '1', NULL, '45454545-7', '2020', '1983-04-05'),
	(2, 1, 2, '3524578', 'Ernesto', '\r\n\r\n0', NULL, '2', NULL, '45454545-7', '2020', NULL),
	(3, 1, 2, '4257814', 'Gloria', '0', NULL, '2', NULL, '45454545-7', '2020', '2005-12-01'),
	(4, 1, 2, '4257814', 'Gloria', '0', NULL, '2', NULL, '45454545-7', '2020', '2005-12-01'),
	(5, 1, 3, '4257814', 'Gloria', '0', NULL, '2', NULL, '45454545-7', '2020', '2005-12-01'),
	(6, 1, 5, '352578', 'Margareth Gayoso', '4', NULL, '1', NULL, '2581618-7', '2020', '1982-12-23'),
	(7, 1, 8, '1457878', 'Ana', NULL, NULL, '4', NULL, '45454545', '2020', '2000-06-13');
/*!40000 ALTER TABLE `familiares` ENABLE KEYS */;

-- Volcando estructura para tabla pyaeve.groups
CREATE TABLE IF NOT EXISTS `groups` (
  `id` int(11) NOT NULL AUTO_INCREMENT,
  `name` varchar(255) NOT NULL DEFAULT '',
  `createe_at` timestamp NULL DEFAULT NULL,
  `updated_at` timestamp NULL DEFAULT NULL,
  PRIMARY KEY (`id`)
) ENGINE=InnoDB DEFAULT CHARSET=latin1;

-- Volcando datos para la tabla pyaeve.groups: ~0 rows (aproximadamente)
/*!40000 ALTER TABLE `groups` DISABLE KEYS */;
/*!40000 ALTER TABLE `groups` ENABLE KEYS */;

-- Volcando estructura para tabla pyaeve.leyes
CREATE TABLE IF NOT EXISTS `leyes` (
  `id` int(11) NOT NULL AUTO_INCREMENT,
  `pais` varchar(100) NOT NULL DEFAULT '0',
  `nro` int(11) NOT NULL DEFAULT '0',
  `fecha_promulgacion` date NOT NULL,
  `fecha_vigencia` date NOT NULL,
  `autoria` varchar(50) NOT NULL,
  `created_at` timestamp NULL DEFAULT NULL,
  `updated_at` timestamp NULL DEFAULT NULL,
  PRIMARY KEY (`id`)
) ENGINE=InnoDB DEFAULT CHARSET=latin1;

-- Volcando datos para la tabla pyaeve.leyes: ~0 rows (aproximadamente)
/*!40000 ALTER TABLE `leyes` DISABLE KEYS */;
/*!40000 ALTER TABLE `leyes` ENABLE KEYS */;

-- Volcando estructura para tabla pyaeve.libro_compras
CREATE TABLE IF NOT EXISTS `libro_compras` (
  `id` int(11) NOT NULL AUTO_INCREMENT,
  `empresa_id` int(11) NOT NULL DEFAULT '0',
  `cliente_id` int(11) DEFAULT '0',
  `contribuyente` int(11) NOT NULL DEFAULT '0',
  `ruc` varchar(255) DEFAULT NULL,
  `timbrado` int(11) DEFAULT NULL,
  `doc_tipo` int(11) DEFAULT NULL,
  `doc_nro` varchar(255) DEFAULT NULL,
  `fecha` date DEFAULT NULL,
  `total` int(11) DEFAULT NULL,
  `gravadas_10` int(11) DEFAULT NULL,
  `gravadas_total_10` int(11) DEFAULT NULL,
  `gravadas_5` int(11) DEFAULT NULL,
  `gravadas_total_5` int(11) DEFAULT NULL,
  `total_exentas` int(11) DEFAULT NULL,
  `tipo_operacion` int(11) DEFAULT NULL,
  `condicion_compras` int(11) DEFAULT NULL,
  `cuotas` int(11) DEFAULT NULL,
  PRIMARY KEY (`id`)
) ENGINE=InnoDB AUTO_INCREMENT=5 DEFAULT CHARSET=utf8;

-- Volcando datos para la tabla pyaeve.libro_compras: ~3 rows (aproximadamente)
/*!40000 ALTER TABLE `libro_compras` DISABLE KEYS */;
INSERT INTO `libro_compras` (`id`, `empresa_id`, `cliente_id`, `contribuyente`, `ruc`, `timbrado`, `doc_tipo`, `doc_nro`, `fecha`, `total`, `gravadas_10`, `gravadas_total_10`, `gravadas_5`, `gravadas_total_5`, `total_exentas`, `tipo_operacion`, `condicion_compras`, `cuotas`) VALUES
	(1, 1, 106, 8, '', 12345678, 1, '001-001-215454', '2020-05-15', 15800, 15800, 1580, 0, 0, 0, 0, 1, 0),
	(2, 1, 106, 113, '80060246-3', 12345670, 1, '001-001-2122120', '2020-05-11', 250000, 250000, 25000, 0, 0, 0, 0, 1, 0),
	(3, 1, 106, 1, '80001140-6', 45444441, 1, '001-001-2122441', '2020-05-18', 250000, 250000, 25000, 0, 0, 0, 0, 1, 0),
	(4, 1, 106, 115, '80014531-3', 12344444, 1, '001-001-123457', '2020-05-21', 350000, 350000, 35000, 0, 0, 0, 0, 1, 0);
/*!40000 ALTER TABLE `libro_compras` ENABLE KEYS */;

-- Volcando estructura para tabla pyaeve.libro_egreso
CREATE TABLE IF NOT EXISTS `libro_egreso` (
  `id` int(11) NOT NULL AUTO_INCREMENT,
  `empresa_id` int(11) NOT NULL DEFAULT '0',
  `cliente_id` int(11) NOT NULL DEFAULT '0',
  `periodo` varchar(255) NOT NULL DEFAULT '0',
  `tipo` varchar(255) NOT NULL DEFAULT '0',
  `relacionado_tipo_identificacion` varchar(255) NOT NULL DEFAULT '0',
  `fecha` date DEFAULT NULL,
  `id_reg` int(50) DEFAULT '0',
  `ruc` varchar(255) NOT NULL DEFAULT '0',
  `egreso_monto_total` int(50) NOT NULL DEFAULT '0',
  `relacionado_nombres` varchar(255) NOT NULL DEFAULT '0',
  `relacionado_numero_identificacion` varchar(255) NOT NULL DEFAULT '0',
  `timbrado_condicion` varchar(255) DEFAULT '0',
  `timbrado_documento` varchar(255) DEFAULT '0',
  `timbrado_numero` varchar(255) DEFAULT '0',
  `tipo_egreso` varchar(255) NOT NULL DEFAULT '0',
  `tipo_egreso_texto` varchar(255) DEFAULT '0',
  `tipo_texto` varchar(255) DEFAULT '0',
  `sub_tipo_egreso` varchar(255) DEFAULT '0',
  `sub_tipo_egreso_texto` varchar(255) DEFAULT '0',
  `numero_despacho` varchar(255) DEFAULT '0',
  `empleador_identificacion` varchar(255) DEFAULT '0',
  `cuenta_numero` varchar(255) DEFAULT '0',
  `mes` varchar(255) DEFAULT '0',
  `cuenta_razon_social` varchar(255) DEFAULT '0',
  `tipo_documento_otros` varchar(255) DEFAULT '0',
  `numero_documento` varchar(255) DEFAULT '0',
  PRIMARY KEY (`id`)
) ENGINE=InnoDB AUTO_INCREMENT=9 DEFAULT CHARSET=utf8;

-- Volcando datos para la tabla pyaeve.libro_egreso: ~8 rows (aproximadamente)
/*!40000 ALTER TABLE `libro_egreso` DISABLE KEYS */;
INSERT INTO `libro_egreso` (`id`, `empresa_id`, `cliente_id`, `periodo`, `tipo`, `relacionado_tipo_identificacion`, `fecha`, `id_reg`, `ruc`, `egreso_monto_total`, `relacionado_nombres`, `relacionado_numero_identificacion`, `timbrado_condicion`, `timbrado_documento`, `timbrado_numero`, `tipo_egreso`, `tipo_egreso_texto`, `tipo_texto`, `sub_tipo_egreso`, `sub_tipo_egreso_texto`, `numero_despacho`, `empleador_identificacion`, `cuenta_numero`, `mes`, `cuenta_razon_social`, `tipo_documento_otros`, `numero_documento`) VALUES
	(1, 1, 109, '2020', '1', 'RUC', '2020-05-13', 0, '2958201-6', 1500000, 'MACISA (MARIA AUXILIADORA COMERCIAL E INDUSTRIAL S', '80029742-3', 'Contado', '001-001-0012344', '12345678', 'gasto', ' ', 'Gasto', 'GPERS', '0', '0', '0', '0', '0', '0', '0', '0'),
	(2, 1, 109, '2020', '1', 'RUC', '2020-05-05', 0, '2958201-6', 300000, 'SUPER TIENDA SRL', '80097001-2', 'Contado', '001-001-0011111', '12345678', 'gasto', ' ', 'Gasto', 'GACT', '0', '0', '0', '0', '0', '0', '0', '0'),
	(3, 1, 109, '2020', '1', 'RUC', '2020-05-08', 0, '2958201-6', 1000000, 'SUPER MERCADO REAL SRL', '80005313-3', 'Contado', '001-001-0044444', '12345678', 'gasto', ' ', 'Gasto', 'GPERS', '0', '0', '0', '0', '0', '0', '0', '0'),
	(4, 1, 979, '2020', '1', 'RUC', '2020-05-06', 0, '1711856-5', 185000, 'MACISA (MARIA AUXILIADORA COMERCIAL E INDUSTRIAL S', '80029742-3', 'contado', '001-001-1234560', '4544444', 'gasto', ' ', 'Gasto', 'GPERS', '0', '0', '0', '0', '0', '0', '0', '0'),
	(5, 1, 979, '2020', '1', 'RUC', '2020-05-13', 0, '1711856-5', 1000000, 'SUPER TINTAS SRL', '80014531-3', 'contado', '001-001-0055444', '1234567', 'gasto', ' ', 'Gasto', 'GPERS', '0', '0', '0', '0', '0', '0', '0', '0'),
	(6, 1, 988, '2020', '1', 'RUC', '2020-05-11', 0, '1159916-2', 1000000, 'SUPER TINTAS SRL', '80014531-3', 'contado', '001-001-2554555', '1234571', 'gasto', ' ', 'Gasto', 'GACT', '0', '0', '0', '0', '0', '0', '0', '0'),
	(7, 1, 109, '2020', '1', 'RUC', '2020-06-10', 0, '2958201-6', 1000000, 'SUPER MAXIMO SRL', '80014801-0', 'contado', '001-001-0001222', '12345678', 'gasto', ' ', 'Gasto', 'GPERSSINCV', '0', '0', '0', '0', '0', '0', '0', '0'),
	(8, 1, 109, '2020', '1', 'RUC', '2020-06-10', 0, '2958201-6', 1500000, 'SUPER MAXIMO SRL', '80014801-0', 'contado', '001-001-0022222', '25467788', 'gasto', ' ', 'Gasto', 'GPERS', '0', '0', '0', '0', '0', '0', '0', '0');
/*!40000 ALTER TABLE `libro_egreso` ENABLE KEYS */;

-- Volcando estructura para tabla pyaeve.libro_ingreso
CREATE TABLE IF NOT EXISTS `libro_ingreso` (
  `id` int(11) NOT NULL AUTO_INCREMENT,
  `empresa_id` int(11) NOT NULL DEFAULT '0',
  `cliente_id` int(11) NOT NULL DEFAULT '0',
  `tipo` varchar(255) NOT NULL,
  `periodo` varchar(255) NOT NULL,
  `tipo_texto` varchar(255) DEFAULT NULL,
  `fecha` date NOT NULL,
  `ruc` varchar(255) NOT NULL,
  `tipo_ingreso` varchar(255) NOT NULL,
  `tipo_ingresotexto` varchar(255) DEFAULT NULL,
  `id_reg` int(50) DEFAULT NULL,
  `ingreso_monto_gravado` int(50) NOT NULL,
  `ingreso_monto_nogravado` int(50) NOT NULL,
  `ingreso_monto_total` int(50) NOT NULL,
  `timbrado_condicion` varchar(255) DEFAULT NULL,
  `timbrado_documento` varchar(255) DEFAULT NULL,
  `timbrado_numero` varchar(255) DEFAULT NULL,
  `relacionado_tipo_identificacion` varchar(255) DEFAULT NULL,
  `mes` varchar(50) DEFAULT NULL,
  `relacionado_numero_identificacion` varchar(255) DEFAULT NULL,
  `relacionado_nombre` varchar(255) DEFAULT NULL,
  `numero_documento` varchar(255) DEFAULT NULL,
  `cuenta_numero` varchar(255) DEFAULT NULL,
  `cuenta_razon_social` varchar(255) DEFAULT NULL,
  `tipo_documento_otros` varchar(255) DEFAULT NULL,
  PRIMARY KEY (`id`)
) ENGINE=InnoDB AUTO_INCREMENT=11 DEFAULT CHARSET=utf8;

-- Volcando datos para la tabla pyaeve.libro_ingreso: ~4 rows (aproximadamente)
/*!40000 ALTER TABLE `libro_ingreso` DISABLE KEYS */;
INSERT INTO `libro_ingreso` (`id`, `empresa_id`, `cliente_id`, `tipo`, `periodo`, `tipo_texto`, `fecha`, `ruc`, `tipo_ingreso`, `tipo_ingresotexto`, `id_reg`, `ingreso_monto_gravado`, `ingreso_monto_nogravado`, `ingreso_monto_total`, `timbrado_condicion`, `timbrado_documento`, `timbrado_numero`, `relacionado_tipo_identificacion`, `mes`, `relacionado_numero_identificacion`, `relacionado_nombre`, `numero_documento`, `cuenta_numero`, `cuenta_razon_social`, `tipo_documento_otros`) VALUES
	(1, 2, 1, '1', '2020', 'Factura', '2020-04-01', '1234567*-4', 'HPRSP', NULL, NULL, 7000000, 0, 7000000, 'Contado', '001-001-4544001', NULL, 'RUC', NULL, '1234567*-4', 'Gloria Peres', NULL, NULL, NULL, NULL),
	(4, 1, 109, '5', '2020', NULL, '2020-05-04', '2958201-6', 'HPRSP', NULL, NULL, 15000000, 0, 15000000, NULL, NULL, NULL, 'RUC', '5', '80000905-3', 'MINISTERIO DE SALUD PUBLICA Y BIENESTAR SOCIAL', NULL, NULL, NULL, NULL),
	(7, 1, 979, '5', '2020', NULL, '2020-05-04', '1711856-5', 'REMDEP', NULL, NULL, 1500000, 0, 1500000, NULL, '0', '12345678', 'RUC', '5', '80005190-4', 'MINISTERIO DE EDUCACIÓN Y CIENCIAS', NULL, NULL, NULL, NULL),
	(8, 1, 988, '5', '2020', NULL, '2020-04-01', '1159916-2', 'REMDEP', NULL, NULL, 1550000, 0, 1550000, NULL, '0', '55778455', 'RUC', '04', '80001140-6', 'MINISTERIO DEL INTERIOR', NULL, NULL, NULL, NULL),
	(9, 1, 988, '5', '2020', NULL, '2020-05-04', '1159916-2', 'REMDEP', NULL, NULL, 15000000, 0, 15000000, NULL, '0', '12322001', 'RUC', '05', '80050552-2', 'ASOCIACION DE FUNCIONARIOS MINISTERIO DE HACIENDA', NULL, NULL, NULL, NULL),
	(10, 1, 109, '5', '2020', NULL, '2020-06-10', '2958201-6', 'REMDEP', NULL, NULL, 1000000, 0, 1000000, NULL, '0', '12345678', 'RUC', '06', '80108733-3', 'CCP SRL', NULL, NULL, NULL, NULL);
/*!40000 ALTER TABLE `libro_ingreso` ENABLE KEYS */;

-- Volcando estructura para tabla pyaeve.libro_ventas
CREATE TABLE IF NOT EXISTS `libro_ventas` (
  `id` int(11) NOT NULL AUTO_INCREMENT,
  `empresa_id` int(11) NOT NULL DEFAULT '0',
  `cliente_id` int(11) NOT NULL DEFAULT '0',
  `proveedor` int(11) DEFAULT '0',
  `ruc` varchar(255) DEFAULT NULL,
  `doc_tipo` int(11) DEFAULT NULL,
  `doc_nro` varchar(255) DEFAULT NULL,
  `fecha` date DEFAULT NULL,
  `gravadas_10` int(11) DEFAULT NULL,
  `gravadas_total_10` int(11) DEFAULT NULL,
  `gravadas_5` int(11) DEFAULT NULL,
  `gravadas_total_5` int(11) DEFAULT NULL,
  `total_exentas` int(11) DEFAULT NULL,
  `total` int(11) DEFAULT NULL,
  `condicion_de_ventas` int(11) DEFAULT NULL,
  `cuotas` int(11) DEFAULT NULL,
  `timbrado` int(11) DEFAULT NULL,
  PRIMARY KEY (`id`)
) ENGINE=InnoDB AUTO_INCREMENT=5 DEFAULT CHARSET=utf8;

-- Volcando datos para la tabla pyaeve.libro_ventas: ~4 rows (aproximadamente)
/*!40000 ALTER TABLE `libro_ventas` DISABLE KEYS */;
INSERT INTO `libro_ventas` (`id`, `empresa_id`, `cliente_id`, `proveedor`, `ruc`, `doc_tipo`, `doc_nro`, `fecha`, `gravadas_10`, `gravadas_total_10`, `gravadas_5`, `gravadas_total_5`, `total_exentas`, `total`, `condicion_de_ventas`, `cuotas`, `timbrado`) VALUES
	(1, 0, 5, 9, '2581618-7', 1, '001-001-0229818', '2020-03-17', 285600, 28560, 0, 0, 0, 285600, 1, 0, 13649908),
	(2, 1, 106, 101, '80029742-3', 1, '001-001-021221', '2020-05-01', 2500000, 250000, 0, 0, 0, 2750000, 1, 0, 12457800),
	(3, 1, 106, 350, '80081685-4', 1, '001-001-021224', '2020-05-21', 220000, 22000, 0, 0, 0, 242000, 1, 0, 12345677),
	(4, 1, 106, 116, '80014801-0', 1, '001-001-1121221', '2020-04-01', 7500000, 750000, 0, 0, 0, 8250000, 1, 0, 88888888);
/*!40000 ALTER TABLE `libro_ventas` ENABLE KEYS */;

-- Volcando estructura para tabla pyaeve.meta_tags
CREATE TABLE IF NOT EXISTS `meta_tags` (
  `id` int(10) unsigned NOT NULL AUTO_INCREMENT,
  `path` varchar(255) COLLATE utf8_general_ci DEFAULT NULL,
  `metatagable_id` int(11) DEFAULT NULL,
  `metatagable_type` varchar(255) COLLATE utf8_general_ci DEFAULT NULL,
  `title` varchar(255) COLLATE utf8_general_ci DEFAULT NULL,
  `keywords` varchar(255) COLLATE utf8_general_ci DEFAULT NULL,
  `description` text COLLATE utf8_general_ci,
  `h1` varchar(255) COLLATE utf8_general_ci DEFAULT NULL,
  `seo_text` text COLLATE utf8_general_ci,
  `canonical` varchar(255) COLLATE utf8_general_ci DEFAULT NULL,
  `robots` varchar(50) COLLATE utf8_general_ci DEFAULT NULL,
  `changefreq` varchar(10) COLLATE utf8_general_ci DEFAULT NULL,
  `priority` varchar(10) COLLATE utf8_general_ci DEFAULT NULL,
  `created_at` timestamp NULL DEFAULT NULL,
  `updated_at` timestamp NULL DEFAULT NULL,
  PRIMARY KEY (`id`)
) ENGINE=InnoDB DEFAULT CHARSET=utf8 COLLATE=utf8_general_ci;

-- Volcando datos para la tabla pyaeve.meta_tags: ~0 rows (aproximadamente)
/*!40000 ALTER TABLE `meta_tags` DISABLE KEYS */;
/*!40000 ALTER TABLE `meta_tags` ENABLE KEYS */;

-- Volcando estructura para tabla pyaeve.migrations
CREATE TABLE IF NOT EXISTS `migrations` (
  `id` int(10) unsigned NOT NULL AUTO_INCREMENT,
  `migration` varchar(255) COLLATE utf8_general_ci NOT NULL,
  `batch` int(11) NOT NULL,
  PRIMARY KEY (`id`)
) ENGINE=InnoDB AUTO_INCREMENT=3 DEFAULT CHARSET=utf8 COLLATE=utf8_general_ci;

-- Volcando datos para la tabla pyaeve.migrations: ~0 rows (aproximadamente)
/*!40000 ALTER TABLE `migrations` DISABLE KEYS */;
INSERT INTO `migrations` (`id`, `migration`, `batch`) VALUES
	(1, '2020_03_26_005128_create_permission_tables', 1),
	(2, '2020_04_23_210717_create_meta_tags_table', 2);
/*!40000 ALTER TABLE `migrations` ENABLE KEYS */;

-- Volcando estructura para tabla pyaeve.model_has_permissions
CREATE TABLE IF NOT EXISTS `model_has_permissions` (
  `permission_id` int(10) unsigned NOT NULL,
  `model_type` varchar(255) COLLATE utf8_general_ci NOT NULL,
  `model_id` bigint(20) unsigned NOT NULL
) ENGINE=InnoDB DEFAULT CHARSET=utf8 COLLATE=utf8_general_ci;

-- Volcando datos para la tabla pyaeve.model_has_permissions: ~0 rows (aproximadamente)
/*!40000 ALTER TABLE `model_has_permissions` DISABLE KEYS */;
/*!40000 ALTER TABLE `model_has_permissions` ENABLE KEYS */;

-- Volcando estructura para tabla pyaeve.model_has_roles
CREATE TABLE IF NOT EXISTS `model_has_roles` (
  `role_id` int(10) unsigned NOT NULL,
  `model_type` varchar(255) COLLATE utf8_general_ci NOT NULL,
  `model_id` bigint(20) unsigned NOT NULL
) ENGINE=InnoDB DEFAULT CHARSET=utf8 COLLATE=utf8_general_ci;

-- Volcando datos para la tabla pyaeve.model_has_roles: ~6 rows (aproximadamente)
/*!40000 ALTER TABLE `model_has_roles` DISABLE KEYS */;
INSERT INTO `model_has_roles` (`role_id`, `model_type`, `model_id`) VALUES
	(1, 'App\\User', 1),
	(3, 'App\\User', 2),
	(3, 'App\\User', 3),
	(4, 'App\\User', 4),
	(4, 'App\\User', 5),
	(4, 'App\\User', 6),
	(3, 'App\\User', 7);
/*!40000 ALTER TABLE `model_has_roles` ENABLE KEYS */;

-- Volcando estructura para tabla pyaeve.password_resets
CREATE TABLE IF NOT EXISTS `password_resets` (
  `email` varchar(255) COLLATE utf8_general_ci NOT NULL,
  `token` varchar(255) COLLATE utf8_general_ci NOT NULL,
  `created_at` timestamp NULL DEFAULT NULL
) ENGINE=InnoDB DEFAULT CHARSET=utf8 COLLATE=utf8_general_ci;

-- Volcando datos para la tabla pyaeve.password_resets: ~0 rows (aproximadamente)
/*!40000 ALTER TABLE `password_resets` DISABLE KEYS */;
/*!40000 ALTER TABLE `password_resets` ENABLE KEYS */;

-- Volcando estructura para tabla pyaeve.permissions
CREATE TABLE IF NOT EXISTS `permissions` (
  `id` int(10) unsigned NOT NULL AUTO_INCREMENT,
  `name` varchar(255) COLLATE utf8_general_ci NOT NULL,
  `guard_name` varchar(255) COLLATE utf8_general_ci NOT NULL,
  `created_at` timestamp NULL DEFAULT NULL,
  `updated_at` timestamp NULL DEFAULT NULL,
  PRIMARY KEY (`id`)
) ENGINE=InnoDB AUTO_INCREMENT=5 DEFAULT CHARSET=utf8 COLLATE=utf8_general_ci;

-- Volcando datos para la tabla pyaeve.permissions: ~4 rows (aproximadamente)
/*!40000 ALTER TABLE `permissions` DISABLE KEYS */;
INSERT INTO `permissions` (`id`, `name`, `guard_name`, `created_at`, `updated_at`) VALUES
	(1, 'cargar_contribuyente', 'web', '2020-03-26 02:32:40', '2020-03-26 02:32:40'),
	(2, 'editar_contribuyente', 'web', '2020-03-26 02:32:40', '2020-03-26 02:32:40'),
	(3, 'borrar_contribuyente', 'web', '2020-03-26 02:32:40', '2020-03-26 02:32:40'),
	(4, 'listar_contribuyente', 'web', '2020-03-26 02:32:40', '2020-03-26 02:32:40');
/*!40000 ALTER TABLE `permissions` ENABLE KEYS */;

-- Volcando estructura para tabla pyaeve.regimen_matrimonial
CREATE TABLE IF NOT EXISTS `regimen_matrimonial` (
  `id` int(11) NOT NULL AUTO_INCREMENT,
  `desc` varchar(50) NOT NULL DEFAULT '0',
  PRIMARY KEY (`id`)
) ENGINE=InnoDB AUTO_INCREMENT=5 DEFAULT CHARSET=latin1;

-- Volcando datos para la tabla pyaeve.regimen_matrimonial: ~4 rows (aproximadamente)
/*!40000 ALTER TABLE `regimen_matrimonial` DISABLE KEYS */;
INSERT INTO `regimen_matrimonial` (`id`, `desc`) VALUES
	(1, 'Comunidad de gananciales bajo administracion conju'),
	(2, 'Regimen de participacion diferida'),
	(3, 'Regimen de separacion de bienes'),
	(4, 'Union de hecho');
/*!40000 ALTER TABLE `regimen_matrimonial` ENABLE KEYS */;

-- Volcando estructura para tabla pyaeve.regimen_tributario
CREATE TABLE IF NOT EXISTS `regimen_tributario` (
  `codigo` varchar(50) DEFAULT NULL,
  `desc` varchar(50) DEFAULT NULL
) ENGINE=InnoDB DEFAULT CHARSET=latin1;

-- Volcando datos para la tabla pyaeve.regimen_tributario: ~3 rows (aproximadamente)
/*!40000 ALTER TABLE `regimen_tributario` DISABLE KEYS */;
INSERT INTO `regimen_tributario` (`codigo`, `desc`) VALUES
	('IVA', 'Impuesto al Valor Agregado'),
	('IRP', 'Impuesto a la Renta Personal'),
	('IRE', 'Impuesto a la Renta Empresarial');
/*!40000 ALTER TABLE `regimen_tributario` ENABLE KEYS */;

-- Volcando estructura para tabla pyaeve.roles
CREATE TABLE IF NOT EXISTS `roles` (
  `id` int(10) unsigned NOT NULL AUTO_INCREMENT,
  `name` varchar(255) COLLATE utf8_general_ci NOT NULL,
  `guard_name` varchar(255) COLLATE utf8_general_ci NOT NULL,
  `created_at` timestamp NULL DEFAULT NULL,
  `updated_at` timestamp NULL DEFAULT NULL,
  PRIMARY KEY (`id`)
) ENGINE=InnoDB AUTO_INCREMENT=6 DEFAULT CHARSET=utf8 COLLATE=utf8_general_ci;

-- Volcando datos para la tabla pyaeve.roles: ~5 rows (aproximadamente)
/*!40000 ALTER TABLE `roles` DISABLE KEYS */;
INSERT INTO `roles` (`id`, `name`, `guard_name`, `created_at`, `updated_at`) VALUES
	(1, 'Developer', 'web', '2020-03-26 02:32:39', '2020-03-26 02:32:39'),
	(2, 'Admin', 'web', '2020-04-02 16:53:33', '2020-04-02 16:53:33'),
	(3, 'Contador', 'web', NULL, NULL),
	(4, 'Colaborador', 'web', NULL, NULL),
	(5, 'Afiliado', 'web', NULL, NULL);
/*!40000 ALTER TABLE `roles` ENABLE KEYS */;

-- Volcando estructura para tabla pyaeve.role_has_permissions
CREATE TABLE IF NOT EXISTS `role_has_permissions` (
  `permission_id` int(10) unsigned NOT NULL,
  `role_id` int(10) unsigned NOT NULL,
  PRIMARY KEY (`permission_id`,`role_id`),
  KEY `role_has_permissions_role_id_foreign` (`role_id`),
  CONSTRAINT `role_has_permissions_permission_id_foreign` FOREIGN KEY (`permission_id`) REFERENCES `permissions` (`id`) ON DELETE CASCADE,
  CONSTRAINT `role_has_permissions_role_id_foreign` FOREIGN KEY (`role_id`) REFERENCES `roles` (`id`) ON DELETE CASCADE
) ENGINE=InnoDB DEFAULT CHARSET=utf8 COLLATE=utf8_general_ci;

-- Volcando datos para la tabla pyaeve.role_has_permissions: ~4 rows (aproximadamente)
/*!40000 ALTER TABLE `role_has_permissions` DISABLE KEYS */;
INSERT INTO `role_has_permissions` (`permission_id`, `role_id`) VALUES
	(1, 1),
	(2, 1),
	(3, 1),
	(4, 1);
/*!40000 ALTER TABLE `role_has_permissions` ENABLE KEYS */;

-- Volcando estructura para tabla pyaeve.subtipo_egreso
CREATE TABLE IF NOT EXISTS `subtipo_egreso` (
  `id` int(11) NOT NULL AUTO_INCREMENT,
  `egreso` varchar(50) NOT NULL DEFAULT '0',
  `codigo` varchar(255) DEFAULT NULL,
  `desc` varchar(255) DEFAULT NULL,
  PRIMARY KEY (`id`),
  KEY `codigo` (`codigo`),
  KEY `desc` (`desc`)
) ENGINE=InnoDB AUTO_INCREMENT=26 DEFAULT CHARSET=latin1;

-- Volcando datos para la tabla pyaeve.subtipo_egreso: ~25 rows (aproximadamente)
/*!40000 ALTER TABLE `subtipo_egreso` DISABLE KEYS */;
INSERT INTO `subtipo_egreso` (`id`, `egreso`, `codigo`, `desc`) VALUES
	(1, 'gasto', 'GPERS', 'Gastos personales y de familiares a cargo realizados en el país '),
	(2, 'gasto', 'GPERSSINCV', 'Gastos personales y de familiares a cargo realizados en el país, cuando'),
	(3, 'gasto', 'GACT', 'Gastos relacionados a la actividad gravada realizados en el país '),
	(4, 'gasto', 'DONAC', 'Donaciones'),
	(5, 'gasto', 'PREST', 'Amortización o cancelación de préstamos obtenidos antes de ser'),
	(6, 'gasto', 'CUOTA', 'Cuotas de capital de las financiaciones, así como los intereses, las'),
	(7, 'inversion_actividad', 'MEH', 'Muebles, Equipos y Herramientas'),
	(8, 'inversion_actividad', 'IMM', 'Adquisición de inmuebles, construcción o mejoras de inmuebles '),
	(9, 'GASTO', 'EDU', 'Educación'),
	(10, 'gasto', 'COLOC', 'Colocaciones de dinero '),
	(11, 'gasto', 'DESCJBPN', 'Descuentos legales por Aporte al Régimen de Jubilaciones y Pensiones'),
	(12, 'gasto', 'REMDEP', 'Salarios y otras remuneraciones pagados a trabajadores dependientes '),
	(13, 'gasto', 'APRTSS', 'Aportes al régimen de seguridad social en carácter de empleador '),
	(14, 'gasto', 'GPERSEXT', 'Gastos personales y de familiares a cargo realizados en el exterior '),
	(15, 'gasto', 'GACTEXT', 'Gastos relacionados a la actividad gravada realizados en el exterior '),
	(16, 'gasto', 'GSTADM', 'Intereses, comisiones y demás gastos administrativos '),
	(17, 'gasto', 'RECPOS', 'Intereses, comisiones y otros recargos pagados por los préstamos'),
	(18, 'gasto', 'CMPOF', 'Compra de útiles de oficina, gastos de limpieza y mantenimiento '),
	(19, 'gasto', 'GSTACT', 'Otros gastos realizados relacionados a la actividad gravada'),
	(20, 'gasto', 'REMINDEP', 'Honorarios y otras remuneraciones pagados al personal independiente '),
	(21, 'gasto', 'GSTACTEXT', 'Gastos realizados en el exterior relacionados a la actividad gravada '),
	(22, 'gasto', 'OG', 'Otros gastos realizados en el ejercicio '),
	(23, 'gasto', 'INVLF', 'Inversión en licencias, franquicias y otros similares'),
	(24, 'gasto', 'INVFLEXT', 'Inversión en licencias, franquicias y otros similares, adquiridos del'),
	(25, 'gasto', 'IMPBIENES', 'Importación ocasional de bienes ');
/*!40000 ALTER TABLE `subtipo_egreso` ENABLE KEYS */;

-- Volcando estructura para tabla pyaeve.tipos_vinculo
CREATE TABLE IF NOT EXISTS `tipos_vinculo` (
  `id` int(11) NOT NULL AUTO_INCREMENT,
  `desc` varchar(255) DEFAULT NULL,
  PRIMARY KEY (`id`)
) ENGINE=InnoDB AUTO_INCREMENT=7 DEFAULT CHARSET=latin1;

-- Volcando datos para la tabla pyaeve.tipos_vinculo: ~6 rows (aproximadamente)
/*!40000 ALTER TABLE `tipos_vinculo` DISABLE KEYS */;
INSERT INTO `tipos_vinculo` (`id`, `desc`) VALUES
	(1, 'Conyugue'),
	(2, 'Hijos'),
	(3, 'Padres'),
	(4, 'Hermanos'),
	(5, 'Abuelos'),
	(6, 'Suegros');
/*!40000 ALTER TABLE `tipos_vinculo` ENABLE KEYS */;

-- Volcando estructura para tabla pyaeve.tipo_doc_de_identificacion
CREATE TABLE IF NOT EXISTS `tipo_doc_de_identificacion` (
  `id` int(11) NOT NULL AUTO_INCREMENT,
  `desc` varchar(255) NOT NULL DEFAULT '0',
  PRIMARY KEY (`id`)
) ENGINE=InnoDB AUTO_INCREMENT=4 DEFAULT CHARSET=utf8;

-- Volcando datos para la tabla pyaeve.tipo_doc_de_identificacion: ~3 rows (aproximadamente)
/*!40000 ALTER TABLE `tipo_doc_de_identificacion` DISABLE KEYS */;
INSERT INTO `tipo_doc_de_identificacion` (`id`, `desc`) VALUES
	(1, 'CEDULA DE IDENTIDAD'),
	(2, 'RUC'),
	(3, 'PASAPORTE');
/*!40000 ALTER TABLE `tipo_doc_de_identificacion` ENABLE KEYS */;

-- Volcando estructura para tabla pyaeve.tipo_doc_egreso
CREATE TABLE IF NOT EXISTS `tipo_doc_egreso` (
  `id` int(11) NOT NULL AUTO_INCREMENT,
  `codigo` varchar(255) NOT NULL,
  `desc` varchar(255) NOT NULL,
  PRIMARY KEY (`id`)
) ENGINE=InnoDB AUTO_INCREMENT=14 DEFAULT CHARSET=utf8;

-- Volcando datos para la tabla pyaeve.tipo_doc_egreso: ~13 rows (aproximadamente)
/*!40000 ALTER TABLE `tipo_doc_egreso` DISABLE KEYS */;
INSERT INTO `tipo_doc_egreso` (`id`, `codigo`, `desc`) VALUES
	(1, '1', 'Factura'),
	(2, '2', 'Autofactura'),
	(3, '3', 'Boleta de venta'),
	(4, '4', 'Nota de credito'),
	(5, '5', 'Liquidacion de salarios'),
	(6, '6', 'Extracto de cuenta de ips'),
	(7, '7', 'Extracto de tarjeta de credito/tarjeta de debito'),
	(8, '9', 'Transferencias o giros bancarios/boleta de deposito '),
	(9, '10', 'Comprobante del exterior legalizado '),
	(10, '11', 'Comprobante del ingreso de entidades publicas, religiosas o de beneficio publico'),
	(11, '12', 'Ticket (maquina registradora)'),
	(12, '13', 'Despacho de importacion '),
	(13, '14', 'Otros comprobantes que respaldan los egresos (pasaje aereos, entradas a espectaculos publicos, boletos de transporte publicos) o cuando no exista  la obligacion de emitir comprobantes de venta');
/*!40000 ALTER TABLE `tipo_doc_egreso` ENABLE KEYS */;

-- Volcando estructura para tabla pyaeve.tipo_doc_ingreso
CREATE TABLE IF NOT EXISTS `tipo_doc_ingreso` (
  `id` int(11) NOT NULL AUTO_INCREMENT,
  `codigo` varchar(255) NOT NULL,
  `desc` varchar(255) NOT NULL,
  PRIMARY KEY (`id`)
) ENGINE=InnoDB AUTO_INCREMENT=6 DEFAULT CHARSET=utf8;

-- Volcando datos para la tabla pyaeve.tipo_doc_ingreso: ~5 rows (aproximadamente)
/*!40000 ALTER TABLE `tipo_doc_ingreso` DISABLE KEYS */;
INSERT INTO `tipo_doc_ingreso` (`id`, `codigo`, `desc`) VALUES
	(1, '1', 'Factura'),
	(2, '4', 'Nota credito'),
	(3, '5', 'Liquidacion de salario'),
	(4, '8', 'Extracto de cuenta( cuando no exista la obligacion de emitir comprobantes de venta)'),
	(5, '14', 'Otros documentos que respaldan los ingresos( cuando no exista la obligacion de emitir comprobantes de venta)');
/*!40000 ALTER TABLE `tipo_doc_ingreso` ENABLE KEYS */;

-- Volcando estructura para tabla pyaeve.tipo_egreso
CREATE TABLE IF NOT EXISTS `tipo_egreso` (
  `id` int(11) NOT NULL AUTO_INCREMENT,
  `codigo` varchar(255) NOT NULL,
  `desc` varchar(255) NOT NULL,
  PRIMARY KEY (`id`)
) ENGINE=InnoDB AUTO_INCREMENT=4 DEFAULT CHARSET=utf8;

-- Volcando datos para la tabla pyaeve.tipo_egreso: ~3 rows (aproximadamente)
/*!40000 ALTER TABLE `tipo_egreso` DISABLE KEYS */;
INSERT INTO `tipo_egreso` (`id`, `codigo`, `desc`) VALUES
	(1, 'gasto', 'Gasto'),
	(2, 'inversion_actividad', 'Inversiones relacionadas a la actividad gravada '),
	(3, 'inversion_persona', 'Inversiones personales y de familiares a cargo');
/*!40000 ALTER TABLE `tipo_egreso` ENABLE KEYS */;

-- Volcando estructura para tabla pyaeve.tipo_ingreso
CREATE TABLE IF NOT EXISTS `tipo_ingreso` (
  `id` int(11) NOT NULL AUTO_INCREMENT,
  `codigo` varchar(255) NOT NULL,
  `desc` varchar(255) NOT NULL,
  PRIMARY KEY (`id`)
) ENGINE=InnoDB AUTO_INCREMENT=15 DEFAULT CHARSET=utf8;

-- Volcando datos para la tabla pyaeve.tipo_ingreso: ~14 rows (aproximadamente)
/*!40000 ALTER TABLE `tipo_ingreso` DISABLE KEYS */;
INSERT INTO `tipo_ingreso` (`id`, `codigo`, `desc`) VALUES
	(1, 'HPRSP', 'Honorarios profesionales y otras remuneraciones percibidas por servicios personales '),
	(2, 'HPR', 'Honorarios profesionales y otras remuneraciones percibidas'),
	(3, 'DU', 'Dividendos y utilidades'),
	(4, 'VO', 'Venta ocasional de inmuebles, cesion de derechos, venta de titulos, acciones, cuotas de capital y similar '),
	(5, 'IPCMI', 'Intereses, comisiones o rendimientos de capitales mobiliarios e inmobiliarios(ej venta de bienes muebles, alquiler de muebles e inmuebles)'),
	(6, 'OI', 'Otros ingresos gravados o no gravados por el irp'),
	(7, 'IPCM', 'Intereses, comisiones o rendimientos de capitales mobiliarios'),
	(8, 'VIAT', 'Viaticos'),
	(9, 'REMDEP', 'Salarios y cualquier otra remuneracion obtenida en relacion de dependencia'),
	(10, 'AGUI', 'Aguinaldo'),
	(11, 'RET', 'Jubilaciones, pensiones y haberes de retiro'),
	(12, 'INDEM', 'Indemnizaciones por causa de muerte o incapacidad total o parcial, por enfermedad, por maternidad, por accidente o por despido'),
	(13, 'PREMIO', 'Premios de dinero ganados en juegos de azar o en concursos'),
	(14, 'LH', 'Legados y herencias');
/*!40000 ALTER TABLE `tipo_ingreso` ENABLE KEYS */;

-- Volcando estructura para tabla pyaeve.tipo_vinculo
CREATE TABLE IF NOT EXISTS `tipo_vinculo` (
  `id` int(11) NOT NULL AUTO_INCREMENT,
  `desc` varchar(255) NOT NULL DEFAULT '0',
  PRIMARY KEY (`id`)
) ENGINE=InnoDB AUTO_INCREMENT=8 DEFAULT CHARSET=latin1;

-- Volcando datos para la tabla pyaeve.tipo_vinculo: ~7 rows (aproximadamente)
/*!40000 ALTER TABLE `tipo_vinculo` DISABLE KEYS */;
INSERT INTO `tipo_vinculo` (`id`, `desc`) VALUES
	(1, 'Conyugue'),
	(2, 'Hijos'),
	(3, 'Padres'),
	(4, 'Hermanos'),
	(5, 'Abuelos'),
	(6, 'Suegros'),
	(7, 'Otras personas respecto a las cuales exista la obligacion legal de prestar alimentos');
/*!40000 ALTER TABLE `tipo_vinculo` ENABLE KEYS */;

-- Volcando estructura para tabla pyaeve.users
CREATE TABLE IF NOT EXISTS `users` (
  `id` int(10) unsigned NOT NULL AUTO_INCREMENT,
  `name` varchar(255) COLLATE utf8_general_ci NOT NULL,
  `sername` varchar(255) COLLATE utf8_general_ci DEFAULT NULL,
  `email` varchar(255) COLLATE utf8_general_ci NOT NULL,
  `password` varchar(255) COLLATE utf8_general_ci NOT NULL,
  `password_text` varchar(255) COLLATE utf8_general_ci DEFAULT NULL,
  `remember_token` varchar(255) COLLATE utf8_general_ci DEFAULT NULL,
  `ws` varchar(255) COLLATE utf8_general_ci DEFAULT NULL,
  `activation_status` int(11) DEFAULT '0',
  `activation_at` timestamp NULL DEFAULT NULL,
  `activation_code` varchar(100) COLLATE utf8_general_ci DEFAULT NULL,
  `created_at` timestamp NULL DEFAULT NULL,
  `updated_at` timestamp NULL DEFAULT NULL,
  PRIMARY KEY (`id`)
) ENGINE=InnoDB AUTO_INCREMENT=8 DEFAULT CHARSET=utf8 COLLATE=utf8_general_ci;

-- Volcando datos para la tabla pyaeve.users: ~6 rows (aproximadamente)
/*!40000 ALTER TABLE `users` DISABLE KEYS */;
INSERT INTO `users` (`id`, `name`, `sername`, `email`, `password`, `password_text`, `remember_token`, `ws`, `activation_status`, `activation_at`, `activation_code`, `created_at`, `updated_at`) VALUES
	(1, 'Richard', NULL, 'richard.arce@pyaeve.com', '$2y$10$LxREyCJ6vORlFSZiHqpyJuw2oStXsjYaK80mio5bWEI4VCkLJ5rHy', '', '2WQpKlHitwuTfYOm1nweUujcCMbF5y20hFMQogBU3acxDcUkJys40RYhPl5n', '', 0, '0000-00-00 00:00:00', '3foB38fvok9hkhKWIy7mYXSuHqf1CqnwtxUqmpKou6xX0oHkddSpKfLO95o4', '2020-04-25 01:13:00', '2020-04-25 01:13:00'),
	(2, 'Naty', 'Medina', 'naty@pyaeve.com', '$2y$10$H6s4uIskporLJrwG61bglO8KtLJ.xcX9fv0FqYAy/iApfGDxY20wC', '', NULL, '', 0, '0000-00-00 00:00:00', '1ibPgKPfK8bIlygRW0w9cpJ3izsU17WQn2SNQT83ttKqFrOxa5tCvKslBHPK', '2020-04-29 04:55:39', '2020-04-29 04:55:39'),
	(3, 'Juan', 'Lezme', 'hola@pyaeve.com', '$2y$10$riySoQySZCt0A1Ho4rybtu4Z.rhs/hpaR0vwfTSEdEmpv6QmcyFf.', '', NULL, '', 0, '0000-00-00 00:00:00', 'ud4w957joyrEwtDtanqcxSQI0fk4iaLrpTYoNBG2HvWOyDbsGutdxVIiwkjj', '2020-05-17 02:51:51', '2020-05-17 02:51:51'),
	(4, 'Colaborador', 'Demo', 'colaborador@pyaeve.com', '$2y$10$WooX4dW/IFHmLMHg1h/Bnepaa7mZyt.LnHtPW4oHB9K/SyXsGnuJm', '', NULL, '', 0, '0000-00-00 00:00:00', NULL, '2020-05-17 03:16:36', '2020-05-17 03:16:36'),
	(5, 'Colaborador2', 'Demo', 'colaborador2@pyaeve.com', '$2y$10$275XMSZ6jUFOTqZuOD7wXOCgi35080ViWwKa26vAbAdXaeg4GQptG', '', NULL, '', 0, '0000-00-00 00:00:00', 'PZbRgiB9F22hQYUI6zhhTBcBSAHXmPxSTmp1cjkLtCAUdJ5NYQM8ewQw4UGB', '2020-05-17 03:17:59', '2020-05-17 03:17:59'),
	(6, 'Colaborador', 'Demo', 'colaboradordemo@pyaeve.com', '$2y$10$.7QY5CNFQuG3w75eWzwHbenLJzkpprFzXSiYKisqn0t/8./jrOoiW', '', NULL, '', 0, '0000-00-00 00:00:00', NULL, '2020-05-17 03:28:54', '2020-05-17 03:28:54'),
	(7, 'Carlos', 'Ortega', 'ortega-grance@pyaeve.com', '$2y$10$Hk/FwK/eWmlIo5gxvZvWv.4Gu1ist5lY05MnqfFWPWNOlH5kACyqC', '123456789', 'uAYsagyWqdEfD5adpfZbxAqEfwAsUma7b3psZ6ProuAhBOZNizSrS1W2y5M8', NULL, 0, NULL, '386FdaSPvSExq4qvBWmT', '2020-05-23 19:27:17', '2020-05-23 19:27:17');
/*!40000 ALTER TABLE `users` ENABLE KEYS */;

-- Volcando estructura para procedimiento pyaeve.FNC_DAME_ROLE_ID()
DELIMITER //
CREATE DEFINER=`root`@`localhost` PROCEDURE `FNC_DAME_ROLE_ID()`(
	IN `_user` INT
)
BEGIN
	DECLARE ret VARCHAR(50);
--	SELECT t1.name FROM r
END//
DELIMITER ;

-- Volcando estructura para procedimiento pyaeve.PRO_BORRAR_REGISTROS_LIBROS_VENTAS
DELIMITER //
CREATE DEFINER=`root`@`localhost` PROCEDURE `PRO_BORRAR_REGISTROS_LIBROS_VENTAS`(
	IN `_empresa_id` INT,
	IN `_cliente_id` INT,
	IN `_f1` VARCHAR(50),
	IN `_f2` VARCHAR(50)
)
BEGIN
	DELETE FROM libro_ventas 
	WHERE empresa_id=_empresa_id AND
	cliente_id=_cliente_id AND (fecha BETWEEN _f1 AND _f2);
END//
DELIMITER ;

-- Volcando estructura para procedimiento pyaeve.PRO_HECHAUKA_COMPRAS_DETALLES
DELIMITER //
CREATE DEFINER=`root`@`localhost` PROCEDURE `PRO_HECHAUKA_COMPRAS_DETALLES`(
	IN `_empresa_id` INT,
	IN `_id` INT,
	IN `f1` VARCHAR(50),
	IN `f2` VARCHAR(50)
)
BEGIN
select '2' as TipoReg ,
SPLIT_STR(FNC_DAME_RUC(t1.contribuyente), '-',1) as ruc,
SPLIT_STR(FNC_DAME_RUC(t1.contribuyente), '-',2) as dv,
FNC_DAME_CONTRIBUYENTE_NOMBRE(t1.contribuyente) as Proveedor,
t1.timbrado AS 'timbrado',
t1.doc_tipo as 'doc_tipo',
t1.doc_nro as 'doc_nro',
t1.fecha as 'fecha',
t1.gravadas_10 as 'gravadas_10',
t1.gravadas_total_10 'gravadas_total_10',
t1.gravadas_5 as  'gravadas_5',
t1.gravadas_total_5 as 'gravadas_total_5',
t1.total_exentas as 'exentas',
t1.total as total,
t1.tipo_operacion as 'tipo_operacion',
t1.condicion_compras as 'condicion',
t1.cuotas as 'cuotas'

  from libro_compras as t1
  where t1.cliente_id = _id and t1.empresa_id= _empresa_id and ( t1.fecha BETWEEN f1 and f2);

END//
DELIMITER ;

-- Volcando estructura para procedimiento pyaeve.PRO_HECHAUKA_VENTAS_DETALLES
DELIMITER //
CREATE DEFINER=`root`@`localhost` PROCEDURE `PRO_HECHAUKA_VENTAS_DETALLES`(
	IN `_empresa_id` INT,
	IN `_cliente_id` INT,
	IN `_f1` VARCHAR(50),
	IN `_f2` VARCHAR(50)
)
BEGIN
SELECT '2' as TipoReg ,SPLIT_STR(TRIM(t1.ruc), '-',1) AS RUC, SPLIT_STR(TRIM(t1.ruc), '-',2) as DV,
FNC_DAME_CONTRIBUYENTE_NOMBRE(t1.proveedor) as Proveedor,t1.doc_tipo,t1.doc_nro,t1.fecha,
t1.gravadas_10,t1.gravadas_total_10,t1.gravadas_5,t1.gravadas_total_5,
t1.total_exentas,t1.total as total,t1.condicion_de_ventas,t1.cuotas,t1.timbrado
  FROM libro_ventas AS t1
  WHERE t1.cliente_id = _cliente_id AND t1.empresa_id = _empresa_id AND( t1.fecha BETWEEN _f1 AND _f2);

END//
DELIMITER ;

-- Volcando estructura para procedimiento pyaeve.PRO_LISTART_REGIMEN_TRIBUTARIO
DELIMITER //
CREATE DEFINER=`root`@`localhost` PROCEDURE `PRO_LISTART_REGIMEN_TRIBUTARIO`()
BEGIN
	SELECT t1.codigo, t1.desc  FROM regimen_tributario AS t1;
END//
DELIMITER ;

-- Volcando estructura para procedimiento pyaeve.PRO_LISTAR_COLABORADORES
DELIMITER //
CREATE DEFINER=`root`@`localhost` PROCEDURE `PRO_LISTAR_COLABORADORES`(
	IN `_empresa_id` INT
)
BEGIN
	SELECT * FROM empresa_usuario AS t3
	INNER JOIN 
	(SELECT * FROM users AS t1
	INNER JOIN model_has_roles AS t2 
	ON t2.model_id=t1.id
	WHERE t2.role_id=4) AS t4
	ON t3.user_id=t4.id AND t3.empresa_id=_empresa_id;
END//
DELIMITER ;

-- Volcando estructura para procedimiento pyaeve.PRO_LISTAR_CONTADORES
DELIMITER //
CREATE DEFINER=`root`@`localhost` PROCEDURE `PRO_LISTAR_CONTADORES`(
	IN `_empresa_id` INT
)
BEGIN
	SELECT * FROM empresa_usuario AS t3
	INNER JOIN 
	(SELECT * FROM users AS t1
	INNER JOIN model_has_roles AS t2 
	ON t2.model_id=t1.id
	WHERE t2.role_id=3) AS t4
	ON t3.user_id=t4.id AND t3.empresa_id=_empresa_id;
END//
DELIMITER ;

-- Volcando estructura para procedimiento pyaeve.PRO_LISTAR_CONTIBUYENTES_FISICOS
DELIMITER //
CREATE DEFINER=`root`@`localhost` PROCEDURE `PRO_LISTAR_CONTIBUYENTES_FISICOS`()
BEGIN
SELECT 
Concat (t1.nombre,' ',t1.apellido) as 'CONTRIBUYENTE',
FNC_DAME_TIPO_DE_DOCUMENTACION (t1.tipo_doc_id) as 'TIPO DE DOC',
t1.tipo_doc_id_codigo as 'DOC NUMERO',
t1.direccion AS 'DIRECCION'

 FROM contribuyente as t1;
END//
DELIMITER ;

-- Volcando estructura para procedimiento pyaeve.PRO_LISTAR_CONTRIBUYENTES_CLIENTES_TODOS
DELIMITER //
CREATE DEFINER=`root`@`localhost` PROCEDURE `PRO_LISTAR_CONTRIBUYENTES_CLIENTES_TODOS`(
	IN `_empresa_id` INT
)
BEGIN
SELECT t1.id,t1.desc as contribuyente  
from contribuyente as t1
where  t1.cliente=1 AND  t1.empresa_id=_empresa_id;

END//
DELIMITER ;

-- Volcando estructura para procedimiento pyaeve.PRO_LISTAR_CONTRIBUYENTES_JURIDICOS
DELIMITER //
CREATE DEFINER=`root`@`localhost` PROCEDURE `PRO_LISTAR_CONTRIBUYENTES_JURIDICOS`()
BEGIN
SELECT 
t1.desc as 'DESCRIPCION',
FNC_DAME_TIPO_DE_DOCUMENTACION (t1.tipo_doc_id) as 'TIPO DE DOC',
t1.tipo_doc_id_codigo as 'DOC NUMERO',
t1.direccion AS 'DIRECCION'

 FROM contribuyente as t1;
END//
DELIMITER ;

-- Volcando estructura para procedimiento pyaeve.PRO_LISTAR_CONTRIBUYENTES_NO_CLIENTES_TODOS
DELIMITER //
CREATE DEFINER=`root`@`localhost` PROCEDURE `PRO_LISTAR_CONTRIBUYENTES_NO_CLIENTES_TODOS`(
	IN `_empresa_id` INT
)
BEGIN
SELECT t1.id,CONCAT(t1.tipo_doc_id_codigo,' | ',t1.desc) as contribuyente  from contribuyente as t1
where  t1.cliente=0  AND t1.empresa_id=_empresa_id;



 
END//
DELIMITER ;

-- Volcando estructura para procedimiento pyaeve.PRO_LISTAR_CONTRIBUYENTES_TODOS
DELIMITER //
CREATE DEFINER=`root`@`localhost` PROCEDURE `PRO_LISTAR_CONTRIBUYENTES_TODOS`(
	IN `_empresa_id` INT,
	IN `_reg` VARCHAR(50)
)
BEGIN

SELECT t1.id,CONCAT(t1.tipo_doc_id_codigo,' | ',t1.desc) as contribuyente
FROM contribuyente AS t1
WHERE t1.empresa_id=_empresa_id  AND t1.regimen=_reg;
END//
DELIMITER ;

-- Volcando estructura para procedimiento pyaeve.PRO_LISTAR_CONTRIBUYENTES_TODOS_MENOS
DELIMITER //
CREATE DEFINER=`root`@`localhost` PROCEDURE `PRO_LISTAR_CONTRIBUYENTES_TODOS_MENOS`(
	IN `_empresa_id` INT,
	IN `_contribuyente_id` INT
)
BEGIN
SELECT t1.id,CONCAT(t1.tipo_doc_id_codigo,' | ',  t1.desc) as contribuyente
FROM contribuyente AS t1
WHERE NOT t1.id=_contribuyente_id AND t1.empresa_id=_empresa_id ;
END//
DELIMITER ;

-- Volcando estructura para procedimiento pyaeve.PRO_LISTAR_CONTRIBUYENTES_WEB_CLIENTES_TODOS
DELIMITER //
CREATE DEFINER=`root`@`localhost` PROCEDURE `PRO_LISTAR_CONTRIBUYENTES_WEB_CLIENTES_TODOS`(
	IN `_empresa_id` INT,
	IN `_reg` VARCHAR(50)
)
BEGIN
	IF _reg='Todos' OR _reg ='todos' OR _reg='TODOS' THEN
		SELECT t1.id AS 'ID',
			 t1.regimen AS 'REGIMEN',
			 t1.`desc` AS 'CONTRIBUYENTE',
			 FNC_CONTRIBUYENTE_ES_CLIENTE(t1.empresa_id, t1.id) AS 'CLIENTE',
			 FNC_DAME_TIPO_DE_DOCUMENTACION(t1.tipo_doc_id) as 'TIPODOC',
			 FNC_DAME_CONTRIBUYENTE_TIPO(t1.id) AS 'TIPO',
			 t1.tipo_doc_id_codigo as 'NRODOC',
			 t1.direccion AS 'DIRECCION', 
			 t1.ciudad AS 'CIUDAD', t1.cel AS 'TEL', 
			 t1.email AS 'EMAIL', 
			 t1.timbrado_codigo AS 'TIMBRADO_NRO',
			 t1.timbrado_inicio AS 'TIMBRADO_INICIO',
			 t1.timbrado_fin AS 'TIMBRADO_FIN'
 		FROM contribuyente as t1
		WHERE t1.cliente=1 AND t1.empresa_id=_empresa_id
		ORDER BY t1.desc ASC;	
	ELSE
		SELECT t1.id AS 'ID',
			 t1.regimen AS 'REGIMEN',
			 t1.`desc` AS 'CONTRIBUYENTE',
			 FNC_DAME_TIPO_DE_DOCUMENTACION(t1.tipo_doc_id) as 'TIPODOC',
			 FNC_DAME_CONTRIBUYENTE_TIPO(t1.id) AS 'TIPO',
			 t1.tipo_doc_id_codigo as 'NRODOC',
			 t1.direccion AS 'DIRECCION', 
			 t1.ciudad AS 'CIUDAD', t1.cel AS 'TEL', 
			 t1.email AS 'EMAIL', 
			 t1.timbrado_codigo AS 'TIMBRADO_NRO',
			 t1.timbrado_inicio AS 'TIMBRADO_INICIO',
			 t1.timbrado_fin AS 'TIMBRADO_FIN'
 		FROM contribuyente as t1
		WHERE t1.cliente=1 AND t1.empresa_id=_empresa_id AND t1.regimen=_reg
		ORDER BY t1.desc ASC;
	END IF;
END//
DELIMITER ;

-- Volcando estructura para procedimiento pyaeve.PRO_LISTAR_CONTRIBUYENTES_WEB_FISICOS
DELIMITER //
CREATE DEFINER=`root`@`localhost` PROCEDURE `PRO_LISTAR_CONTRIBUYENTES_WEB_FISICOS`(
	IN `_empresa_id` INT,
	IN `_regimen` VARCHAR(50)
)
BEGIN
	
 	IF _regimen='Todos' OR _regimen='todos' OR _regimen='TODOS' THEN
 		SELECT t1.id AS 'ID',
 		 t1.regimen AS 'REGIMEN',
			 t1.desc AS 'CONTRIBUYENTE',
			 FNC_DAME_TIPO_DE_DOCUMENTACION(t1.tipo_doc_id) as 'TIPODOC',
			 FNC_CONTRIBUYENTE_ES_CLIENTE(_empresa_id,t1.id) AS 'CLIENTE',
			 t1.tipo_doc_id_codigo as 'NRODOC',
			 t1.direccion AS 'DIRECCION', 
			 t1.ciudad AS 'CIUDAD', t1.cel AS 'TEL', 
			 t1.email AS 'EMAIL', 
			 t1.timbrado_codigo AS 'TIMBRADO_NRO',
			 t1.timbrado_inicio AS 'TIMBRADO_INICIO',
			 t1.timbrado_fin AS 'TIMBRADO_FIN'
 	FROM contribuyente as t1
	WHERE t1.tipo_contribuyente=1 AND t1.empresa_id=_empresa_id
	ORDER BY t1.cliente,t1.desc ASC;
	 else
 	
 
 	SELECT t1.id AS 'ID',
 	 t1.regimen AS 'REGIMEN',
			 t1.desc AS 'CONTRIBUYENTE',
			 FNC_DAME_TIPO_DE_DOCUMENTACION(t1.tipo_doc_id) as 'TIPODOC',
			 FNC_CONTRIBUYENTE_ES_CLIENTE(_empresa_id,t1.id) AS 'CLIENTE',
			 t1.tipo_doc_id_codigo as 'NRODOC',
			 t1.direccion AS 'DIRECCION', 
			 t1.ciudad AS 'CIUDAD', t1.cel AS 'TEL', 
			 t1.email AS 'EMAIL', 
			 t1.timbrado_codigo AS 'TIMBRADO_NRO',
			 t1.timbrado_inicio AS 'TIMBRADO_INICIO',
			 t1.timbrado_fin AS 'TIMBRADO_FIN'
 	FROM contribuyente as t1
	WHERE t1.tipo_contribuyente=1 AND t1.empresa_id=_empresa_id AND t1.regimen=_regimen
	ORDER BY t1.cliente,t1.desc ASC;
	END IF;
END//
DELIMITER ;

-- Volcando estructura para procedimiento pyaeve.PRO_LISTAR_CONTRIBUYENTES_WEB_JURIDICOS
DELIMITER //
CREATE DEFINER=`root`@`localhost` PROCEDURE `PRO_LISTAR_CONTRIBUYENTES_WEB_JURIDICOS`(
	IN `_ide` INT,
	IN `_reg` VARCHAR(50)
)
BEGIN
	IF _reg='Todos' OR _reg='todos' OR _reg='TODOS' THEN
 		SELECT t1.id AS 'ID',
 		 t1.regimen AS 'REGIMEN',
			 t1.desc AS 'CONTRIBUYENTE',
			 FNC_DAME_TIPO_DE_DOCUMENTACION(t1.tipo_doc_id) as 'TIPODOC',
			 FNC_CONTRIBUYENTE_ES_CLIENTE(_ide,t1.id) AS 'CLIENTE',
			 t1.tipo_doc_id_codigo as 'NRODOC',
			 t1.direccion AS 'DIRECCION', 
			 t1.ciudad AS 'CIUDAD', t1.cel AS 'TEL', 
			 t1.email AS 'EMAIL', 
			 t1.timbrado_codigo AS 'TIMBRADO_NRO',
			 t1.timbrado_inicio AS 'TIMBRADO_INICIO',
			 t1.timbrado_fin AS 'TIMBRADO_FIN'
 	FROM contribuyente as t1
	WHERE t1.tipo_contribuyente=2 AND t1.empresa_id=_ide
	ORDER BY t1.cliente,t1.desc ASC;
	 else
 	
 
 	SELECT t1.id AS 'ID',
 	 t1.regimen AS 'REGIMEN',
			 t1.desc AS 'CONTRIBUYENTE',
			 FNC_DAME_TIPO_DE_DOCUMENTACION(t1.tipo_doc_id) as 'TIPODOC',
			 FNC_CONTRIBUYENTE_ES_CLIENTE(_ide,t1.id) AS 'CLIENTE',
			 t1.tipo_doc_id_codigo as 'NRODOC',
			 t1.direccion AS 'DIRECCION', 
			 t1.ciudad AS 'CIUDAD', t1.cel AS 'TEL', 
			 t1.email AS 'EMAIL', 
			 t1.timbrado_codigo AS 'TIMBRADO_NRO',
			 t1.timbrado_inicio AS 'TIMBRADO_INICIO',
			 t1.timbrado_fin AS 'TIMBRADO_FIN'
 	FROM contribuyente as t1
	WHERE t1.tipo_contribuyente=2 AND t1.empresa_id=_ide AND t1.regimen=_reg
	ORDER BY t1.cliente,t1.desc ASC;
	END IF;
	
END//
DELIMITER ;

-- Volcando estructura para procedimiento pyaeve.PRO_LISTAR_CONTRIBUYENTES_WEB_NO_CLIENTES_TODOS
DELIMITER //
CREATE DEFINER=`root`@`localhost` PROCEDURE `PRO_LISTAR_CONTRIBUYENTES_WEB_NO_CLIENTES_TODOS`(
	IN `_empresa_id` INT,
	IN `_reg` CHAR(50)
)
BEGIN
	IF _reg='Todos' OR _reg ='todos' OR _reg='TODOS' THEN
		SELECT t1.id AS 'ID',
			 t1.regimen AS 'REGIMEN',
			 t1.`desc` AS 'CONTRIBUYENTE',
			 FNC_CONTRIBUYENTE_ES_CLIENTE(t1.empresa_id, t1.id) AS 'CLIENTE',
			 FNC_DAME_TIPO_DE_DOCUMENTACION(t1.tipo_doc_id) as 'TIPODOC',
			 FNC_DAME_CONTRIBUYENTE_TIPO(t1.id) AS 'TIPO',
			 t1.tipo_doc_id_codigo as 'NRODOC',
			 t1.direccion AS 'DIRECCION', 
			 t1.ciudad AS 'CIUDAD', t1.cel AS 'TEL', 
			 t1.email AS 'EMAIL', 
			 t1.timbrado_codigo AS 'TIMBRADO_NRO',
			 t1.timbrado_inicio AS 'TIMBRADO_INICIO',
			 t1.timbrado_fin AS 'TIMBRADO_FIN'
 		FROM contribuyente as t1
		WHERE t1.cliente=0 AND t1.empresa_id=_empresa_id;	
	ELSE
		SELECT t1.id AS 'ID',
			 t1.regimen AS 'REGIMEN',
			 t1.`desc` AS 'CONTRIBUYENTE',
			 FNC_DAME_TIPO_DE_DOCUMENTACION(t1.tipo_doc_id) as 'TIPODOC',
			 FNC_DAME_CONTRIBUYENTE_TIPO(t1.id) AS 'TIPO',
			 t1.tipo_doc_id_codigo as 'NRODOC',
			 t1.direccion AS 'DIRECCION', 
			 t1.ciudad AS 'CIUDAD', t1.cel AS 'TEL', 
			 t1.email AS 'EMAIL', 
			 t1.timbrado_codigo AS 'TIMBRADO_NRO',
			 t1.timbrado_inicio AS 'TIMBRADO_INICIO',
			 t1.timbrado_fin AS 'TIMBRADO_FIN'
 		FROM contribuyente as t1
		WHERE t1.cliente=0 AND t1.empresa_id=_empresa_id AND t1.regimen=_reg;
	END IF;
END//
DELIMITER ;

-- Volcando estructura para procedimiento pyaeve.PRO_LISTAR_EMPRESAS
DELIMITER //
CREATE DEFINER=`root`@`localhost` PROCEDURE `PRO_LISTAR_EMPRESAS`()
BEGIN

	SELECT t1.id AS 'ID',
			 t1.`desc` AS 'EMPRESA',
			 FNC_DAME_TIPO_DE_DOCUMENTACION(t1.tipo_doc_id) as 'TIPODOC',	
			 t1.tipo_doc_id_codigo as 'NRODOC',
			 t1.direccion AS 'DIRECCION', 
			 t1.ciudad AS 'CIUDAD', t1.cel AS 'TEL', 
			 t1.email AS 'EMAIL', 
			 t1.timbrado_codigo AS 'TIMBRADO_NRO',
			 t1.timbrado_inicio AS 'TIMBRADO_INICIO',
			 t1.timbrado_fin AS 'TIMBRADO_FIN'
 	FROM empresas as t1;
	
END//
DELIMITER ;

-- Volcando estructura para procedimiento pyaeve.PRO_LISTAR_FAMILIARES
DELIMITER //
CREATE DEFINER=`root`@`localhost` PROCEDURE `PRO_LISTAR_FAMILIARES`(
	IN `_id` INT
)
BEGIN
	SELECT t1.id, 
	t1.nombre, 
	t1.identificacion, 
	t1.vinculo, 
	FNC_DAME_VINCULO_TEXTO(t1.vinculo) AS vinculo_texto, t1.regimen, FNC_DAME_REGIMEN_TEXTO(t1.regimen) AS regimen_texto, t1.fecha_nacimiento AS fecha FROM familiares AS t1 WHERE t1.cliente_id=_id;
END//
DELIMITER ;

-- Volcando estructura para procedimiento pyaeve.PRO_LISTAR_REGIMEN_MATRIMONIAL
DELIMITER //
CREATE DEFINER=`root`@`localhost` PROCEDURE `PRO_LISTAR_REGIMEN_MATRIMONIAL`()
BEGIN
	SELECT * FROM regimen_matrimonial;
END//
DELIMITER ;

-- Volcando estructura para procedimiento pyaeve.PRO_LISTAR_SUBTIPO_EGRESO
DELIMITER //
CREATE DEFINER=`root`@`localhost` PROCEDURE `PRO_LISTAR_SUBTIPO_EGRESO`(
	IN `_egreso` VARCHAR(50)
)
BEGIN
	SELECT t1.codigo, t1.desc FROM subtipo_egreso AS t1 WHERE t1.egreso=_egreso;
END//
DELIMITER ;

-- Volcando estructura para procedimiento pyaeve.PRO_LISTAR_TIPO_DOC_EGRESO
DELIMITER //
CREATE DEFINER=`root`@`localhost` PROCEDURE `PRO_LISTAR_TIPO_DOC_EGRESO`()
BEGIN
SELECT * FROM tipo_doc_egreso;
END//
DELIMITER ;

-- Volcando estructura para procedimiento pyaeve.PRO_LISTAR_TIPO_DOC_IDENT
DELIMITER //
CREATE DEFINER=`root`@`localhost` PROCEDURE `PRO_LISTAR_TIPO_DOC_IDENT`()
BEGIN
	SELECT * FROM tipo_doc_de_identificacion;
END//
DELIMITER ;

-- Volcando estructura para procedimiento pyaeve.PRO_LISTAR_TIPO_DOC_INGRESO
DELIMITER //
CREATE DEFINER=`root`@`localhost` PROCEDURE `PRO_LISTAR_TIPO_DOC_INGRESO`()
BEGIN
SELECT * FROM tipo_doc_ingreso;
END//
DELIMITER ;

-- Volcando estructura para procedimiento pyaeve.PRO_LISTAR_TIPO_EGRESO
DELIMITER //
CREATE DEFINER=`root`@`localhost` PROCEDURE `PRO_LISTAR_TIPO_EGRESO`()
BEGIN
	SELECT * FROM tipo_egreso AS t1 ORDER BY t1.id ASC;
END//
DELIMITER ;

-- Volcando estructura para procedimiento pyaeve.PRO_LISTAR_TIPO_INGRESO
DELIMITER //
CREATE DEFINER=`root`@`localhost` PROCEDURE `PRO_LISTAR_TIPO_INGRESO`()
BEGIN
	SELECT * FROM tipo_ingreso AS t1 ORDER BY t1.id ASC;
END//
DELIMITER ;

-- Volcando estructura para procedimiento pyaeve.PRO_LISTAR_TIPO_VINCULO
DELIMITER //
CREATE DEFINER=`root`@`localhost` PROCEDURE `PRO_LISTAR_TIPO_VINCULO`()
BEGIN
	SELECT * FROM tipos_vinculo AS t1 ORDER BY t1.desc ASC;
END//
DELIMITER ;

-- Volcando estructura para procedimiento pyaeve.PRO_VER_CONTRIBUYENTE
DELIMITER //
CREATE DEFINER=`root`@`localhost` PROCEDURE `PRO_VER_CONTRIBUYENTE`(
	IN `_eid` INT,
	IN `_cid` INT
)
BEGIN
		DECLARE tipo INT(11);
		SELECT t1.tipo_contribuyente FROM contribuyente AS t1 
		WHERE t1.id=_cid AND t1.empresa_id=_eid
		INTO tipo;
		IF tipo=1 THEN
			SELECT t1.id AS 'ID',
			t1.desc AS 'CONTRIBUYENTE',
			 FNC_DAME_TIPO_DE_DOCUMENTACION(t1.tipo_doc_id) as 'TIPODOC',
			 FNC_DAME_CONTRIBUYENTE_TIPO(t1.id) AS 'TIPO',
			 t1.tipo_doc_id_codigo as 'NRODOC',
			 t1.direccion AS 'DIRECCION', 
			 t1.ciudad AS 'CIUDAD', t1.cel AS 'TEL', 
			 t1.email AS 'EMAIL', 
			 t1.timbrado_codigo AS 'TIMBRADO_NRO',
			 t1.timbrado_inicio AS 'TIMBRADO_INICIO',
			 t1.timbrado_fin AS 'TIMBRADO_FIN'
 			FROM contribuyente as t1
			WHERE  t1.id=_cid AND t1.empresa_id=_eid;
		ELSEIF tipo=2 THEN
			SELECT t1.id AS 'ID',
			t1.desc AS 'CONTRIBUYENTE',
			 FNC_DAME_TIPO_DE_DOCUMENTACION(t1.tipo_doc_id) as 'TIPODOC',
			 FNC_DAME_CONTRIBUYENTE_TIPO(t1.id) AS 'TIPO',
			 t1.tipo_doc_id_codigo as 'NRODOC',
			 t1.direccion AS 'DIRECCION', 
			 t1.ciudad AS 'CIUDAD', t1.cel AS 'TEL', 
			 t1.email AS 'EMAIL', 
			 t1.timbrado_codigo AS 'TIMBRADO_NRO',
			 t1.timbrado_inicio AS 'TIMBRADO_INICIO',
			 t1.timbrado_fin AS 'TIMBRADO_FIN'
 			FROM contribuyente as t1
			WHERE  t1.id=_cid AND t1.empresa_id=_eid;
		END IF;
		
	

END//
DELIMITER ;

-- Volcando estructura para procedimiento pyaeve.PRO_VER_EGRESOS
DELIMITER //
CREATE DEFINER=`root`@`localhost` PROCEDURE `PRO_VER_EGRESOS`(
	IN `_p` VARCHAR(50),
	IN `_c` INT
)
BEGIN
	SELECT 
		t1.periodo,
		t1.tipo,
		t1.relacionado_tipo_identificacion AS 'relacionadoTipoIdentificacion',
		t1.fecha, 
		t1.id,
		SPLIT_STR(t1.ruc, "-", 1) AS ruc,
		t1.egreso_monto_total AS 'egresoMontoTotal',
		t1.relacionado_nombres AS 'relacionadoNombres',
		SPLIT_STR(t1.relacionado_numero_identificacion, "-", 1) AS 'relacionadoNumeroIdentificacion',
		t1.timbrado_condicion AS 'timbradoCondicion',
		t1.timbrado_documento AS 'timbradoDocumento',
		t1.timbrado_numero AS 'timbradoNumero',
		t1.tipo_egreso AS 'tipoEgreso',
		t1.tipo_egreso_texto AS 'tipoEgresoTexto',
		FNC_DAME_TIPO_DOC_EGRESO(t1.tipo) AS 'tipoTexto',
	
		
		t1.sub_tipo_egreso AS 'subtipoEgreso',
			t1.sub_tipo_egreso_texto AS 'subtipoEgresoTexto',
			null AS 'numeroDespacho'
		
		
	FROM libro_egreso AS  t1
	WHERE t1.cliente_id=_c AND t1.periodo=_p;
	
END//
DELIMITER ;

-- Volcando estructura para procedimiento pyaeve.PRO_VER_EMPRESA
DELIMITER //
CREATE DEFINER=`root`@`localhost` PROCEDURE `PRO_VER_EMPRESA`(
	IN `_user_id` INT
)
BEGIN
	DECLARE _empresa_id INT(11);
	SELECT FNC_DAME_EMPRESA_ID(_user_id) INTO _empresa_id;
	SELECT t1.id AS 'ID',
			 t1.`desc` AS 'EMPRESA',
			 FNC_DAME_TIPO_DE_DOCUMENTACION(t1.tipo_doc_id) as 'TIPODOC',	
			 t1.tipo_doc_id_codigo as 'NRODOC',
			 t1.direccion AS 'DIRECCION', 
			 t1.ciudad AS 'CIUDAD', t1.cel AS 'TEL', 
			 t1.email AS 'EMAIL', 
			 t1.timbrado_codigo AS 'TIMBRADO_NRO',
			 t1.timbrado_inicio AS 'TIMBRADO_INICIO',
			 t1.timbrado_fin AS 'TIMBRADO_FIN'
 	FROM empresas as t1
	WHERE t1.id=_empresa_id;
END//
DELIMITER ;

-- Volcando estructura para procedimiento pyaeve.PRO_VER_INGRESOS
DELIMITER //
CREATE DEFINER=`root`@`localhost` PROCEDURE `PRO_VER_INGRESOS`(
	IN `_p` VARCHAR(50),
	IN `_c` INT
)
BEGIN
	SELECT 
		t1.tipo,
		t1.periodo,
		FNC_DAME_TIPO_DOC_INGRESO(t1.tipo) AS 'tipoTexto',
		t1.fecha, 
		SPLIT_STR(t1.ruc, "-", 1) AS ruc,
		t1.tipo_ingreso AS 'tipoIngreso',
		t1.tipo_ingresotexto AS 'tipoIngresoTexto',
		t1.id,
		t1.ingreso_monto_gravado AS 'ingresoMontoGravado',
		t1.ingreso_monto_nogravado AS 'ingresoMontoNoGravado',
		t1.ingreso_monto_total AS 'ingresoMontoTotal',
		t1.timbrado_condicion AS 'timbradoCondicion',
		t1.timbrado_documento AS 'timbradoDocumento',
		t1.timbrado_numero AS 'timbradoNumero',
		t1.relacionado_tipo_identificacion AS 'relacionadoTipoIdentificacion',
		t1.mes AS 'mes',
		SPLIT_STR(t1.relacionado_numero_identificacion,'-',1) AS 'relacionadoNumeroIdentificacion',
		t1.relacionado_nombre AS 'relacionadoNombres'
	FROM libro_ingreso AS  t1
	WHERE t1.cliente_id=_c AND t1.periodo=_p;
	
END//
DELIMITER ;

-- Volcando estructura para procedimiento pyaeve.PRO_VER_RESUMEN_COMPRAS
DELIMITER //
CREATE DEFINER=`root`@`localhost` PROCEDURE `PRO_VER_RESUMEN_COMPRAS`(
	IN `_empresa_id` INT,
	IN `_cliente_id` INT,
	IN `_f1` VARCHAR(50),
	IN `_f2` VARCHAR(50)
)
BEGIN
	SELECT 
		t1.fecha,
		t1.doc_nro,
		'FACTURA' AS doc_tipo,
		t1.total AS total
	FROM libro_compras AS t1
	WHERE t1.empresa_id=_empresa_id AND 
			t1.cliente_id=_cliente_id AND
			(t1.fecha BETWEEN _f1 AND _f2)
	;
END//
DELIMITER ;

-- Volcando estructura para procedimiento pyaeve.PRO_VER_RESUMEN_EGRESOS
DELIMITER //
CREATE DEFINER=`root`@`localhost` PROCEDURE `PRO_VER_RESUMEN_EGRESOS`(
	IN `_p` VARCHAR(50),
	IN `_c` INT
)
BEGIN
SELECT 
		t1.id,
		t1.fecha, 
		t1.timbrado_documento AS nro_doc,
		FNC_DAME_TIPO_DOC_EGRESO(t1.tipo) AS tipo_doc,
		CONCAT(t1.sub_tipo_egreso,' ', FNC_DAME_SUBTIPO_EGRESO_TEXTO(t1.sub_tipo_egreso)) AS tipo_egreso,
		t1.egreso_monto_total AS egreso_total
	FROM libro_egreso AS t1
	WHERE t1.cliente_id=_c AND t1.periodo=_p;
END//
DELIMITER ;

-- Volcando estructura para procedimiento pyaeve.PRO_VER_RESUMEN_INGRESOS
DELIMITER //
CREATE DEFINER=`root`@`localhost` PROCEDURE `PRO_VER_RESUMEN_INGRESOS`(
	IN `_p` VARCHAR(50),
	IN `_c` INT
)
BEGIN
	SELECT 
		t1.id,
		t1.fecha, 
		t1.timbrado_documento AS nro_doc,
		FNC_DAME_TIPO_DOC_INGRESO(t1.tipo) AS tipo_doc,
		CONCAT(t1.tipo_ingreso,' ',FNC_DAME_TIPO_INGRESO_TEXTO(t1.tipo_ingreso)) AS tipo_ingreso,
		t1.ingreso_monto_total AS ingreso_total
	FROM libro_ingreso AS t1
	WHERE t1.cliente_id=_c AND t1.periodo=_p;
END//
DELIMITER ;

-- Volcando estructura para procedimiento pyaeve.PRO_VER_RESUMEN_VENTAS
DELIMITER //
CREATE DEFINER=`root`@`localhost` PROCEDURE `PRO_VER_RESUMEN_VENTAS`(
	IN `_empresa_id` INT,
	IN `_cliente_id` INT,
	IN `_f1` VARCHAR(50),
	IN `_f2` VARCHAR(50)
)
BEGIN
	SELECT 
		t1.fecha,
		t1.doc_nro,
		'FACTURA' AS doc_tipo,
		t1.total
	FROM libro_ventas AS t1
	WHERE t1.empresa_id=_empresa_id AND 
			t1.cliente_id=_cliente_id AND
			(t1.fecha BETWEEN _f1 AND _f2)
	;
END//
DELIMITER ;

-- Volcando estructura para función pyaeve.FNC_CONTRIBUYENTE_ES_CLIENTE
DELIMITER //
CREATE DEFINER=`root`@`localhost` FUNCTION `FNC_CONTRIBUYENTE_ES_CLIENTE`(
	`_empresa_id` INT,
	`_cliente_id` INT
) RETURNS varchar(2) CHARSET utf8
BEGIN
	DECLARE ret VARCHAR(2);
	SELECT IF(t1.cliente=0,'No','Si') AS Cliente 
	FROM contribuyente AS t1 
	WHERE t1.id=_cliente_id AND t1.empresa_id=_empresa_id
	INTO ret;
	IF(ret IS NULL) THEN
        SET ret = 'No';
    END IF;

	RETURN ret;
END//
DELIMITER ;

-- Volcando estructura para función pyaeve.FNC_CONTRIBUYENTE_EXISTE
DELIMITER //
CREATE DEFINER=`root`@`localhost` FUNCTION `FNC_CONTRIBUYENTE_EXISTE`(
	`_empresa_id` INT,
	`_cliente_ruc` INT
) RETURNS varchar(50) CHARSET utf8
BEGIN
	DECLARE ret VARCHAR(50);
	
	SELECT IF(t1.id=0,'No','Si') AS existe FROM contribuyente AS t1
	WHERE t1.empresa_id=_empresa_id AND (
	t1.tipo_doc_id=2 AND t1.tipo_doc_id_codigo=_cliente_ruc)
	INTO ret ;
	IF(ret IS NULL) THEN
		SET ret='No';
	END IF;
	RETURN ret;
	
END//
DELIMITER ;

-- Volcando estructura para función pyaeve.FNC_DAME_COMPRAS_TOTAL
DELIMITER //
CREATE DEFINER=`root`@`localhost` FUNCTION `FNC_DAME_COMPRAS_TOTAL`(
	`_empresa_id` INT,
	`_cliente_id` INT,
	`_f1` VARCHAR(50),
	`_f2` VARCHAR(50)
) RETURNS int(11)
BEGIN
DECLARE ret INT(11);
	SELECT SUM(t1.total)  AS total 
	FROM libro_compras AS t1
	WHERE t1.cliente_id=_cliente_id AND t1.empresa_id =_empresa_id AND
	(t1.fecha BETWEEN _f1 AND _f2)
	INTO ret;
	RETURN ret;
END//
DELIMITER ;

-- Volcando estructura para función pyaeve.FNC_DAME_CONTRIBUYENTES_TOTAL
DELIMITER //
CREATE DEFINER=`root`@`localhost` FUNCTION `FNC_DAME_CONTRIBUYENTES_TOTAL`(
	`_empresa_id` INT,
	`_tipo` INT,
	`_cliente` INT
) RETURNS int(11)
BEGIN
	DECLARE _total INT(11);
	IF _tipo=0 THEN
		IF _cliente = 0 THEN
			SELECT COUNT(t1.id) AS total FROM contribuyente AS t1 WHERE t1.cliente=0 AND t1.empresa_id=_empresa_id
			 INTO _total;
		ELSEIF _cliente=1 THEN
			SELECT COUNT(t1.id) AS total FROM contribuyente AS t1 WHERE t1.cliente=1 AND t1.empresa_id=_empresa_id INTO _total;	
		ELSEIF _cliente=2 then
				SELECT COUNT(t1.id) AS total FROM contribuyente AS t1 WHERE t1.empresa_id=_empresa_id INTO _total;
	
		END IF;
		
	
		
	ELSEIF _tipo=1 THEN
		IF _cliente = 0 THEN
			SELECT COUNT(t1.id) AS total FROM contribuyente AS t1 WHERE t1.clientw=0 AND  t1.tipo_contribuyente=_tipo AND t1.empresa_id=_empresa_id INTO _total;

		ELSEIF _cliente=1 then
			SELECT COUNT(t1.id) AS total FROM contribuyente AS t1 WHERE t1.clientw=1 AND  t1.tipo_contribuyente=_tipo  AND t1.empresa_id=_empresa_id INTO _total;
		ELSEIF _cliente=2 then
				SELECT COUNT(t1.id) AS total FROM contribuyente AS t1 WHERE t1.tipo_contribuyente=_tipo  AND t1.empresa_id=_empresa_id INTO _total;

		end if;
		
	ELSEIF _tipo=2 THEN
		IF _cliente = 0 THEN
			SELECT COUNT(t1.id) AS total FROM contribuyente AS t1  WHERE t1.clientw=0 AND t1.tipo_contribuyente=2  AND t1.empresa_id=_empresa_id INTO _total;

		ELSEIF _cliente=1 then
				SELECT COUNT(t1.id) AS total FROM contribuyente AS t1 WHERE t1.clientw=1 AND t1.tipo_contribuyente=2  AND t1.empresa_id=_empresa_id INTO _total;
		ELSEIF _cliente=2 then
				SELECT COUNT(t1.id) AS total FROM contribuyente AS t1 WHERE  t1.tipo_contribuyente=2  AND t1.empresa_id=_empresa_id INTO _total;

		END if;
		END IF;
	RETURN _total;
	
END//
DELIMITER ;

-- Volcando estructura para función pyaeve.FNC_DAME_CONTRIBUYENTE_EMPRESA_ID
DELIMITER //
CREATE DEFINER=`root`@`localhost` FUNCTION `FNC_DAME_CONTRIBUYENTE_EMPRESA_ID`(
	`_cont_id` INT
) RETURNS int(11)
BEGIN
	DECLARE ret INT(11);
	SELECT t1.empresa_id FROM contribuyente AS t1 WHERE t1.id=_cont_id INTO ret;
	RETURN ret;
END//
DELIMITER ;

-- Volcando estructura para función pyaeve.FNC_DAME_CONTRIBUYENTE_ID_FAMILIAR
DELIMITER //
CREATE DEFINER=`root`@`localhost` FUNCTION `FNC_DAME_CONTRIBUYENTE_ID_FAMILIAR`(
	`_id` INT
) RETURNS int(11)
BEGIN
	DECLARE ret INT(11);
	SELECT t1.cliente_id FROM familiares AS t1 WHERE t1.id  =_id INTO ret;   
	RETURN ret; 
END//
DELIMITER ;

-- Volcando estructura para función pyaeve.FNC_DAME_CONTRIBUYENTE_NOMBRE
DELIMITER //
CREATE DEFINER=`root`@`localhost` FUNCTION `FNC_DAME_CONTRIBUYENTE_NOMBRE`(
	`_id` INT
) RETURNS varchar(50) CHARSET utf8
BEGIN
	DECLARE ret VARCHAR(50);
	DECLARE tipo INT(11);
	-- traemos el tipo y comparamos
	SELECT t1.tipo_contribuyente FROM contribuyente AS t1 WHERE t1.id=_id INTO tipo;
	-- si es fisico
	IF tipo=1 THEN
		-- mostramos el nombre apellido concadenado del contriubuyebte
		SELECT t1.desc AS 'Contribuyente' FROM contribuyente AS t1 WHERE t1.id=_id INTO ret;
	-- si es juridico
	ELSEIF tipo=2 THEN
		-- mostramos la desc del  contriubuyebte
		SELECT t1.desc  AS 'Contribuyente' FROM contribuyente AS t1 WHERE t1.id=_id INTO ret;
	END IF;
	RETURN ret;
END//
DELIMITER ;

-- Volcando estructura para función pyaeve.FNC_DAME_CONTRIBUYENTE_TIPO
DELIMITER //
CREATE DEFINER=`root`@`localhost` FUNCTION `FNC_DAME_CONTRIBUYENTE_TIPO`(
	`_id` INT
) RETURNS varchar(50) CHARSET utf8
BEGIN
	DECLARE ret VARCHAR(50);
	DECLARE tipo INT(11);
	-- traemos el tipo y comparamos
	SELECT t1.tipo_contribuyente FROM contribuyente AS t1 WHERE t1.id=_id INTO tipo;
	-- si es fisico
	IF tipo=1 THEN
		SET ret='Fisico';
		-- si es juridico
	ELSEIF tipo=2 THEN
	 SET ret='Juridico';
	END IF;
	RETURN ret;
END//
DELIMITER ;

-- Volcando estructura para función pyaeve.FNC_DAME_EGRESO_TOTAL
DELIMITER //
CREATE DEFINER=`root`@`localhost` FUNCTION `FNC_DAME_EGRESO_TOTAL`(
	`_p` VARCHAR(50),
	`_c` INT
) RETURNS int(11)
BEGIN
	DECLARE ret INT(11);
	SELECT SUM(t1.egreso_monto_total) AS total 
	FROM libro_egreso AS t1
	WHERE t1.cliente_id = _c AND t1.periodo=_p 
	INTO ret;
	RETURN ret;
END//
DELIMITER ;

-- Volcando estructura para función pyaeve.FNC_DAME_EMPRESA_ID
DELIMITER //
CREATE DEFINER=`root`@`localhost` FUNCTION `FNC_DAME_EMPRESA_ID`(
	`_user` INT
) RETURNS int(11)
BEGIN
	DECLARE ret INT(11);
	SELECT t1.empresa_id 
	FROM empresa_usuario AS t1 
	WHERE t1.user_id = _user
	INTO ret;
	RETURN ret;
END//
DELIMITER ;

-- Volcando estructura para función pyaeve.FNC_DAME_EMPRESA_NOMBRE
DELIMITER //
CREATE DEFINER=`root`@`localhost` FUNCTION `FNC_DAME_EMPRESA_NOMBRE`() RETURNS varchar(50) CHARSET utf8
BEGIN
	DECLARE ret VARCHAR(50);
	SELECT t1.desc AS empresa 
	FROM empresas AS t1 
	WHERE t1.id=_empresa_id
	INTO ret;
	RETURN ret;
END//
DELIMITER ;

-- Volcando estructura para función pyaeve.FNC_DAME_INGRESO_TOTAL
DELIMITER //
CREATE DEFINER=`root`@`localhost` FUNCTION `FNC_DAME_INGRESO_TOTAL`(
	`_p` VARCHAR(50),
	`_c` INT
) RETURNS int(11)
BEGIN
	DECLARE ret INT(11);
	SELECT SUM(t1.ingreso_monto_total)  AS total 
	FROM libro_ingreso AS t1
	WHERE t1.cliente_id=_c AND t1.periodo=_p
	INTO ret;
	RETURN ret;
END//
DELIMITER ;

-- Volcando estructura para función pyaeve.FNC_DAME_REGIMEN_TEXTO
DELIMITER //
CREATE DEFINER=`root`@`localhost` FUNCTION `FNC_DAME_REGIMEN_TEXTO`(
	`_id` INT
) RETURNS varchar(255) CHARSET utf8
BEGIN
	DECLARE ret VARCHAR(255);
	SELECT t1.desc FROM regimen_matrimonial AS t1 WHERE t1.id=_id INTO ret;
	RETURN ret;
END//
DELIMITER ;

-- Volcando estructura para función pyaeve.FNC_DAME_ROL_NOMBRE
DELIMITER //
CREATE DEFINER=`root`@`localhost` FUNCTION `FNC_DAME_ROL_NOMBRE`(
	`_role_id` INT
) RETURNS varchar(60) CHARSET utf8
BEGIN
	DECLARE ret VARCHAR(50);
	SELECT t1.name FROM roles AS t1 WHERE t1.id=_role_id INTO ret;
	RETURN ret;
END//
DELIMITER ;

-- Volcando estructura para función pyaeve.FNC_DAME_RUC
DELIMITER //
CREATE DEFINER=`root`@`localhost` FUNCTION `FNC_DAME_RUC`(
	`_id` INT
) RETURNS varchar(50) CHARSET utf8
BEGIN
declare ret varchar(50);
select t1.tipo_doc_id_codigo FROM contribuyente as t1
	where t1.tipo_doc_id = 2 AND t1.id=_id
	into ret;
	return ret;
END//
DELIMITER ;

-- Volcando estructura para función pyaeve.FNC_DAME_SUBTIPO_EGRESO_TEXTO
DELIMITER //
CREATE DEFINER=`root`@`localhost` FUNCTION `FNC_DAME_SUBTIPO_EGRESO_TEXTO`(
	`_id` VARCHAR(50)
) RETURNS varchar(255) CHARSET utf8
BEGIN
	DECLARE ret VARCHAR(255);
	SELECT t1.desc FROM subtipo_egreso AS t1
	WHERE t1.codigo=_id
	INTO ret;
	RETURN ret;
END//
DELIMITER ;

-- Volcando estructura para función pyaeve.FNC_DAME_TIMBRADO
DELIMITER //
CREATE DEFINER=`root`@`localhost` FUNCTION `FNC_DAME_TIMBRADO`(
	`_id` INT
) RETURNS varchar(255) CHARSET utf8
BEGIN
declare ret VARCHAR(255);
SELECT t1.timbrado_codigo AS timbrado FROM contribuyente AS t1 WHERE t1.id=_id INTO ret;
RETURN ret;
END//
DELIMITER ;

-- Volcando estructura para función pyaeve.FNC_DAME_TIPO_DE_DOCUMENTACION
DELIMITER //
CREATE DEFINER=`root`@`localhost` FUNCTION `FNC_DAME_TIPO_DE_DOCUMENTACION`(
	`id` INT

) RETURNS varchar(50) CHARSET utf8
BEGIN
declare ret Varchar(50);
select t1.desc from tipo_doc_de_identificacion as t1
	where t1.id = id
	into ret;
	return ret;
END//
DELIMITER ;

-- Volcando estructura para función pyaeve.FNC_DAME_TIPO_DOC_EGRESO
DELIMITER //
CREATE DEFINER=`root`@`localhost` FUNCTION `FNC_DAME_TIPO_DOC_EGRESO`(
	`_id` INT
) RETURNS varchar(255) CHARSET utf8
BEGIN
	DECLARE ret VARCHAR(255);
	SELECT t1.desc FROM tipo_doc_egreso AS t1 WHERE t1.codigo=_id INTO ret;
	RETURN ret;
END//
DELIMITER ;

-- Volcando estructura para función pyaeve.FNC_DAME_TIPO_DOC_INGRESO
DELIMITER //
CREATE DEFINER=`root`@`localhost` FUNCTION `FNC_DAME_TIPO_DOC_INGRESO`(
	`_id` INT
) RETURNS varchar(255) CHARSET utf8
BEGIN
	DECLARE ret VARCHAR(255);
	SELECT t1.desc FROM tipo_doc_ingreso AS t1 WHERE t1.codigo=_id INTO ret;
	RETURN ret;
END//
DELIMITER ;

-- Volcando estructura para función pyaeve.FNC_DAME_TIPO_EGRESO_TEXTO
DELIMITER //
CREATE DEFINER=`root`@`localhost` FUNCTION `FNC_DAME_TIPO_EGRESO_TEXTO`(
	`_cod` VARCHAR(50)
) RETURNS varchar(255) CHARSET utf8
BEGIN
	DECLARE ret VARCHAR(255);
	SELECT t1.desc FROM tipo_egreso AS t1 WHERE t1.id=_cod INTO ret;
	RETURN ret;
END//
DELIMITER ;

-- Volcando estructura para función pyaeve.FNC_DAME_TIPO_INGRESO_TEXTO
DELIMITER //
CREATE DEFINER=`root`@`localhost` FUNCTION `FNC_DAME_TIPO_INGRESO_TEXTO`(
	`_cod` VARCHAR(50)
) RETURNS varchar(255) CHARSET utf8
BEGIN
	DECLARE ret VARCHAR(255);
	SELECT t1.desc FROM tipo_ingreso AS t1 WHERE t1.codigo=_cod INTO ret;
	RETURN ret;
END//
DELIMITER ;

-- Volcando estructura para función pyaeve.FNC_DAME_TOTAL_CLIENTES
DELIMITER //
CREATE DEFINER=`root`@`localhost` FUNCTION `FNC_DAME_TOTAL_CLIENTES`(
	`_empresa_id` INT,
	`_tipo` VARCHAR(50),
	`_reg` VARCHAR(50)
) RETURNS int(11)
BEGIN
	DECLARE _ret INT(11);
	set _ret=0;
	IF _tipo='Todos' OR _tipo='TODOS' OR _tipo='todos' THEN
			IF (_reg='Todos' OR _reg='TODOS' OR _reg='todos') THEN
				SELECT COUNT(*) AS total 
					FROM contribuyente AS t1
					WHERE t1.empresa_id=_empresa_id 
					and t1.cliente=1 
					INTO _ret;
			-- SINO
			ELSE
				SELECT COUNT(*) AS total 
					FROM contribuyente AS t1
					WHERE t1.empresa_id=_empresa_id AND t1.regimen=_reg
					and t1.cliente=1
					INTO _ret;
			END IF;
	ELSEIF _tipo='f' OR _tipo='F' OR _tipo='FISICO' OR _tipo='Fisico' THEN
			IF _reg='Todos' OR _reg='TODOS' OR _reg='todos' THEN
				SELECT COUNT(*) AS total 
					FROM contribuyente AS t1
					WHERE t1.empresa_id=_empresa_id AND 
							t1.cliente=1 AND t1.tipo_contribuyente=1
					INTO _ret;
			-- SINO 2
			ELSE
				SELECT COUNT(*) AS total 
					FROM contribuyente AS t1
					WHERE t1.empresa_id=_empresa_id AND
							t1.tipo_contribuyente=1 AND
							t1.cliente=1 AND
							t1.regimen=_reg
					INTO _ret;
			END IF;
	ELSEIF _tipo='j' OR _tipo='J' OR _tipo='JURIDICO' OR _tipo='Juridico' THEN
			IF _reg='Todos' OR _reg='TODOS' OR _reg='todos' THEN
				SELECT COUNT(*) AS total 
					FROM contribuyente AS t1
					WHERE t1.empresa_id=_empresa_id AND
							t1.cliente=1 AND t1.tipo_contribuyente=2
					INTO _ret;
			ELSE
				SELECT COUNT(*) AS total 
					FROM contribuyente AS t1
					WHERE t1.empresa_id=_empresa_id AND
							t1.tipo_contribuyente=2 AND
							t1.cliente=1 AND
							t1.regimen=_reg 
					INTO _ret;
			END IF;
	END IF;
	
	RETURN _ret;
	end//
DELIMITER ;

-- Volcando estructura para función pyaeve.FNC_DAME_ULTIMO_DIGITO_RUC
DELIMITER //
CREATE DEFINER=`root`@`localhost` FUNCTION `FNC_DAME_ULTIMO_DIGITO_RUC`(
	`_ruc` VARCHAR(50)
) RETURNS varchar(50) CHARSET utf8
BEGIN
	DECLARE ret VARCHAR(50);
	SELECT SUBSTRING(SPLIT_STR(_ruc, '-', 1),-1) INTO ret;
	RETURN ret;
END//
DELIMITER ;

-- Volcando estructura para función pyaeve.FNC_DAME_VENTAS_TOTAL
DELIMITER //
CREATE DEFINER=`root`@`localhost` FUNCTION `FNC_DAME_VENTAS_TOTAL`(
	`_empresa_id` INT,
	`_cliente_id` INT,
	`_f1` VARCHAR(50),
	`_f2` VARCHAR(50)
) RETURNS int(11)
BEGIN
DECLARE ret INT(11);
	SELECT SUM(t1.total)  AS total 
	FROM libro_ventas AS t1
	WHERE t1.cliente_id=_cliente_id AND t1.empresa_id =_empresa_id AND
	(t1.fecha BETWEEN _f1 AND _f2)
	INTO ret;
	RETURN ret;
END//
DELIMITER ;

-- Volcando estructura para función pyaeve.FNC_DAME_VINCULO_TEXTO
DELIMITER //
CREATE DEFINER=`root`@`localhost` FUNCTION `FNC_DAME_VINCULO_TEXTO`(
	`_id` INT
) RETURNS varchar(255) CHARSET utf8
BEGIN
	DECLARE ret VARCHAR(255);
	SELECT t1.desc FROM tipos_vinculo AS t1 WHERE t1.id=_id INTO ret;
	RETURN ret;
END//
DELIMITER ;

-- Volcando estructura para función pyaeve.SPLIT_STR
DELIMITER //
CREATE DEFINER=`root`@`localhost` FUNCTION `SPLIT_STR`(
	`str` TEXT,
	`delim` VARCHAR(50),
	`pos` INT
) RETURNS varchar(50) CHARSET utf8
    DETERMINISTIC
BEGIN 
    RETURN REPLACE(SUBSTRING(SUBSTRING_INDEX(str, delim, pos),
       LENGTH(SUBSTRING_INDEX(str, delim, pos -1)) + 1),
       delim, '');
END//
DELIMITER ;

/*!40101 SET SQL_MODE=IFNULL(@OLD_SQL_MODE, '') */;
/*!40014 SET FOREIGN_KEY_CHECKS=IF(@OLD_FOREIGN_KEY_CHECKS IS NULL, 1, @OLD_FOREIGN_KEY_CHECKS) */;
/*!40101 SET CHARACTER_SET_CLIENT=@OLD_CHARACTER_SET_CLIENT */;
